amount,transaction_hour,transactions_last_10min,failed_attempts,new_device,location_change,account_age_days,previous_chargebacks,ip_repeat_count,merchant_tx_per_min,failure_rate_5m,fraud
5013.82,20,2,1,0,0,282,0,1,2.0,4.96,0
1221.72,17,3,1,0,0,292,0,0,19.02,1.67,0
8006.22,6,3,0,0,1,381,0,0,32.42,8.38,0
9775.09,7,2,2,0,0,202,0,1,13.72,6.73,0
469.38,23,3,1,0,0,657,1,1,18.24,3.97,0
927.7,22,3,2,1,0,512,1,0,17.82,8.51,1
4164.0,16,1,3,1,0,202,0,3,19.26,5.29,0
2612.19,0,1,1,0,0,85,0,1,18.89,4.82,0
3577.28,5,1,0,0,0,1030,0,1,25.9,3.31,0
1486.68,8,2,0,1,0,626,0,1,14.88,1.82,0
9167.02,12,3,0,0,0,51,0,2,18.11,6.57,0
8239.39,20,3,1,0,0,1508,0,1,9.42,5.9,0
3902.34,20,2,0,0,0,728,0,0,13.55,3.79,0
11891.79,6,2,0,0,0,519,1,2,18.55,8.99,0
5948.44,2,2,2,0,0,224,0,0,20.75,6.36,0
1476.96,6,4,0,1,0,588,0,4,19.62,10.14,0
5362.51,5,3,0,1,0,87,0,0,18.47,1.65,0
1330.32,21,4,1,0,1,278,0,0,12.15,7.98,0
9157.91,0,1,2,0,0,783,0,1,17.25,11.19,0
3455.0,19,1,0,0,0,389,0,2,19.04,1.23,0
2998.58,15,0,1,1,0,631,1,1,20.28,3.07,0
1781.17,2,0,1,0,0,141,0,0,22.77,5.62,0
13143.31,16,3,0,1,0,225,0,0,15.67,0.65,0
3095.62,13,7,0,0,0,511,0,2,16.05,2.05,0
2322.17,0,3,0,0,0,589,0,3,23.47,2.4,0
2515.58,5,3,1,0,0,385,0,1,18.5,3.16,0
6367.26,8,2,0,1,0,501,0,0,15.18,3.41,0
5343.93,5,3,0,0,0,444,0,1,13.42,4.72,0
5615.97,13,1,0,1,0,299,0,4,24.4,4.57,0
5723.65,14,2,1,0,0,283,0,3,21.92,8.7,0
34500.53,4,3,0,0,0,427,0,1,15.82,10.6,0
2376.22,2,1,1,0,1,333,0,0,16.9,11.45,1
2126.31,15,6,0,0,0,662,1,1,20.38,6.31,0
1549.27,11,2,0,0,0,680,0,0,9.72,9.06,0
6951.96,6,3,3,0,0,361,0,0,29.31,6.82,0
11913.42,6,2,1,0,0,302,0,2,10.27,4.28,0
3230.38,0,4,4,1,0,552,0,0,26.17,4.6,1
1506.94,20,1,1,1,0,630,0,1,16.03,5.85,0
1531.95,20,3,0,0,0,45,0,3,23.03,6.82,0
7209.27,13,3,1,0,0,551,0,1,17.02,6.72,0
7945.94,8,3,1,0,0,945,0,1,11.68,4.94,0
6440.18,5,3,1,0,0,672,0,2,18.09,10.43,0
1810.24,7,5,1,0,0,411,0,1,22.29,4.15,0
4646.03,22,3,2,0,0,1247,0,3,24.35,5.87,0
4115.52,2,3,1,1,0,549,0,0,21.16,1.37,0
4580.77,19,1,2,0,0,299,0,1,15.55,3.59,0
9090.64,7,2,2,1,0,723,0,0,12.93,5.69,0
4604.44,6,2,0,0,0,370,0,0,10.92,3.2,0
7426.87,19,4,0,0,0,718,0,3,13.08,5.96,0
3908.69,23,3,1,1,0,478,0,2,27.41,7.05,0
4932.37,23,6,1,0,1,388,0,1,23.97,2.89,0
7064.61,6,2,0,0,0,465,0,5,10.5,20.92,1
788.38,14,4,0,1,0,240,0,1,4.9,1.53,0
2602.81,7,2,2,0,0,266,1,2,7.84,10.8,1
2221.88,4,5,1,0,0,584,0,2,17.27,1.75,0
1861.58,9,5,0,0,0,611,0,2,24.98,9.31,0
2727.39,1,2,0,0,0,938,0,1,22.84,2.69,0
17495.31,3,1,0,1,1,461,0,3,18.55,3.71,0
1466.86,14,5,0,0,0,553,0,1,10.09,13.01,0
10063.72,16,0,0,1,1,120,0,2,19.08,9.15,0
622.03,6,1,2,0,0,195,0,1,18.42,2.3,0
2561.56,13,4,0,0,0,335,0,1,22.17,7.88,0
4319.48,18,3,0,0,0,429,0,2,19.47,7.41,0
6738.1,21,2,0,0,0,226,0,0,5.11,9.09,0
7683.17,13,1,1,0,0,625,0,1,4.19,13.24,0
8375.07,5,0,1,0,0,381,1,3,20.27,8.59,0
2524.6,17,3,0,0,0,341,0,1,6.68,0.27,0
2240.67,4,3,2,0,0,538,0,0,18.13,4.74,0
8963.13,3,2,0,0,0,488,0,1,2.0,6.97,0
2978.37,8,1,0,0,0,308,0,2,21.85,9.42,0
953.87,7,3,0,0,0,545,0,1,26.32,3.55,0
1107.71,3,2,0,0,0,350,0,0,23.53,1.52,0
1386.55,1,5,3,1,0,412,1,1,18.69,10.71,1
6136.55,22,2,0,0,0,684,0,4,20.92,3.88,0
4228.27,16,2,1,0,1,719,0,2,13.19,3.91,0
7517.66,17,3,0,1,0,521,0,1,18.57,4.75,0
2324.79,1,4,0,0,0,469,0,3,10.58,9.52,0
4300.41,19,5,0,0,0,356,0,2,12.27,2.45,0
7022.47,8,2,0,0,0,281,1,2,23.29,2.23,0
2631.18,17,2,0,0,0,1315,0,2,19.21,6.5,0
5881.78,11,2,1,1,0,929,0,2,5.73,3.19,0
1817.06,5,2,0,1,0,323,1,3,18.97,3.39,0
2486.9,6,4,0,0,0,555,0,1,19.27,7.19,0
2438.59,3,2,0,0,0,688,0,1,21.86,25.0,1
1037.29,19,4,1,0,0,186,0,3,11.07,3.26,0
6071.26,10,3,0,0,0,415,0,0,17.06,5.72,0
2224.14,18,2,1,0,0,484,0,2,24.47,6.57,0
3689.03,19,3,0,0,0,1100,0,1,22.94,4.64,0
6031.7,4,2,2,0,0,449,0,1,12.13,4.97,0
5818.85,7,2,1,0,0,142,0,1,13.21,3.7,0
7322.11,2,3,1,0,0,729,0,0,18.93,2.45,0
3283.25,0,7,0,0,0,693,0,3,18.69,3.09,0
2334.46,23,3,1,0,1,410,0,0,17.57,8.46,0
3348.59,15,5,3,0,0,283,0,1,28.34,1.98,0
619.12,10,3,0,0,0,463,0,0,25.64,5.17,0
796.74,4,2,1,0,0,485,0,1,25.14,4.86,0
907.93,14,2,1,0,0,730,0,2,17.38,8.91,0
1277.79,13,4,2,0,0,377,1,3,16.99,8.2,1
5540.07,5,8,2,0,0,857,0,2,22.46,4.1,0
1407.04,0,5,1,1,0,277,0,2,17.01,5.37,0
2447.76,11,1,2,0,0,578,0,2,17.36,4.64,0
14245.41,12,2,0,1,0,183,0,2,13.31,16.53,1
2504.7,19,5,1,1,0,509,0,4,12.6,9.53,1
7898.21,9,2,0,1,0,246,0,1,16.8,8.19,0
1366.08,2,1,0,0,0,294,0,3,20.14,5.22,0
2934.49,21,3,1,1,1,210,0,3,26.21,3.18,0
1342.75,9,4,1,0,0,538,0,1,24.97,10.81,0
2550.42,17,5,1,0,0,283,0,1,12.02,4.58,0
8798.39,1,3,1,0,0,122,1,0,16.01,13.97,1
593.66,0,0,1,0,0,135,0,1,26.87,6.23,0
5745.34,0,1,0,0,0,967,0,1,23.46,2.21,0
4673.31,18,1,0,0,0,617,0,0,24.09,3.67,0
1951.09,5,3,0,1,1,233,0,3,11.78,3.37,0
797.63,18,3,2,0,0,58,0,3,19.42,5.82,0
3927.41,22,4,2,0,0,194,0,2,20.05,9.91,0
2088.15,15,3,0,0,0,539,0,2,19.51,4.7,0
4648.55,23,2,1,0,0,759,0,2,23.85,4.61,0
3725.46,22,4,1,0,0,1102,0,4,10.27,1.87,0
19572.25,17,2,0,0,0,444,0,0,15.67,9.77,0
2831.82,19,2,2,0,0,234,0,3,14.53,0.31,0
1243.06,14,0,1,0,0,156,0,1,25.94,1.3,0
4395.07,5,4,0,1,0,380,1,0,20.43,13.49,1
4587.07,2,2,0,1,0,74,0,0,24.0,1.54,0
15171.09,9,4,1,0,0,296,0,1,13.66,15.24,0
8750.51,11,1,1,0,0,728,0,0,9.34,1.16,0
5296.04,8,3,1,0,0,709,0,1,11.19,2.95,0
16923.66,2,2,0,1,0,239,0,2,25.48,8.39,0
1045.03,12,3,1,1,0,532,0,4,24.56,1.76,0
1859.87,11,2,1,0,0,506,0,0,20.99,5.01,0
1376.22,22,1,1,0,0,218,0,0,21.21,7.26,0
2418.01,22,1,0,0,0,453,0,0,17.59,6.11,0
857.89,14,4,0,0,0,95,0,2,14.48,4.0,0
7093.32,20,8,0,1,0,158,0,0,18.38,3.49,0
2883.23,7,1,0,0,0,493,0,6,8.41,0.73,0
777.17,23,3,1,0,0,94,0,2,15.3,6.71,0
1253.43,22,4,1,0,0,65,1,2,33.98,4.97,1
5060.34,3,2,0,0,0,607,0,4,17.55,25.0,1
8778.25,16,1,1,0,0,77,0,2,17.23,7.93,0
29630.73,10,4,2,1,0,213,0,1,20.59,9.95,1
77618.07,6,2,0,0,0,950,0,1,13.27,6.91,0
5625.86,9,3,1,0,0,144,0,1,11.51,12.05,0
1288.18,21,2,2,0,0,566,0,3,20.28,11.35,0
388.13,22,1,1,0,0,265,0,1,19.36,9.82,0
4822.74,8,4,1,0,0,388,0,2,15.57,1.7,0
1550.62,11,6,0,1,0,217,0,1,2.0,7.81,0
2354.01,12,1,2,0,0,644,0,4,31.95,3.86,0
1914.67,17,3,1,0,0,483,0,2,30.29,1.1,0
3140.6,11,0,0,0,0,600,0,2,26.71,6.1,0
11150.94,9,4,0,0,1,656,0,1,12.31,2.79,0
4293.69,22,0,0,1,0,582,0,3,12.21,2.58,0
3082.31,8,1,3,0,0,401,1,0,15.58,2.82,1
1227.29,6,1,3,0,0,416,0,1,13.3,9.75,0
627.4,7,3,1,1,0,212,0,1,5.12,7.1,0
2185.01,7,1,1,0,0,349,0,2,15.49,4.2,0
3441.04,13,3,2,0,0,528,0,1,17.79,25.0,1
23302.74,15,2,1,0,0,276,0,1,10.11,3.82,0
4174.66,3,2,2,0,0,342,0,3,19.04,1.44,0
10217.7,21,3,2,0,0,88,0,0,18.61,6.34,0
2155.42,6,0,1,0,0,197,0,0,24.66,10.26,0
1049.23,2,2,0,0,0,433,0,1,16.2,18.71,1
1321.64,16,2,1,0,0,403,0,3,29.78,6.63,0
1700.22,5,4,3,1,0,474,0,0,19.76,2.11,0
34026.44,18,5,1,0,0,1070,0,0,16.62,20.1,1
1536.93,22,3,0,0,0,405,0,3,27.15,7.81,0
8781.6,16,1,1,1,0,246,0,2,20.64,0.43,0
1410.82,18,1,0,0,0,388,0,0,14.82,2.7,0
9683.24,11,2,0,0,0,1523,2,1,18.15,2.45,0
5454.51,8,4,0,0,0,356,0,1,24.61,2.83,0
3088.78,14,3,0,0,0,59,0,1,20.69,7.72,0
3488.4,8,2,0,1,0,1315,0,0,21.37,6.63,0
1830.74,21,2,2,1,0,462,0,0,24.65,4.3,0
5816.05,11,2,2,0,0,232,0,1,12.17,8.41,0
2258.07,11,3,0,1,0,281,0,1,15.6,3.79,0
1005.37,16,5,0,0,0,208,0,1,21.95,2.58,0
951.62,4,4,0,1,0,108,0,0,27.66,2.93,0
4364.32,13,1,1,0,0,778,0,2,19.83,8.38,0
19111.51,18,1,0,0,0,643,0,1,25.59,3.46,0
4306.98,18,4,1,0,0,168,0,2,18.52,3.27,0
3214.51,5,5,1,0,0,288,0,1,23.84,8.49,0
4915.35,1,7,0,0,0,870,0,1,15.62,11.01,0
14347.08,4,0,0,0,0,177,0,1,24.32,3.0,0
4584.11,19,8,0,0,0,167,0,0,15.02,8.1,0
2364.98,6,3,0,0,0,732,0,0,21.86,4.81,0
11633.02,1,2,0,1,0,413,0,1,8.57,10.35,0
5711.26,14,4,1,0,0,1021,0,2,13.9,4.17,0
18261.38,21,3,2,0,0,631,0,3,21.8,8.93,0
4413.38,5,2,0,0,0,444,0,0,8.86,2.8,0
1006.57,1,0,0,0,0,141,0,2,10.24,14.28,0
865.61,3,1,0,0,0,1072,0,1,13.43,4.89,0
20608.82,3,5,3,0,0,798,0,0,14.78,5.44,1
22244.48,4,2,0,0,0,580,0,2,13.92,1.83,0
3015.45,4,2,1,0,0,769,0,0,13.5,6.31,0
2434.88,15,2,0,0,1,256,0,2,17.34,20.98,1
16890.67,5,0,0,0,0,312,0,0,20.61,4.82,0
1138.65,13,3,0,0,0,85,0,1,12.91,3.12,0
1423.02,9,3,0,0,1,453,0,1,24.77,6.63,0
7154.47,15,3,1,0,0,170,0,1,14.52,2.03,0
2405.86,15,5,1,0,0,254,0,3,20.63,3.7,0
3621.42,14,2,0,0,0,47,1,1,11.8,5.27,0
3066.78,21,3,0,0,0,887,0,0,11.44,7.29,0
5189.81,4,6,0,0,0,645,0,3,17.34,1.43,0
15960.24,12,4,1,0,0,82,0,0,8.02,0.46,0
4004.26,9,2,0,1,0,721,0,2,21.7,19.27,1
7159.07,12,1,1,1,0,256,0,2,14.76,8.3,0
422.98,3,1,0,0,0,142,0,0,23.21,9.5,0
3459.38,7,2,0,0,0,176,0,0,14.92,6.7,0
1502.08,22,2,0,0,0,462,0,1,22.34,13.58,0
1012.57,19,5,0,0,0,862,0,1,14.46,5.99,0
1448.0,10,2,2,0,1,83,0,0,24.32,2.01,0
2563.61,2,2,2,0,0,752,0,3,20.49,8.56,0
9525.21,15,2,1,0,0,276,0,0,19.6,6.34,0
904.41,7,0,1,0,0,557,0,3,24.98,0.72,0
3759.96,7,4,0,0,0,114,0,1,27.72,0.93,0
2189.92,2,5,1,0,0,201,0,3,26.48,3.25,0
2581.03,6,2,2,0,0,272,0,1,25.62,4.97,0
10434.74,5,4,2,0,0,202,0,0,21.88,7.3,0
6406.2,0,1,2,0,0,600,0,2,22.07,5.57,0
14827.93,14,5,0,0,0,317,1,0,20.44,3.81,0
3095.7,23,1,1,0,0,253,2,3,16.7,10.91,1
1753.31,3,1,0,1,0,437,0,1,20.8,2.32,0
2878.28,1,3,1,1,0,423,0,2,26.05,3.85,0
4696.73,2,5,0,0,0,422,0,3,19.54,1.61,0
4382.62,13,2,1,1,0,484,0,0,17.04,4.32,0
1166.07,19,4,1,0,0,1405,1,1,26.4,5.89,0
4003.86,7,2,0,1,0,162,0,1,9.25,1.65,0
4626.89,2,1,2,0,0,270,0,0,16.3,14.24,1
51192.47,2,2,1,0,1,456,0,4,18.99,2.19,0
26126.02,14,6,0,0,0,489,0,1,26.64,5.1,0
1486.37,8,1,2,0,0,199,0,0,10.38,12.78,1
2692.56,8,5,0,0,0,246,0,2,20.13,4.85,0
783.2,5,3,0,1,0,502,0,1,17.68,5.95,0
1958.15,21,1,0,0,0,340,0,1,14.28,4.38,0
5071.47,8,1,1,0,0,213,0,0,8.67,6.57,0
12915.02,16,3,0,1,1,640,0,2,24.64,10.94,0
1693.35,17,3,0,0,0,267,0,2,13.65,3.35,0
1831.97,1,3,1,0,0,479,0,0,28.47,4.64,0
381.97,5,2,1,1,0,300,0,1,18.71,4.14,0
3069.29,21,1,0,0,0,621,0,2,14.74,2.63,0
1193.28,21,3,0,0,0,166,0,3,16.53,0.98,0
2088.26,9,5,1,0,1,875,0,1,14.81,1.04,0
1449.97,3,3,1,0,0,1058,1,2,20.91,6.73,1
3297.84,7,2,0,0,0,126,0,1,19.49,4.28,0
575.01,22,3,0,1,0,635,0,0,17.77,1.59,0
780.24,16,2,0,0,0,407,0,1,25.46,15.52,0
34054.23,1,1,0,0,0,212,0,2,13.7,17.92,1
942.19,17,1,0,1,0,169,0,1,14.53,4.57,0
1150.99,3,2,0,0,0,233,0,0,20.22,7.52,0
25053.26,7,2,0,1,0,119,0,1,19.18,4.28,0
76904.57,11,4,0,0,0,305,0,1,25.66,3.83,0
1064.07,8,2,0,1,0,289,0,5,13.88,16.07,1
2473.37,16,1,1,1,0,311,0,2,20.18,7.96,0
5211.55,3,1,1,1,1,671,0,3,28.78,5.62,1
22362.32,21,4,2,0,0,241,0,1,14.8,9.93,1
1291.81,14,2,0,0,0,435,0,3,7.25,2.72,0
2814.27,7,3,1,0,0,225,0,0,20.24,7.92,0
8235.46,22,2,1,0,0,109,0,0,14.78,3.18,0
5747.41,11,3,1,0,0,244,0,2,27.15,1.81,0
2452.92,9,2,0,0,0,141,0,4,16.16,21.08,1
3163.66,0,4,3,0,0,632,0,0,16.2,3.38,0
859.51,23,2,0,0,0,608,0,1,25.29,8.89,0
2835.34,20,4,0,1,0,610,0,2,21.17,2.53,0
2752.58,4,0,0,0,0,527,0,1,8.92,0.41,0
4646.08,22,2,0,0,0,178,0,1,24.59,3.18,0
2032.27,19,0,0,0,0,245,0,0,23.63,5.1,0
5973.66,10,4,0,1,0,789,0,1,19.23,6.41,0
10544.41,22,0,1,0,0,925,0,0,15.36,9.93,0
4286.39,13,4,0,0,0,182,0,2,10.74,4.63,0
5267.67,16,2,0,0,0,130,0,0,22.35,6.02,0
3849.94,4,2,1,1,0,192,0,1,12.39,0.86,0
3641.27,2,3,1,0,0,643,0,0,17.39,2.19,0
1706.78,12,5,0,0,0,271,0,1,6.94,2.45,0
5076.2,7,6,1,0,1,390,0,2,14.3,2.9,0
3287.39,23,5,2,0,0,161,0,1,26.01,4.47,0
32788.29,2,6,0,0,0,386,0,2,21.38,3.71,0
18996.74,18,1,2,0,0,297,0,2,24.69,1.23,0
5459.64,14,4,0,0,0,574,0,1,15.65,11.49,0
1634.01,21,2,1,0,0,1348,0,3,21.85,4.38,0
1132.26,23,2,0,0,0,511,0,2,20.27,2.12,0
12717.07,20,5,1,0,0,69,0,2,4.08,10.68,0
4797.67,8,1,2,0,0,326,0,1,10.72,2.53,0
6027.88,16,3,0,0,0,443,0,3,12.96,4.58,0
583.0,3,7,1,0,0,1656,1,0,15.13,6.09,1
9641.29,11,3,0,0,0,171,0,4,19.58,4.79,0
5867.25,6,2,1,0,0,749,0,2,16.12,10.58,0
1134.61,6,4,0,0,0,479,0,0,16.49,5.32,0
2219.19,13,7,1,1,0,301,0,1,15.37,6.5,0
4802.55,3,3,0,0,0,1242,0,0,4.29,9.5,0
3847.16,13,4,2,0,0,1027,1,1,22.03,3.24,0
2679.06,9,2,0,1,1,240,0,2,12.46,4.04,0
3266.05,5,2,0,1,0,1174,0,1,14.56,4.29,0
2794.54,13,1,2,0,0,344,1,2,28.51,9.56,1
4273.51,18,1,1,0,0,236,0,1,18.41,3.05,0
17069.81,14,4,2,0,0,845,0,2,19.81,4.16,0
245.92,2,2,0,0,0,305,0,1,8.94,9.45,0
2839.28,13,5,2,0,0,600,0,2,14.37,13.11,1
4382.34,14,4,1,0,0,1294,0,3,8.08,8.77,0
4968.1,16,3,0,0,0,696,0,1,20.67,5.89,0
2463.87,10,2,1,0,0,153,0,2,23.28,1.4,0
575.62,2,4,1,1,0,706,0,0,19.45,9.52,1
5137.88,3,3,1,0,0,193,0,3,19.21,5.04,0
22330.7,7,7,0,1,0,179,0,1,27.03,7.05,0
727.38,15,3,0,1,0,343,0,0,12.96,3.88,0
9018.37,17,3,0,0,0,257,0,1,21.29,16.4,0
2578.72,16,2,1,1,1,759,0,0,14.29,3.42,0
3413.9,7,5,2,0,0,290,0,1,29.12,4.33,0
1205.27,10,4,2,0,0,341,0,2,17.73,2.88,0
2562.71,1,3,0,0,0,165,0,0,11.32,5.35,0
14257.62,19,3,0,1,0,439,0,1,22.61,1.89,0
6712.91,8,3,3,0,0,316,0,0,26.75,8.26,1
22447.34,12,4,1,0,0,694,0,2,20.64,1.86,0
12535.03,10,1,0,1,0,934,0,0,16.92,6.48,0
5773.54,6,3,0,0,0,657,0,0,22.42,2.72,0
22722.96,4,2,0,0,0,268,0,3,26.2,6.17,0
5772.97,22,1,2,1,0,452,0,1,11.26,3.52,0
8685.3,2,2,0,1,0,566,0,2,17.27,4.01,0
2666.71,22,3,0,0,0,261,0,0,5.91,4.96,0
3904.45,2,2,1,0,0,346,0,0,24.26,12.37,0
1750.58,2,1,1,1,0,347,0,2,6.96,7.11,0
10291.39,21,2,0,1,0,468,0,0,16.16,6.32,0
1056.57,22,2,1,0,0,542,0,3,16.46,4.66,0
8278.92,21,3,1,0,0,275,0,0,26.07,8.17,0
2980.41,18,0,0,0,1,153,0,0,25.35,1.04,0
12454.15,11,3,0,0,0,120,0,4,13.89,6.61,0
8009.73,2,1,0,0,0,438,0,2,20.37,3.64,0
24628.96,14,3,2,0,0,874,0,1,19.62,8.19,0
7842.5,12,4,2,0,0,114,0,0,15.26,6.07,0
698.8,17,3,3,0,0,226,0,2,14.52,4.08,0
3393.78,0,1,1,1,0,482,0,1,18.56,9.72,0
1063.58,1,4,0,0,0,948,0,1,14.58,7.7,0
2112.88,14,6,0,0,0,445,0,2,13.14,2.36,0
17797.08,20,4,0,0,0,56,0,3,16.47,2.99,0
7111.09,22,2,0,0,0,413,0,1,17.49,6.6,0
1747.82,13,1,0,1,0,376,0,1,25.61,6.58,0
1255.89,8,2,0,1,0,62,0,1,27.83,6.87,0
3768.46,11,2,0,0,0,1023,0,1,12.13,6.1,0
1014.97,12,2,1,0,0,57,0,0,17.27,7.93,0
1799.57,14,1,2,0,0,677,0,0,13.18,0.7,0
5052.36,5,3,0,0,0,239,0,1,2.0,2.26,0
12247.51,9,1,0,0,0,288,0,2,11.84,8.38,0
6899.47,12,2,1,0,0,91,0,0,10.07,1.87,0
328.37,20,1,1,0,0,216,1,1,9.31,1.86,0
5011.97,19,2,0,1,0,1197,0,2,13.68,5.7,0
3927.02,18,6,0,0,0,713,0,1,9.5,3.38,0
5622.8,5,3,1,0,0,226,0,0,16.14,3.46,0
19871.07,9,2,0,0,0,723,0,3,19.01,2.86,0
417.21,13,0,0,1,0,200,0,3,14.09,9.67,0
1957.34,23,3,1,0,0,282,0,1,9.93,1.97,0
6771.32,8,4,1,1,0,414,0,3,19.45,1.01,0
691.82,22,1,0,0,0,309,1,2,25.48,4.9,0
17149.88,17,2,0,0,1,583,0,2,15.76,5.63,0
5360.3,15,4,0,0,0,70,0,1,13.34,15.91,0
8856.56,16,2,0,0,0,83,0,0,23.05,3.1,0
1999.21,19,1,1,0,0,233,0,1,17.76,16.63,1
8556.55,16,5,0,0,0,257,0,0,23.72,10.42,0
11180.15,16,2,0,0,0,297,0,3,17.15,0.32,0
4649.53,9,3,1,0,0,110,0,0,9.27,1.77,0
4656.97,10,2,0,1,0,351,0,2,24.81,2.5,0
4836.08,14,6,0,0,0,298,0,1,10.18,0.66,0
1470.69,20,3,0,1,0,446,1,3,22.77,5.38,0
3118.46,15,1,0,0,0,214,0,2,17.28,2.05,0
3102.15,23,4,0,0,0,621,0,5,31.65,3.21,0
5445.6,16,3,0,0,0,413,0,4,14.9,11.66,0
10402.65,9,1,1,0,0,191,0,1,12.92,7.36,0
1198.15,13,2,1,0,0,267,0,2,16.89,7.38,0
3193.08,14,1,1,0,0,396,0,1,20.02,6.07,0
17249.33,20,5,0,0,0,771,0,3,18.11,17.87,1
1667.75,6,1,3,1,0,425,0,2,7.61,7.73,1
1535.54,5,1,0,0,0,345,0,3,27.77,7.23,0
4502.65,4,3,0,0,0,548,0,1,22.69,1.56,0
8836.13,1,4,0,0,0,392,0,1,19.3,5.63,0
3684.9,16,1,1,0,0,649,0,3,16.84,5.37,0
14697.15,23,1,2,1,0,361,0,3,21.2,7.59,0
8952.01,14,5,0,0,0,1109,1,2,12.61,8.32,0
8812.36,1,4,0,0,0,1218,0,0,16.8,12.61,0
6514.74,8,3,3,1,0,486,0,0,24.78,6.05,0
41941.7,21,0,0,0,0,1023,0,3,20.32,9.73,0
2935.34,1,6,3,1,0,52,1,2,12.03,10.76,1
444.21,14,4,0,0,0,166,0,3,23.8,3.49,0
19623.19,10,2,0,0,1,335,0,1,13.45,3.78,0
2251.64,22,5,0,1,0,648,0,2,19.13,14.29,1
4077.64,12,2,1,1,0,352,0,1,18.89,9.61,0
14400.64,13,2,1,0,0,279,0,3,19.88,3.03,0
676.97,17,3,0,0,0,103,0,1,23.81,1.74,0
978.26,19,1,0,0,0,314,0,3,8.49,12.39,0
677.67,12,4,0,0,0,307,0,2,13.13,6.31,0
1581.54,17,3,0,0,0,830,0,0,11.73,0.33,0
5776.88,19,1,1,0,0,322,0,1,11.47,2.67,0
6313.2,12,1,1,0,0,170,0,0,6.42,5.63,0
4866.29,17,6,1,0,0,544,0,2,19.91,4.35,0
826.0,8,4,0,0,0,194,0,3,2.69,1.21,0
321.95,8,2,1,0,0,291,0,0,12.92,9.19,0
3854.79,0,2,0,1,1,222,0,1,22.88,8.28,0
2218.61,16,2,0,0,0,202,0,2,28.85,6.59,0
5897.92,6,3,1,0,0,716,0,1,29.42,2.8,0
7608.73,19,5,1,1,0,152,0,1,23.78,7.06,0
4209.73,22,4,0,0,0,299,0,1,9.44,5.88,0
8088.02,21,3,1,0,0,319,0,1,19.15,6.38,0
4631.67,6,3,1,0,0,629,1,1,19.28,1.55,0
6352.27,15,5,2,0,1,133,0,2,4.83,5.2,1
1737.31,18,3,1,1,0,544,0,1,8.51,8.35,0
3015.16,12,3,0,0,0,356,0,2,32.15,1.68,0
4476.58,12,1,2,1,0,363,0,1,6.91,25.0,1
8617.54,10,4,0,0,0,520,0,1,18.3,8.75,0
2408.05,7,2,0,0,0,113,0,1,32.76,1.23,0
6293.2,13,2,0,0,0,382,0,2,15.0,3.26,0
2754.16,23,2,2,0,0,26,0,0,28.11,2.09,0
3218.21,5,1,3,0,0,667,0,2,16.84,4.75,0
8699.28,1,3,0,0,0,543,0,1,10.76,3.14,0
449.12,1,2,1,0,0,140,0,1,19.03,5.79,0
933.28,13,1,2,0,0,169,1,2,11.32,22.75,1
767.94,6,1,0,0,0,316,0,3,17.04,2.04,0
314.1,11,4,0,0,0,1060,0,1,16.0,7.57,0
1786.16,22,3,0,0,0,218,0,0,24.52,4.67,0
7997.67,1,2,0,1,0,445,0,1,18.41,4.72,0
2699.63,4,1,2,1,0,207,0,1,23.13,7.56,1
4481.35,5,3,1,0,0,282,0,0,18.58,0.29,0
11426.36,10,6,0,1,0,177,0,1,21.11,8.47,0
14677.49,16,6,0,0,0,882,0,1,17.19,4.19,0
3386.0,4,2,1,0,0,587,0,1,13.89,8.19,0
15082.12,2,3,3,0,0,335,0,2,20.39,3.35,0
4010.75,2,1,0,1,0,277,0,2,17.83,4.8,0
1511.31,19,2,0,0,1,113,0,0,17.89,7.43,0
1950.58,0,2,0,1,0,133,0,0,21.95,4.51,0
769.27,15,2,2,0,0,809,1,2,12.97,2.97,0
1432.91,13,9,0,0,0,292,0,0,10.9,5.12,0
2500.09,2,4,0,0,1,885,0,2,8.63,10.55,0
8465.58,13,3,0,0,0,309,0,0,14.32,5.8,0
22176.94,6,1,0,1,0,58,0,0,12.58,7.48,0
852.96,12,1,0,0,0,329,0,0,15.75,13.67,0
5499.81,3,0,0,0,0,460,0,1,8.74,1.07,0
1221.0,16,3,0,0,0,169,0,1,18.44,11.93,0
5993.51,19,5,0,0,1,447,0,0,16.68,3.73,0
3172.77,0,4,0,0,0,185,0,1,22.97,8.85,0
532.48,12,2,0,0,0,389,0,1,29.23,3.88,0
9649.99,15,4,0,0,0,883,0,1,26.11,2.69,0
1928.99,0,1,0,1,0,365,0,1,9.45,9.61,0
2078.51,17,4,1,0,0,561,0,0,7.14,0.88,0
1184.13,13,2,0,0,0,639,0,1,13.94,18.52,0
1831.71,7,7,0,0,0,447,0,2,17.19,0.7,0
5706.07,11,7,0,0,0,589,0,0,19.9,2.57,0
2984.82,16,4,2,1,1,443,1,0,17.58,1.37,1
5141.47,15,5,0,0,0,392,0,3,15.84,2.08,0
5324.2,18,4,1,0,0,452,0,1,15.31,7.35,0
14569.63,0,4,1,0,0,421,0,0,20.48,2.4,0
2540.39,18,3,1,0,0,631,1,0,14.54,7.01,0
772.24,0,3,0,0,0,501,0,0,12.06,3.75,0
11165.5,15,2,0,0,0,416,1,3,17.24,7.9,0
2570.71,8,2,2,1,0,141,0,1,24.36,4.39,0
11734.89,1,2,0,0,0,514,0,0,19.08,8.06,0
5445.51,16,3,1,0,0,235,0,2,21.17,4.7,0
3172.6,13,3,0,0,0,924,0,2,16.81,2.15,0
5251.21,15,3,0,0,0,56,0,1,15.76,3.75,0
28241.93,9,3,1,0,0,147,0,0,16.58,4.01,0
32235.69,6,1,2,0,0,82,0,1,30.83,16.82,1
3916.09,14,3,2,0,0,195,0,2,22.25,10.24,0
4307.88,5,2,0,0,0,228,0,0,31.58,5.45,0
11271.72,19,3,0,0,1,349,0,3,26.49,2.91,0
1498.25,16,4,2,0,0,348,0,2,27.38,13.89,1
5165.33,23,0,2,1,0,436,0,0,23.56,3.29,0
3543.41,0,2,0,0,0,394,0,2,18.65,3.79,0
5062.44,14,7,1,0,0,432,0,1,19.93,8.89,0
1517.72,13,1,3,0,0,159,0,0,22.53,3.97,0
686.05,20,2,0,0,0,200,0,2,10.4,5.0,0
412.97,10,2,0,0,0,449,0,0,15.28,6.07,0
1126.36,22,2,0,0,0,251,0,1,6.68,2.7,0
2249.34,5,1,1,0,0,334,0,2,15.46,7.83,0
2676.19,20,4,0,1,0,138,0,1,22.22,5.27,0
27836.2,12,2,0,0,0,1012,0,3,22.19,12.04,0
11629.42,22,1,0,0,0,330,0,1,13.47,10.44,0
1325.84,5,2,1,0,1,721,0,1,11.8,7.17,0
5245.33,6,3,1,1,0,98,0,1,17.01,6.11,0
2374.56,13,5,1,0,0,518,0,0,20.15,7.01,0
2701.11,13,3,2,0,1,675,0,2,26.46,3.03,0
4423.08,3,3,0,0,0,261,0,4,21.64,7.51,0
6975.29,15,2,1,0,0,130,0,0,12.29,14.61,0
2549.82,9,5,0,0,0,428,0,5,8.67,4.51,0
11126.05,3,5,0,0,0,246,0,0,20.65,4.28,0
1097.69,12,2,0,0,1,606,0,2,20.93,4.92,0
3665.27,16,1,0,1,0,685,0,2,21.31,7.66,0
55690.09,0,1,0,0,0,72,0,1,16.36,7.28,0
4601.94,22,3,0,0,0,155,0,1,21.98,3.91,0
16397.35,14,5,0,0,0,119,0,0,15.24,1.51,0
4008.19,6,1,0,0,1,55,0,1,14.34,0.85,0
6699.69,18,4,0,0,0,1009,0,0,22.67,4.58,0
3430.21,20,4,0,1,0,14,0,2,21.66,3.4,0
3044.44,22,4,1,0,0,1166,0,1,12.85,1.92,0
1606.07,18,1,1,0,1,722,0,1,22.1,4.41,0
5720.53,4,3,0,0,0,103,0,0,8.92,1.68,0
1489.04,3,3,0,0,0,237,0,0,17.35,1.58,0
7323.65,5,2,1,0,0,575,0,2,32.17,10.88,0
11379.3,21,3,0,1,0,526,0,0,8.75,5.43,0
5350.03,7,7,2,0,0,637,1,4,9.31,7.17,1
2695.77,7,3,1,0,0,325,0,5,8.74,3.83,0
5864.45,21,2,1,0,0,329,1,2,25.08,1.45,0
2633.04,4,1,1,0,0,230,0,3,23.4,11.76,0
9723.73,9,5,2,0,0,422,0,2,10.92,4.05,0
532.2,7,4,0,0,1,87,0,3,14.04,1.12,0
2559.62,7,3,0,0,0,690,0,1,14.44,8.84,0
450.18,14,4,1,1,0,518,0,2,31.15,2.31,0
757.62,17,2,1,0,0,632,0,0,22.4,9.06,0
15245.74,6,1,0,0,1,77,0,2,10.29,15.64,1
9320.25,0,2,3,0,0,981,0,1,16.36,9.16,1
1710.51,15,2,3,0,0,25,0,1,24.98,6.46,0
751.73,13,2,1,0,0,450,0,0,22.04,2.45,0
161.94,15,1,1,0,0,171,0,5,14.52,7.5,0
2057.67,10,2,1,0,0,352,0,6,18.27,5.03,0
46232.38,18,3,4,0,1,586,0,1,18.34,4.41,1
5748.12,14,2,2,0,0,1165,2,2,20.28,13.84,1
2023.23,18,0,1,0,0,426,0,0,27.72,2.79,0
5933.29,17,2,0,0,0,372,0,0,19.44,1.08,0
706.97,11,4,0,0,0,481,0,1,12.68,3.54,0
2664.6,7,4,1,0,0,420,0,0,18.38,2.75,0
4041.82,13,1,0,0,0,585,0,1,18.25,7.97,0
3326.23,15,7,1,0,0,242,0,2,16.31,14.86,1
8352.75,13,2,1,0,0,455,0,0,16.14,1.07,0
5228.49,12,3,1,0,0,364,1,2,22.68,8.17,1
7344.76,8,0,0,1,0,501,0,3,20.78,0.31,0
1767.3,3,3,1,0,0,382,0,3,11.14,20.4,1
9346.02,10,2,0,0,0,197,0,1,17.84,1.02,0
20138.4,21,3,1,0,0,1108,1,1,24.38,6.8,0
1314.67,17,2,1,0,0,625,0,0,25.29,4.15,0
1433.56,18,4,1,0,0,420,0,0,18.14,9.71,0
14802.83,17,3,1,0,0,490,0,0,8.44,2.62,0
2978.24,22,2,0,0,0,291,0,3,18.5,8.6,0
15899.02,5,2,0,0,0,732,0,2,22.51,6.2,0
2287.78,17,2,1,0,0,240,0,3,17.13,8.53,0
16777.56,1,3,0,0,0,269,0,0,23.61,9.49,0
4179.97,5,4,1,1,0,1128,0,0,14.58,1.69,0
4774.96,0,1,0,0,0,96,0,0,18.92,2.41,0
18825.24,10,4,0,0,0,379,0,1,23.11,6.29,0
2490.26,3,5,1,0,0,472,0,0,19.83,6.04,0
1355.36,9,2,1,0,1,668,0,0,22.62,8.97,0
2273.34,3,4,1,0,0,284,0,1,5.77,2.11,0
5854.41,0,1,2,0,0,486,0,0,9.46,9.07,0
703.42,11,2,1,0,0,424,0,0,22.14,12.47,0
7110.62,9,4,1,0,0,308,0,1,19.33,2.6,0
2067.9,10,3,0,0,0,331,0,3,7.48,10.3,0
12151.44,8,6,0,0,0,247,0,1,21.01,1.06,0
294.72,9,1,0,1,0,197,1,0,16.95,11.85,1
1594.17,0,4,0,0,0,285,0,1,13.47,3.52,0
619.68,11,1,0,0,0,328,0,1,18.3,11.22,0
1529.14,20,4,2,0,1,425,0,1,17.99,10.79,1
4722.29,3,1,0,0,0,415,0,2,11.57,2.26,0
3016.38,3,2,0,0,0,305,0,1,11.81,10.14,0
2790.44,18,2,1,0,0,553,0,1,19.51,2.11,0
3080.53,12,3,0,0,1,38,0,1,7.15,16.8,1
4507.77,6,3,1,0,0,144,0,0,21.4,0.9,0
1262.74,18,1,1,1,0,259,0,3,4.34,1.29,0
7647.94,7,0,2,0,0,1068,0,1,16.24,6.3,0
7301.24,14,0,2,0,0,494,0,4,16.83,4.76,0
5455.01,13,1,1,0,0,363,0,2,12.84,10.57,0
6531.29,4,2,0,0,0,284,0,2,18.19,1.23,0
4970.32,18,1,1,0,0,1020,0,3,14.36,4.53,0
30847.99,14,2,0,0,0,660,0,2,12.43,2.38,0
3322.76,5,0,2,0,0,445,0,1,16.29,2.36,0
2637.44,18,8,1,1,0,631,1,0,25.76,6.12,1
1650.44,14,1,1,0,0,317,0,0,17.06,5.8,0
1231.67,20,1,0,0,1,54,0,2,14.48,0.73,0
985.65,19,1,0,0,0,100,0,1,18.56,5.11,0
1431.91,7,2,0,0,0,489,0,1,17.41,12.53,0
3380.52,22,5,0,0,0,185,1,1,15.96,2.58,0
5171.97,0,2,0,0,0,710,0,1,25.01,11.09,0
3841.81,8,2,0,1,1,35,0,0,32.49,7.98,0
1629.76,14,3,0,0,0,330,0,3,26.39,0.47,0
9369.3,12,4,1,0,0,410,1,2,29.25,2.78,0
7913.96,5,5,0,0,0,183,0,1,11.29,6.3,0
3079.03,4,4,0,0,0,518,0,3,13.08,4.53,0
1834.34,18,5,3,0,0,299,0,2,27.06,9.14,1
6475.94,21,0,1,0,0,451,0,1,15.49,6.3,0
4435.4,16,3,0,0,0,403,0,0,21.75,11.03,0
795.89,12,1,1,0,0,527,0,3,15.94,12.9,0
3390.12,18,2,2,0,1,650,0,0,21.59,4.87,0
4794.08,5,7,0,0,0,647,0,2,18.51,4.04,0
1415.62,23,4,0,0,0,117,0,0,10.73,5.5,0
4444.11,2,2,1,0,0,87,0,0,17.79,5.75,0
790.32,14,2,1,0,0,1361,0,0,9.65,3.27,0
14809.07,8,4,0,0,0,269,0,0,23.78,16.29,1
13498.68,21,5,2,0,0,92,0,2,20.51,3.3,0
2792.96,5,2,2,0,0,124,0,1,17.18,1.52,0
5332.78,15,2,2,0,1,179,0,1,18.52,17.21,1
289.91,3,3,1,0,0,227,0,0,18.61,14.53,0
1081.21,4,0,0,1,0,184,0,1,19.19,11.94,0
2674.54,9,1,0,0,0,182,0,2,6.62,0.14,0
1181.17,19,2,2,1,0,359,0,1,15.81,4.51,0
7708.79,6,2,1,0,0,565,0,0,11.06,1.37,0
29648.34,16,5,0,0,1,611,0,3,14.22,0.52,0
1058.44,13,0,3,0,0,162,1,0,22.1,4.71,1
1511.21,23,3,0,0,0,540,1,0,30.7,14.34,1
4662.1,7,3,0,1,1,593,0,0,15.63,5.63,0
19765.08,5,3,1,0,0,596,0,1,18.8,16.7,1
1008.79,21,2,2,0,0,165,0,1,23.8,6.96,0
4729.09,7,2,1,0,0,111,0,0,24.74,3.58,0
24645.85,5,3,1,0,0,519,0,1,16.02,4.38,0
642.68,19,2,0,0,0,284,0,1,23.95,2.65,0
948.5,19,1,0,0,0,234,0,2,25.42,6.48,0
2333.71,1,4,1,0,1,136,0,0,23.95,7.1,0
2107.76,20,2,1,1,0,59,1,1,11.46,3.13,0
8546.11,15,1,0,0,0,129,0,0,16.99,14.28,0
4692.6,6,3,1,0,0,192,0,3,18.64,3.48,0
564.7,12,4,0,0,0,119,1,1,21.86,6.33,0
6255.28,5,1,2,0,0,434,0,0,20.96,5.39,0
1985.42,4,2,0,0,0,135,0,1,21.69,1.49,0
13879.52,3,5,1,1,1,39,0,1,15.58,3.15,0
1883.78,3,3,0,0,0,693,3,1,5.13,7.77,1
1866.0,13,2,0,0,0,283,0,5,16.32,1.94,0
6426.52,19,1,0,1,0,542,0,0,19.85,13.49,0
8111.78,11,5,0,1,0,517,0,0,31.36,12.94,1
5828.44,0,3,1,0,0,141,0,2,19.12,8.87,0
620.25,10,5,1,0,0,164,0,4,13.48,1.71,0
6405.65,17,5,0,1,0,343,0,3,27.91,5.03,0
1229.03,20,3,1,1,0,72,0,1,20.06,6.77,0
4661.25,17,3,2,0,0,140,0,1,28.22,6.4,0
816.54,8,2,0,0,1,223,0,2,17.93,3.53,0
5817.57,15,2,1,0,0,356,0,1,23.84,3.12,0
1560.98,1,1,1,0,0,104,2,0,18.37,3.82,1
946.94,9,4,0,0,0,691,0,1,22.61,2.0,0
7704.12,12,5,0,0,0,279,0,2,18.92,3.99,0
4692.53,0,1,1,0,1,169,0,1,9.67,5.1,0
1910.89,0,2,1,0,0,744,0,1,23.64,1.21,0
16709.59,19,2,0,0,0,183,0,0,14.87,3.53,0
2292.31,5,3,1,0,0,179,2,1,19.94,6.01,1
3765.79,3,0,0,0,0,404,0,1,24.41,4.32,0
4828.83,14,3,0,0,0,19,0,1,9.02,8.64,0
1899.51,6,3,0,0,0,209,0,2,23.0,1.16,0
5971.14,23,0,0,0,0,499,0,0,22.69,6.15,0
2079.48,22,4,0,0,0,189,0,3,20.25,2.35,0
2363.22,19,2,1,1,0,555,0,0,21.33,3.37,0
15226.23,7,2,0,1,1,289,0,3,19.01,6.41,0
1220.95,21,3,1,0,0,553,0,0,14.5,2.6,0
289.04,6,3,0,0,0,409,0,0,11.15,3.37,0
19761.36,5,3,0,0,0,566,0,3,27.27,9.71,0
52933.64,23,0,0,0,0,111,0,1,20.21,5.58,0
2379.08,16,3,0,0,0,460,0,1,13.92,5.38,0
476.43,2,3,1,0,0,270,0,2,23.73,1.48,0
2628.04,21,5,1,0,0,333,0,1,18.42,6.88,0
2695.84,3,4,0,0,0,59,0,1,22.68,5.42,0
2982.69,16,2,1,0,0,730,0,1,16.33,9.19,0
1131.1,10,4,0,1,1,490,1,1,17.76,3.78,1
6691.14,0,1,0,0,0,173,0,1,6.77,11.0,0
6315.31,18,3,0,1,0,125,0,1,11.77,0.71,0
758.14,16,6,1,0,1,951,0,2,19.47,3.64,0
7586.73,21,0,0,0,1,155,0,1,12.15,6.24,0
31423.75,14,0,1,1,0,710,0,1,14.53,9.11,0
4361.44,18,2,0,0,0,400,0,4,17.51,10.67,0
2555.0,21,3,0,0,0,363,0,2,15.93,1.32,0
3136.61,23,7,1,1,0,263,0,1,19.39,4.33,0
6946.68,13,2,0,0,0,109,0,0,19.72,6.89,0
591.58,0,6,0,0,0,612,1,1,22.32,16.31,1
4326.92,8,1,2,0,0,334,0,3,25.07,12.73,1
2416.35,14,3,1,0,0,202,0,2,19.69,0.91,0
25341.95,2,6,0,0,0,405,0,3,20.11,11.65,1
3032.43,2,1,0,0,1,338,0,1,23.2,4.98,0
20979.1,9,1,1,1,1,271,0,0,15.26,6.55,0
1142.61,21,3,2,0,0,1079,0,1,8.69,0.59,0
6745.44,7,3,0,1,0,601,0,0,17.21,13.19,0
5091.72,22,5,1,0,0,172,0,4,20.8,4.91,0
1461.91,19,2,0,1,0,201,0,2,13.65,4.12,0
4386.41,7,2,0,1,0,182,0,1,8.82,7.23,0
13005.72,5,3,2,0,0,1291,0,3,8.43,4.55,0
2591.57,19,4,1,1,1,768,0,2,21.88,5.69,0
616.12,18,7,0,0,0,615,0,0,25.32,5.15,0
3574.42,15,4,0,1,0,606,1,0,31.48,1.09,0
1411.57,23,0,0,1,0,928,0,0,23.3,4.12,0
2541.58,2,2,0,0,0,185,0,2,19.39,3.87,0
3342.03,9,4,2,0,0,151,2,0,17.8,8.75,1
607.33,14,2,0,0,0,336,1,2,13.81,5.04,0
667.51,1,4,1,1,0,1054,0,2,21.86,4.62,0
6040.07,23,2,2,0,0,528,0,0,19.38,11.09,0
2103.05,13,2,0,0,0,293,0,1,24.71,5.51,0
246.42,7,6,2,0,0,236,0,3,10.72,3.05,0
8300.63,5,1,2,0,0,389,0,2,17.38,12.89,1
4846.38,0,1,0,0,1,281,0,3,13.42,2.79,0
1720.61,14,3,0,0,0,109,0,1,32.27,0.61,0
913.54,23,2,0,0,0,205,0,0,23.38,9.83,0
8756.91,0,1,0,0,0,21,0,1,16.3,25.0,1
5254.38,9,7,0,1,0,713,0,1,16.03,6.02,0
44432.76,15,3,0,0,0,591,0,3,16.59,13.4,0
5660.11,10,3,0,0,0,1086,0,0,25.38,0.48,0
5470.3,15,4,1,1,0,894,1,3,18.93,10.64,1
3055.58,17,10,0,1,0,1077,1,2,14.89,8.54,1
8583.65,23,3,0,0,0,168,0,1,18.55,4.73,0
7018.74,14,3,1,0,0,242,0,1,13.32,6.32,0
13552.3,17,2,1,0,0,186,0,2,12.14,4.55,0
2106.14,7,0,0,1,0,308,0,2,15.4,2.31,0
2304.97,3,2,1,0,1,983,0,2,17.45,10.17,1
2201.6,2,4,0,0,0,529,0,0,9.24,7.47,0
8352.71,2,1,1,0,0,96,1,2,16.58,10.92,1
17558.5,19,1,0,0,0,1066,1,3,18.44,2.05,0
2248.95,0,2,2,0,0,802,0,0,24.69,3.92,0
2330.85,11,4,0,0,0,641,0,1,32.71,0.29,0
5063.34,14,1,1,0,0,272,0,0,14.63,5.04,0
2812.84,16,0,2,0,0,220,0,1,25.65,5.56,0
9893.73,1,2,2,0,0,229,0,0,14.83,1.77,0
342.28,20,3,0,0,0,40,0,5,25.66,6.45,0
1528.37,10,3,1,0,0,68,0,3,17.09,5.57,0
1601.13,0,1,1,0,0,643,0,1,21.57,6.95,0
318.5,3,3,0,1,0,472,0,1,23.8,3.68,0
1323.69,20,3,2,0,0,434,0,0,13.45,12.57,1
1392.82,22,2,0,0,0,267,0,0,12.34,6.36,0
2947.88,18,1,0,0,0,372,0,1,11.98,1.86,0
11714.87,8,1,0,0,0,178,0,1,9.47,2.78,0
2814.91,22,1,1,0,1,163,0,0,34.3,15.19,1
1233.54,6,1,1,0,0,296,0,1,18.08,6.43,0
3429.6,5,0,0,0,0,658,0,3,14.27,5.37,0
10955.89,18,2,0,0,0,476,0,1,20.86,8.45,0
1306.68,7,5,0,0,0,280,0,3,15.0,8.57,0
1399.54,12,0,3,0,0,349,0,2,4.63,2.74,0
6545.13,15,0,0,0,0,166,0,2,14.74,7.95,0
2885.31,3,2,2,1,0,376,0,1,22.03,3.46,0
7185.78,22,6,0,0,0,283,0,2,14.43,5.71,0
3589.15,3,6,0,1,0,748,0,1,12.29,2.71,0
7606.41,23,2,0,0,0,778,0,3,15.32,0.31,0
1228.03,6,3,0,0,0,358,2,1,19.15,4.86,0
3595.04,10,1,0,0,0,505,0,2,29.7,4.07,0
2918.36,6,2,0,1,0,423,0,2,21.04,3.91,0
1015.68,12,2,1,0,0,56,1,2,15.33,3.16,0
705.11,0,1,1,0,0,720,0,2,18.16,2.69,0
7480.36,4,1,1,1,0,646,0,3,13.57,9.61,0
2518.7,12,0,1,0,0,107,0,3,24.33,5.98,0
1244.65,16,3,0,0,0,618,0,1,18.99,6.98,0
3291.22,23,3,1,0,0,92,0,2,16.28,10.76,0
11901.5,20,2,0,0,0,217,0,2,19.37,1.52,0
332.03,22,1,2,0,0,784,0,0,21.21,3.84,0
756.37,19,2,0,0,0,613,0,3,10.24,11.9,0
1381.56,18,1,0,0,0,315,0,2,13.03,3.9,0
16885.96,8,2,1,0,0,170,0,1,13.47,3.91,0
4898.66,21,4,0,0,1,499,0,2,22.93,10.78,0
8149.27,23,1,2,0,0,314,0,1,22.59,4.28,0
1099.74,12,2,1,0,0,141,0,1,20.87,8.36,0
1123.82,2,2,0,0,1,550,1,2,10.23,6.4,1
5826.69,1,2,0,1,0,292,0,3,26.78,5.95,0
3870.69,11,2,0,0,0,138,0,1,20.26,7.97,0
6478.06,15,2,2,0,0,996,0,0,12.86,5.33,0
2989.75,13,5,1,0,1,1476,0,0,14.46,1.66,0
4875.86,21,1,3,0,0,624,0,2,12.21,10.75,1
4298.52,12,2,0,0,0,395,0,0,22.66,1.62,0
8239.18,15,4,1,1,1,377,0,0,9.16,0.99,0
8496.07,18,2,0,0,0,393,0,2,20.32,16.28,0
664.57,21,3,1,1,0,176,0,1,21.38,4.7,0
343.91,14,2,1,0,0,358,0,2,16.16,3.44,0
10423.65,13,7,2,1,0,230,0,1,21.46,6.81,1
12671.51,1,8,0,0,0,582,0,2,31.9,8.4,1
1246.81,15,1,0,0,0,46,0,0,7.99,4.1,0
516.55,4,2,0,1,0,453,0,3,18.68,7.25,0
4039.95,8,1,0,1,0,344,1,0,5.34,3.12,0
9675.77,12,2,0,0,0,992,0,1,2.98,4.97,0
24040.0,1,3,0,0,0,587,0,2,13.55,3.72,0
6261.11,16,5,1,0,0,338,0,1,14.35,9.05,0
2464.38,6,3,1,0,0,367,0,1,24.78,0.93,0
1425.41,12,4,2,0,0,650,0,2,23.06,3.12,0
3684.99,8,4,0,0,0,281,0,1,10.72,9.9,0
2659.18,8,3,0,0,0,618,0,1,22.0,19.82,1
1254.11,9,3,0,0,0,405,0,2,21.11,1.77,0
31294.37,1,8,0,0,0,255,0,2,26.39,11.89,1
23728.37,4,2,0,0,0,161,0,0,27.38,3.42,0
12002.27,18,5,0,0,0,265,0,2,22.51,4.46,0
1384.52,2,2,0,0,0,321,1,3,13.96,0.3,0
8935.35,11,2,1,0,0,166,0,0,10.64,8.76,0
7126.73,3,5,1,0,0,336,0,1,13.18,8.77,0
5794.55,12,3,1,1,0,420,0,1,22.14,13.75,1
13523.02,15,5,1,0,0,87,0,1,23.14,6.96,0
7094.96,11,2,0,0,0,377,0,0,15.83,5.38,0
7918.96,18,2,0,1,0,1580,0,2,11.39,0.22,0
7106.4,6,0,2,0,0,438,0,0,19.4,1.53,0
5207.37,13,3,0,0,1,310,0,2,20.92,8.3,0
559.59,6,3,2,0,0,71,1,2,13.52,6.58,1
3975.09,12,2,0,0,0,483,0,2,14.21,8.12,0
2030.42,1,5,1,0,0,991,0,2,21.49,6.4,0
949.72,6,1,0,0,0,116,1,0,15.83,2.87,0
21288.18,16,5,2,0,0,156,0,2,9.19,9.61,1
22369.31,18,1,0,0,0,437,0,0,24.01,11.33,0
15171.62,6,4,0,1,0,905,0,3,20.37,4.74,0
4759.86,6,1,0,0,0,73,0,2,10.46,10.17,0
15035.3,7,1,1,0,1,707,0,2,12.01,5.08,0
3687.32,6,4,0,0,0,219,1,0,20.05,1.05,0
4504.97,23,1,1,0,0,633,0,0,7.42,6.33,0
1155.0,15,3,0,0,0,1046,0,2,20.54,2.27,0
5523.91,9,1,1,0,0,206,0,1,20.49,17.03,0
3879.28,11,1,1,0,0,361,0,1,22.87,7.93,0
927.24,12,2,1,0,0,816,0,2,21.95,4.55,0
3450.39,13,3,2,0,1,443,0,2,11.4,7.93,1
3348.55,9,4,0,0,0,280,0,2,24.03,0.31,0
24039.15,23,2,1,0,0,111,0,4,12.19,6.96,0
9310.74,6,6,1,0,0,138,0,1,3.44,14.57,1
3684.97,10,0,0,0,0,394,0,2,15.93,9.26,0
4727.85,0,3,0,1,0,364,0,2,12.77,2.26,0
3813.96,11,1,1,0,0,255,0,3,16.12,8.67,0
2942.28,20,5,0,0,0,465,0,0,16.93,7.27,0
1168.47,23,5,1,0,1,498,1,0,13.25,13.63,1
3106.95,11,7,0,1,0,410,1,1,10.89,5.92,1
1663.36,3,2,1,0,0,328,0,1,15.41,6.62,0
979.62,17,0,3,0,0,184,0,2,18.32,7.31,0
6227.83,15,3,1,1,0,525,0,0,13.3,3.86,0
5490.79,23,2,3,0,0,508,0,1,24.53,4.47,0
557.78,12,5,0,0,0,591,0,1,19.77,0.57,0
3200.88,0,1,0,0,0,387,0,3,23.51,6.86,0
10357.71,21,6,2,1,0,295,1,1,24.61,5.08,1
11072.11,16,4,1,0,0,421,0,1,14.35,1.64,0
10690.69,19,4,1,1,0,105,1,0,4.75,3.91,0
3792.8,2,5,1,0,0,39,0,2,25.96,5.71,0
1499.22,10,1,0,0,0,803,0,1,29.53,12.39,0
1166.91,10,3,2,0,0,687,0,3,21.53,3.67,0
5228.27,6,1,1,0,0,515,0,0,16.57,2.73,0
5422.13,20,2,1,0,0,291,0,2,11.42,6.74,0
14068.56,4,5,1,0,0,376,0,2,23.35,7.84,0
11556.21,1,4,0,0,0,349,0,0,9.39,4.72,0
3168.96,5,3,0,0,0,117,0,0,15.57,3.92,0
985.93,23,3,1,0,0,570,0,0,8.86,1.8,0
2604.35,2,2,3,0,0,321,0,3,19.02,3.6,0
4573.77,13,3,3,0,1,150,0,2,31.65,5.36,1
2944.85,4,1,0,1,0,663,0,1,12.31,4.15,0
1984.68,9,7,1,0,0,47,0,2,23.68,5.75,0
4748.24,13,2,2,1,0,352,0,0,20.62,3.72,0
2144.89,0,2,0,0,0,172,0,2,13.32,6.87,0
1882.83,5,3,0,0,0,190,0,0,21.09,4.25,0
5049.4,14,1,0,1,0,104,0,1,20.64,9.11,0
2387.27,0,5,0,0,0,956,0,1,18.75,6.51,0
4704.66,11,1,0,0,0,575,0,2,19.0,7.8,0
4850.63,14,2,1,0,1,930,0,1,9.96,13.92,1
1100.59,5,5,0,1,0,81,0,1,16.97,8.87,0
2196.67,3,2,1,0,0,170,0,2,15.5,6.78,0
16476.09,11,2,1,0,0,280,0,2,13.64,3.49,0
1074.72,17,3,1,0,0,423,0,1,3.68,15.84,0
394.46,0,4,0,1,0,392,0,1,11.71,7.19,0
515.46,8,2,0,0,0,72,0,1,14.51,10.85,0
3753.96,23,2,0,0,0,164,0,2,15.12,2.88,0
3761.09,8,2,0,0,0,273,0,1,11.86,6.02,0
3217.98,7,4,0,0,0,500,0,0,13.56,4.48,0
13028.56,17,3,0,0,0,500,0,0,13.7,3.69,0
219.98,11,1,0,1,0,499,0,1,29.99,3.07,0
5517.78,9,6,1,0,0,519,0,1,13.99,2.09,0
18760.52,18,3,3,0,0,1065,0,1,18.26,3.67,0
1114.13,0,2,0,0,0,877,1,2,17.03,6.66,0
2443.54,17,8,3,0,0,655,0,0,16.35,3.29,1
1651.54,9,4,0,0,1,182,0,1,26.33,19.0,1
1423.59,21,5,1,0,0,724,0,2,26.77,6.71,0
2584.86,17,0,0,0,0,137,0,2,17.74,4.3,0
16299.01,22,1,0,0,0,113,0,0,18.49,0.92,0
25065.71,3,2,0,0,0,204,0,3,16.9,7.25,0
2558.72,4,3,1,0,0,599,0,2,19.76,2.98,0
26911.61,21,2,0,0,0,151,0,1,15.65,11.92,0
3779.53,9,6,0,0,0,352,0,0,16.2,7.97,0
22956.94,19,3,0,1,0,518,1,3,17.43,7.45,0
3301.18,16,2,1,0,0,838,0,0,19.83,5.11,0
4178.1,11,0,0,0,0,788,0,2,16.86,3.43,0
5344.1,1,1,3,0,0,922,0,2,25.68,9.62,1
102518.28,1,2,2,0,0,660,0,4,20.69,4.55,1
8900.39,17,1,1,0,0,605,0,1,16.77,5.84,0
1732.59,2,4,1,0,0,279,0,1,36.23,5.77,0
10071.33,0,0,0,1,0,190,0,0,25.16,4.07,0
2490.09,5,2,0,0,0,186,0,3,20.02,7.17,0
2177.13,21,2,0,1,0,745,0,0,20.7,3.5,0
9452.47,15,4,1,0,0,313,0,0,21.64,1.35,0
3761.75,17,4,0,0,0,293,0,2,25.09,1.46,0
4878.07,15,1,1,0,1,353,0,1,27.05,7.11,0
3694.81,13,1,3,0,0,1189,0,1,15.15,9.42,1
5184.41,6,4,0,0,0,112,0,1,6.01,5.86,0
5688.57,10,3,1,0,0,430,0,2,13.19,1.19,0
476.37,13,2,0,0,1,72,0,0,15.38,11.26,0
7331.25,23,4,1,1,0,950,0,2,19.18,8.21,0
1298.39,21,3,1,0,0,610,0,1,19.96,2.0,0
800.78,17,2,1,1,0,55,0,0,20.07,2.53,0
3424.35,19,3,0,0,0,173,1,1,26.74,4.63,0
3976.59,19,2,1,1,0,226,0,2,14.06,6.91,0
1757.8,16,1,0,0,0,244,2,1,25.77,2.66,0
8713.1,19,1,0,0,0,300,0,0,17.93,13.22,0
889.55,1,6,2,0,0,462,0,1,22.58,2.59,0
2374.9,0,1,1,1,0,324,0,0,23.59,1.47,0
1970.18,10,0,0,0,0,211,0,2,16.7,6.04,0
3467.13,1,3,0,0,0,655,0,1,20.21,1.57,0
4879.55,8,2,0,1,0,162,1,2,13.62,1.01,0
1263.59,4,2,0,0,0,819,0,1,11.36,8.79,0
7789.23,22,3,0,0,0,1093,0,2,15.66,6.28,0
3889.95,15,3,0,0,0,1197,0,0,10.4,4.47,0
499.42,1,4,2,0,0,123,0,0,15.84,6.73,0
465.67,14,3,0,0,0,242,0,3,22.93,22.28,1
3594.16,17,0,1,0,1,705,0,2,13.98,3.75,0
2887.03,7,3,2,0,0,426,0,2,20.13,1.34,0
3266.29,21,3,0,0,0,275,0,1,16.59,6.49,0
3535.53,23,3,1,0,0,1015,0,5,18.89,13.34,0
4613.94,23,0,0,0,0,100,0,1,27.39,11.99,0
9848.08,2,1,1,0,0,237,0,2,29.76,12.31,1
1133.81,10,0,2,1,0,673,0,2,10.5,14.53,1
1063.62,18,1,3,0,0,646,1,1,20.41,0.53,1
1155.18,10,3,0,0,0,75,0,2,7.48,4.33,0
4931.32,11,2,0,0,0,62,0,0,24.72,5.51,0
13456.19,7,4,0,0,0,251,0,3,19.1,9.85,0
2314.83,10,1,3,0,0,287,0,2,19.61,9.43,0
263.28,16,1,1,0,0,491,0,0,2.0,8.78,0
608.38,0,8,0,1,0,27,0,2,16.87,3.26,1
1518.25,19,5,0,1,0,431,0,3,28.74,7.0,0
2027.15,17,3,1,0,0,362,0,2,21.03,6.53,0
2371.3,3,2,0,0,0,365,0,2,18.8,4.01,0
3791.47,18,2,0,0,0,142,0,2,25.92,4.36,0
2624.55,12,5,0,0,0,336,0,1,21.19,1.95,0
10957.8,7,4,0,0,1,307,0,0,10.11,12.77,0
1790.38,10,3,0,0,0,505,1,0,12.99,0.99,0
1472.28,12,2,2,1,1,419,0,0,32.65,2.82,1
6019.86,5,5,0,0,0,251,0,1,22.5,5.63,0
726.02,14,3,1,0,0,531,0,2,16.96,7.16,0
5481.73,15,5,1,0,0,683,0,3,13.9,6.07,0
4054.9,8,2,1,0,1,486,0,1,20.95,4.39,0
3118.74,11,2,1,0,0,160,0,2,16.83,5.67,0
19296.71,14,0,1,0,0,241,0,0,30.72,1.15,0
1894.45,12,2,0,0,0,151,0,2,18.26,1.6,0
31675.95,10,3,1,0,0,307,0,1,29.6,4.78,0
2873.53,22,2,1,0,0,96,0,3,18.65,17.16,1
952.54,21,5,1,0,0,321,0,2,15.89,5.27,0
3918.31,9,2,1,0,0,290,0,4,9.55,6.05,0
1176.08,17,1,0,0,0,288,0,1,28.59,0.47,0
1653.51,19,1,1,0,0,276,0,0,18.41,6.38,0
5524.15,2,3,1,0,0,261,0,2,23.95,6.62,0
6524.77,14,1,1,0,0,259,0,0,22.88,6.72,0
1894.53,19,5,0,1,0,1057,0,1,17.84,1.79,0
10267.88,1,5,1,1,0,1046,0,1,29.86,1.55,0
12275.78,8,4,0,0,0,64,0,2,17.7,4.05,0
16450.59,19,4,0,0,0,348,0,2,7.0,9.45,0
6347.93,22,1,3,0,0,277,0,0,13.89,5.52,0
15238.8,23,2,0,0,0,135,0,1,35.26,6.46,0
505.3,14,2,3,0,0,492,0,2,17.19,1.02,0
2607.63,1,3,2,0,0,404,0,1,23.5,5.45,0
1465.05,0,1,0,1,0,538,0,5,23.67,11.88,1
4126.51,19,4,1,0,0,190,0,2,10.52,7.28,0
1998.15,17,0,1,0,0,547,0,1,17.77,2.91,0
3058.05,4,1,0,0,0,365,0,0,24.1,7.14,0
26272.65,3,0,0,0,0,317,0,2,25.14,6.25,0
3046.64,3,2,0,0,0,1363,0,3,12.45,7.54,0
5622.22,21,4,2,0,0,151,0,1,18.72,5.47,0
2852.97,18,1,1,0,0,918,0,1,11.53,8.72,0
3942.22,22,0,1,0,0,73,1,4,11.52,5.78,0
3664.02,2,4,0,1,0,323,1,2,7.65,13.58,1
5829.81,16,2,2,0,0,493,0,2,26.07,2.2,0
12376.72,22,1,0,0,0,116,0,0,18.68,5.12,0
20532.49,12,2,1,0,0,622,1,1,11.89,1.59,0
5039.7,18,7,1,0,0,445,0,1,28.79,3.7,0
6761.66,14,4,0,0,0,697,0,4,12.38,11.54,0
1087.45,0,6,1,0,0,648,0,0,12.19,6.99,0
3320.03,10,1,0,0,0,415,0,1,10.91,17.42,0
9772.27,6,0,1,0,0,49,0,2,18.81,4.0,0
9038.67,2,1,1,0,0,125,0,1,22.89,9.83,0
4546.85,14,2,2,0,0,1156,0,0,11.8,8.09,0
9234.61,22,3,0,0,0,941,0,0,16.8,7.11,0
6095.49,1,3,0,0,0,735,0,3,17.71,5.4,0
12840.01,7,3,1,0,0,879,0,1,13.13,3.01,0
4933.61,16,1,1,0,0,25,0,0,21.4,5.48,0
2506.18,7,2,0,0,0,87,0,3,5.87,4.33,0
5180.38,2,5,1,0,0,618,0,3,11.82,3.24,0
167.82,4,4,0,0,0,1045,0,1,12.87,5.1,0
5442.7,0,11,0,0,0,170,0,0,14.84,18.64,1
78.98,23,7,1,0,0,1025,0,3,27.82,0.7,0
596.07,11,5,0,0,0,54,0,0,22.08,11.43,0
5850.94,22,3,1,0,1,493,0,2,12.79,11.68,1
6011.36,16,4,0,0,0,17,0,0,13.98,15.23,1
1074.33,8,1,0,1,0,505,0,1,20.7,6.74,0
1723.81,22,2,0,0,0,342,0,2,15.46,5.52,0
15353.03,6,3,1,0,0,183,0,4,10.45,5.03,0
2190.24,4,3,0,0,0,531,0,1,24.77,7.94,0
38371.35,19,5,1,0,0,534,0,2,17.46,14.83,1
3633.62,13,2,0,1,0,216,0,2,15.85,12.31,0
5588.34,10,3,1,0,0,864,0,1,9.48,1.82,0
19884.94,14,3,0,0,0,478,0,0,21.6,2.1,0
4177.96,23,4,0,1,0,137,0,0,19.13,1.91,0
1270.97,6,0,0,0,0,260,0,2,26.23,9.43,0
3244.73,21,3,0,0,0,619,0,4,19.7,8.22,0
3507.32,21,3,1,0,0,227,0,0,26.53,11.72,0
868.72,18,5,1,0,0,678,0,1,11.53,3.97,0
2783.25,3,0,0,0,1,291,0,1,14.84,1.21,0
1670.2,2,3,1,0,0,165,0,1,21.49,11.82,0
9610.16,2,4,0,0,0,648,0,3,19.1,5.04,0
3775.71,16,5,2,0,0,958,1,2,11.67,2.46,1
2705.56,9,1,1,0,0,194,0,0,16.47,6.87,0
3256.83,23,3,2,0,0,312,0,3,16.96,7.54,0
4602.15,0,0,1,0,0,1548,0,3,18.96,1.15,0
6958.05,8,4,0,1,0,755,0,0,15.7,8.12,0
1274.49,6,7,0,0,0,865,0,2,8.06,5.97,0
1219.67,21,7,1,1,0,877,0,1,11.61,1.23,0
11613.38,2,3,0,1,1,203,0,2,8.84,6.34,0
2361.49,9,4,1,0,0,82,0,0,23.55,9.92,0
822.47,20,3,1,0,0,547,0,0,9.35,4.63,0
5802.26,23,2,1,0,0,176,0,0,28.73,6.21,0
5922.64,21,3,1,0,0,139,0,1,14.38,8.29,0
729.78,15,3,0,1,0,646,0,0,22.64,3.66,0
4632.98,3,5,1,0,0,650,0,1,24.17,11.02,0
7882.2,2,2,0,0,0,62,0,2,26.39,9.21,0
5394.34,9,3,0,0,0,209,0,3,22.38,5.3,0
7069.75,11,5,0,0,0,175,0,2,18.35,4.48,0
833.4,12,6,0,0,0,1007,0,3,4.51,6.16,0
5154.33,1,2,1,0,0,83,0,1,22.98,0.42,0
2649.83,16,1,1,0,0,367,0,0,13.52,5.23,0
2193.1,9,3,2,0,1,173,0,1,19.1,9.72,0
9082.31,2,1,1,0,0,434,0,1,13.19,7.71,0
17209.87,21,3,1,0,0,171,0,2,18.96,0.93,0
23958.74,8,5,1,0,0,407,0,1,21.47,9.22,0
14480.36,5,0,1,0,0,373,0,0,16.27,4.05,0
3244.7,11,3,1,0,0,266,0,2,20.45,5.65,0
5273.01,22,3,1,1,1,488,0,1,14.45,9.82,1
8145.04,19,5,1,0,0,266,0,4,6.41,10.55,0
4134.98,2,5,1,0,0,518,0,1,22.07,10.51,1
4176.81,16,0,1,0,0,341,0,3,17.66,2.16,0
8646.77,15,3,2,0,0,56,0,1,14.69,4.04,0
3421.22,21,2,1,0,0,267,0,1,23.03,5.09,0
1692.99,23,1,0,0,0,342,0,1,7.56,8.75,0
2356.19,17,1,0,0,0,829,0,0,18.43,7.78,0
7084.08,15,8,1,0,1,346,0,1,5.51,6.97,0
3652.41,8,1,0,1,0,359,0,1,2.0,1.59,0
5204.2,21,1,2,0,0,357,0,2,20.7,17.71,1
7358.29,22,2,1,1,0,196,0,2,21.79,7.1,0
2456.31,23,3,2,0,0,1212,0,0,12.51,2.27,0
8055.1,22,6,0,0,0,419,0,2,16.52,5.0,0
5419.64,15,3,1,0,0,1136,0,0,7.92,9.64,0
995.7,22,3,0,0,0,1008,0,0,15.17,11.96,0
16554.61,18,2,1,0,1,213,0,0,25.93,3.7,0
2152.14,5,7,1,0,0,39,0,0,26.75,1.4,0
640.44,0,3,2,0,0,102,0,0,15.85,2.99,0
1215.25,23,2,0,0,1,1011,0,2,14.0,8.3,0
1246.26,10,5,2,0,0,399,1,0,15.32,4.95,1
3845.97,20,1,1,1,0,495,0,1,12.28,1.64,0
2731.09,6,4,3,0,0,433,0,2,15.21,5.72,0
2556.33,8,3,0,1,0,199,0,0,18.6,10.99,0
6979.18,19,4,0,0,0,76,0,1,20.02,3.97,0
5202.37,12,5,1,0,0,911,0,3,13.97,6.3,0
5073.83,16,3,1,0,0,324,0,2,10.9,14.19,0
5598.87,7,2,0,0,0,377,0,0,25.76,4.5,0
6953.09,14,6,0,1,0,401,0,3,12.57,2.62,0
398.08,11,4,0,0,0,242,0,1,11.43,1.87,0
2483.29,22,1,0,1,0,216,0,2,25.01,4.74,0
368.99,11,3,2,0,0,498,0,2,29.1,9.19,0
3781.45,2,2,0,0,0,254,0,3,9.07,5.63,0
3623.28,17,4,2,1,0,888,0,0,16.67,4.93,0
10914.08,22,3,1,1,0,590,0,1,14.69,3.33,0
12670.3,21,5,0,0,0,931,0,1,23.14,11.56,0
4504.87,2,2,2,0,0,234,0,1,18.21,6.3,0
2153.01,23,3,2,0,0,313,0,0,20.67,3.47,0
6059.72,8,1,1,0,0,590,1,4,17.19,8.26,1
2091.6,20,3,1,0,0,210,0,0,23.8,3.5,0
3635.63,15,1,2,0,0,1023,0,1,14.41,5.95,0
10254.2,23,4,0,1,0,124,0,4,10.7,9.89,0
2027.06,8,4,0,0,0,296,1,0,24.11,9.93,0
8484.21,14,5,0,0,0,155,0,1,17.64,3.58,0
7415.08,16,2,1,0,0,139,0,0,24.61,9.34,0
1336.04,3,2,1,1,0,328,1,0,18.45,7.63,1
10123.24,18,1,2,0,0,91,0,2,21.57,0.63,0
7581.71,3,1,0,0,0,627,0,2,27.18,4.97,0
4052.23,19,3,1,0,0,547,0,2,19.64,3.56,0
1635.27,3,1,0,0,0,1172,0,2,6.26,1.07,0
1477.1,4,1,2,0,1,479,0,1,20.79,4.71,0
2070.31,11,4,0,0,0,384,1,0,16.06,1.2,0
6436.4,4,2,0,1,0,328,0,2,31.3,2.4,0
1334.88,1,0,0,0,0,1025,0,3,8.16,5.16,0
5764.01,1,3,1,0,0,824,0,0,24.05,6.58,0
988.47,6,0,2,0,0,254,1,2,19.23,1.97,0
2938.72,11,2,1,0,0,381,0,1,16.98,2.25,0
4085.22,1,3,0,1,0,623,1,2,19.8,3.94,0
47447.86,3,2,0,1,0,522,0,1,14.17,4.74,0
857.33,14,0,1,0,0,345,0,2,20.53,5.47,0
17079.18,7,3,0,0,0,134,0,2,10.89,4.04,0
4261.32,18,2,1,0,0,126,0,1,23.61,5.99,0
5606.77,20,4,0,0,0,449,0,0,28.75,7.43,0
4122.71,0,3,2,1,0,166,0,1,14.88,4.46,0
5807.84,22,2,1,0,0,293,0,0,19.4,7.98,0
3098.37,16,0,1,1,1,832,0,0,27.44,4.33,0
16760.04,19,1,0,1,0,106,0,2,18.93,3.48,0
2254.55,11,3,0,0,0,1243,1,0,25.53,2.84,0
11954.3,0,4,2,1,0,334,0,0,18.63,5.76,1
1850.88,21,3,0,0,0,256,0,2,16.93,2.96,0
3417.74,13,2,0,0,1,177,0,0,20.23,7.59,0
1181.38,0,2,0,0,0,931,0,2,5.77,9.94,0
5870.97,3,1,0,0,0,585,0,1,22.77,5.22,0
16603.72,4,6,0,0,0,206,0,0,15.7,7.59,0
3356.91,9,5,0,0,0,399,1,0,24.19,1.48,0
2960.96,10,2,1,1,0,97,0,1,19.22,5.96,0
1129.64,10,4,2,0,1,383,1,0,20.07,11.31,1
2861.9,20,1,0,0,0,71,0,4,16.9,7.43,0
683.73,22,1,2,0,0,198,0,2,36.64,2.55,0
1396.16,16,4,0,0,0,500,0,3,17.72,1.71,0
4619.89,15,4,0,0,0,224,0,1,26.24,0.7,0
14544.44,20,5,1,0,0,123,0,0,33.68,8.29,0
69540.97,6,4,0,0,0,622,0,3,12.86,8.01,0
1966.65,13,1,0,0,0,171,0,3,9.77,8.36,0
16433.3,15,3,1,0,0,1036,0,1,20.91,3.73,0
4702.93,6,6,1,0,0,374,0,1,12.84,3.46,0
3106.31,22,1,3,1,0,168,0,0,18.87,9.08,1
5734.32,5,4,2,0,0,505,0,2,19.74,2.86,0
3885.52,1,2,2,0,0,1199,0,2,14.06,2.39,0
4088.43,7,1,0,1,0,273,0,4,22.32,5.14,0
2371.43,19,5,2,0,0,741,0,1,17.41,2.27,0
838.81,8,1,1,0,0,726,0,0,23.34,18.54,1
719.96,5,4,1,0,0,470,0,2,22.52,7.63,0
7229.37,20,1,2,0,0,279,0,0,25.53,0.87,0
2722.93,3,5,0,1,0,414,1,1,26.32,6.43,1
1947.12,3,4,0,1,0,832,0,1,22.96,6.29,0
3673.61,21,6,1,1,0,368,0,4,20.36,3.5,0
8389.02,7,3,1,0,0,264,0,0,25.59,1.95,0
4400.1,0,2,0,1,0,290,0,2,8.32,4.16,0
1828.3,10,0,0,0,0,593,0,1,7.41,10.86,0
13195.19,17,5,1,0,0,591,0,3,3.81,5.84,0
19113.4,18,5,0,0,0,340,0,3,20.04,3.85,0
6119.8,2,1,2,0,0,371,0,1,16.26,4.28,0
10120.79,6,3,1,1,0,344,0,4,12.91,1.21,0
13414.05,14,4,2,0,1,211,0,1,13.74,12.44,1
11927.53,15,5,1,0,0,307,0,2,20.34,7.94,0
6938.24,14,2,1,0,1,683,1,1,7.89,11.96,1
6824.43,8,2,1,1,0,276,0,1,17.27,1.5,0
6283.26,20,1,0,1,0,346,0,3,22.23,2.06,0
1150.32,1,4,2,1,0,292,0,1,15.95,5.21,0
7598.9,19,1,0,0,0,595,0,2,17.4,5.2,0
876.9,22,7,1,0,0,253,0,1,27.57,8.49,0
1580.78,16,7,0,0,0,271,0,1,12.45,4.92,0
14310.42,10,5,1,0,0,480,0,3,26.08,2.58,0
8797.57,9,2,0,0,0,292,0,0,9.26,3.57,0
17357.3,10,3,1,0,0,313,0,2,11.66,6.79,0
2737.34,3,3,0,1,0,736,1,0,10.44,0.17,0
1085.87,5,4,1,0,0,911,0,1,25.06,7.06,0
2828.61,15,3,2,0,0,276,0,0,17.08,3.75,0
4052.68,13,1,1,0,0,980,0,2,15.94,5.25,0
3955.8,11,0,0,0,0,437,0,5,25.31,5.8,0
11972.46,11,7,0,1,0,34,0,1,19.51,6.93,0
2491.56,1,3,2,0,1,319,0,0,18.0,6.66,0
5269.21,20,5,1,0,1,1254,0,0,17.26,2.57,0
1289.41,22,4,0,0,0,441,0,2,18.12,12.94,0
5842.03,5,2,0,0,0,913,0,2,23.5,2.9,0
3652.85,7,3,0,0,0,283,0,2,23.22,7.62,0
1656.89,15,0,1,0,0,552,0,3,29.34,4.02,0
2842.33,0,4,2,0,0,1512,0,2,23.55,19.03,1
3000.74,2,5,0,0,0,251,0,2,16.57,2.85,0
2741.71,21,1,0,0,0,180,0,0,13.17,10.03,0
23386.36,4,4,2,0,0,243,0,2,22.01,7.86,0
3283.39,13,2,3,0,0,245,0,0,17.66,6.77,0
2818.36,21,5,3,1,0,484,0,1,12.84,9.01,1
402.49,17,4,1,0,0,371,0,0,23.78,7.85,0
1423.8,6,3,1,1,0,661,0,0,15.67,9.19,0
2762.17,3,3,0,0,0,297,0,1,14.3,5.36,0
1771.98,17,2,0,0,0,648,0,0,21.77,8.97,0
15534.1,9,4,1,0,0,191,0,1,18.48,1.99,0
3061.97,23,1,1,0,0,306,0,1,24.28,4.99,0
14085.01,15,2,1,0,0,553,0,0,13.05,2.17,0
3884.66,0,7,0,0,0,632,0,0,11.8,4.78,0
3786.09,6,3,0,0,0,312,0,0,12.05,4.19,0
3316.83,17,3,0,0,0,1078,0,3,30.99,10.04,0
3655.49,16,2,2,0,0,624,0,2,29.11,4.87,0
22131.0,17,1,0,0,1,936,0,2,6.95,3.56,0
318.75,5,2,0,0,0,136,0,0,12.22,3.94,0
445.13,5,5,0,1,0,542,0,3,17.21,3.52,0
2058.37,5,2,0,0,0,792,0,1,17.25,13.18,0
3696.92,16,1,0,1,0,1049,0,1,21.35,9.15,0
7514.65,0,2,1,1,0,598,0,1,20.86,4.1,0
5983.38,19,0,0,0,0,392,0,1,15.72,6.22,0
2432.18,6,4,0,0,0,47,0,3,19.84,1.3,0
10614.71,11,3,1,1,0,252,0,1,14.64,3.24,0
10739.73,5,3,0,0,1,157,0,1,25.48,17.4,1
4417.2,10,3,0,0,0,661,0,1,25.91,6.1,0
10004.5,18,4,2,0,0,121,0,0,4.32,6.37,0
4847.79,4,2,1,0,0,280,0,1,11.05,8.43,0
2019.17,13,2,1,0,0,232,0,1,24.17,1.38,0
7575.75,1,2,2,0,0,559,0,0,14.16,7.56,0
4089.36,4,5,0,0,0,247,1,2,16.76,13.66,1
3646.08,16,2,0,0,1,997,0,1,14.16,3.06,0
17096.02,13,4,0,0,0,123,0,0,6.56,13.13,0
277.71,14,1,1,0,0,350,0,3,18.42,3.36,0
821.75,5,1,1,0,0,141,0,2,19.32,1.08,0
1046.89,4,1,1,0,0,462,1,3,23.53,6.75,0
2486.36,10,4,1,1,0,857,0,2,19.35,3.57,0
2786.83,3,0,0,0,1,411,1,0,19.99,1.36,0
747.93,21,3,1,0,0,918,0,2,23.83,0.82,0
1294.12,6,2,0,0,1,865,0,0,13.05,5.28,0
1474.56,17,3,2,0,1,289,0,0,14.61,9.16,0
48064.32,3,5,0,0,0,388,0,4,21.15,3.45,0
24144.91,15,6,2,0,0,266,0,5,20.09,1.18,0
2362.94,4,3,1,1,0,396,0,3,31.28,3.74,0
2485.52,6,1,3,0,0,241,0,2,15.55,1.26,0
1089.35,9,2,1,0,0,545,0,1,25.51,8.77,0
491.01,2,2,0,0,0,96,0,0,20.66,1.53,0
3220.45,2,2,0,1,0,202,0,2,21.04,5.37,0
1276.98,18,2,0,0,0,382,0,3,31.12,5.87,0
3330.6,8,3,1,0,0,389,1,3,7.44,9.23,1
678.43,13,2,0,0,0,186,0,4,13.9,2.74,0
1635.86,15,2,0,1,0,16,0,1,9.16,2.81,0
4255.89,14,2,0,1,0,1489,0,1,19.8,9.11,0
5348.23,15,4,0,0,0,628,0,1,17.42,10.22,0
5643.98,23,5,0,0,1,452,0,0,21.73,6.89,0
910.04,15,1,2,0,0,288,0,2,15.51,5.63,0
8932.22,8,1,1,0,0,38,0,2,21.82,12.06,0
1571.49,6,1,0,0,0,320,0,0,10.86,12.04,0
7076.26,19,1,0,0,1,661,0,0,23.27,12.87,0
3600.5,10,6,0,0,0,520,0,3,2.0,12.6,0
858.16,13,6,1,0,0,416,0,4,26.81,14.64,1
2612.32,19,3,1,0,0,377,0,1,18.6,2.25,0
5343.48,5,5,1,1,0,222,0,1,16.3,4.59,0
6929.99,5,3,1,0,0,59,0,1,20.38,1.27,0
3139.95,1,10,2,0,0,119,0,1,18.85,0.92,1
18185.28,1,1,1,0,0,559,0,0,10.73,9.61,0
10486.94,14,5,0,0,0,671,0,1,21.47,5.92,0
2780.85,12,2,0,0,0,129,0,4,12.71,9.99,0
8003.45,7,8,0,0,0,254,0,1,14.62,6.02,0
27735.91,5,0,0,0,0,555,0,2,18.41,11.9,0
28524.22,16,3,1,0,1,517,0,2,16.63,2.83,0
1002.85,2,4,0,0,0,430,0,0,12.71,7.14,0
1376.28,16,4,1,0,1,586,0,2,23.47,8.35,0
17312.17,21,5,0,0,0,93,0,2,3.3,6.73,0
1198.47,10,0,2,0,0,380,0,0,6.15,8.75,0
908.08,11,2,1,0,0,279,0,2,7.86,1.01,0
2185.27,12,5,0,0,0,203,0,0,17.22,5.05,0
5660.33,2,3,0,0,0,520,0,0,15.47,10.11,0
3269.8,15,1,1,0,0,520,0,1,19.16,1.08,0
1838.87,8,3,1,0,0,817,0,1,13.74,7.03,0
1793.77,11,5,0,0,0,795,0,0,32.37,3.56,0
1723.39,0,1,0,0,0,345,1,1,9.8,1.57,0
1445.94,21,2,0,0,0,380,0,2,21.0,6.27,0
39963.21,8,3,2,0,0,136,0,1,16.88,2.45,0
4976.02,1,3,1,0,1,393,0,0,18.14,4.19,0
9238.15,18,5,0,0,1,512,0,1,20.3,3.8,0
2178.67,23,2,0,0,0,469,0,1,12.02,2.59,0
2995.14,12,2,1,0,0,142,0,2,20.32,1.94,0
1721.19,0,3,0,1,0,814,0,1,11.96,2.02,0
224.91,23,1,0,0,0,422,0,2,21.01,3.33,0
856.7,4,4,0,0,0,238,0,2,12.55,6.25,0
543.95,5,6,0,0,0,649,0,2,20.56,3.52,0
343.0,16,1,2,0,0,383,0,1,15.27,4.44,0
1037.82,7,3,0,0,0,1247,1,0,16.74,6.59,0
14635.47,2,1,0,0,1,464,0,0,15.83,6.55,0
3474.97,16,2,2,0,0,391,0,2,10.78,4.02,0
14116.39,6,2,1,0,0,472,0,2,19.14,11.59,0
5605.66,20,2,2,0,0,795,0,1,11.97,1.74,0
8280.73,3,1,2,0,0,186,0,1,14.7,14.15,1
1413.83,21,2,2,0,0,464,0,1,19.42,2.19,0
6311.63,17,1,0,0,0,341,0,1,14.56,7.59,0
7825.56,5,4,2,0,0,488,0,1,24.28,5.98,0
1987.28,13,3,3,0,0,597,0,0,21.83,4.8,0
6551.95,22,2,2,0,0,309,0,5,23.62,2.81,0
6597.84,1,4,0,1,0,339,0,2,16.46,5.37,0
2044.63,19,6,0,0,0,107,0,0,22.18,9.77,0
1120.01,11,4,1,0,0,915,0,4,19.76,6.03,0
1050.13,22,2,2,0,0,131,0,3,30.41,1.14,0
3987.15,5,5,0,1,0,989,0,0,5.92,2.31,0
5132.56,17,5,1,0,0,360,0,2,16.48,5.41,0
1584.22,23,2,0,0,0,180,0,1,20.18,5.36,0
3744.02,8,1,0,1,0,155,0,0,11.21,10.19,0
6628.04,2,2,1,1,0,475,0,1,13.93,3.89,0
6968.12,9,2,1,0,0,450,0,3,21.79,16.18,0
18573.18,14,4,0,0,0,103,0,0,12.79,6.88,0
13916.49,15,3,1,0,0,612,0,3,19.31,4.22,0
1272.38,11,1,1,0,0,367,0,0,20.98,3.37,0
21327.78,22,3,0,0,0,137,0,2,20.91,7.85,0
2084.9,13,2,0,0,0,474,0,2,22.46,6.67,0
10906.52,15,3,0,0,0,627,0,2,17.52,7.47,0
3910.36,22,4,0,0,0,383,0,1,19.43,2.8,0
2361.95,22,0,0,0,0,671,0,2,30.48,9.42,0
545.62,8,3,1,0,0,186,0,4,15.2,22.37,1
3040.74,6,4,0,0,0,253,0,1,25.03,1.34,0
708.14,17,5,0,0,0,284,0,3,20.47,4.59,0
10053.38,12,3,0,0,0,782,0,1,22.54,5.43,0
17901.37,10,2,0,0,0,743,0,0,18.01,6.77,0
1576.94,16,5,0,0,0,743,0,2,19.15,9.52,0
4999.38,15,4,0,1,0,15,0,1,17.41,5.06,0
1699.92,21,4,0,0,0,473,0,0,15.69,2.96,0
1882.0,8,1,1,1,1,22,0,1,24.58,7.85,1
8210.91,18,1,1,0,0,129,0,1,24.47,4.94,0
3496.56,5,2,1,0,0,158,0,1,16.35,4.76,0
22620.92,22,2,0,0,0,558,0,1,20.91,5.85,0
2194.38,2,1,0,0,0,593,0,2,13.36,12.21,0
10397.32,18,0,2,0,0,317,0,3,15.5,6.39,0
4033.07,2,4,1,0,0,108,0,3,4.2,5.44,0
8396.47,21,2,2,0,0,333,0,0,26.74,5.7,0
2276.7,23,3,3,0,0,217,0,2,19.78,12.88,1
3456.33,19,5,0,0,0,72,0,0,16.14,10.43,0
3225.12,18,1,0,0,0,869,0,0,20.04,3.91,0
1513.44,11,7,0,0,0,487,0,3,3.76,1.52,0
7296.76,5,5,1,0,0,726,0,0,17.4,3.5,0
7206.66,23,3,0,1,1,665,0,4,5.93,2.5,0
6790.18,12,4,1,0,0,223,0,2,24.0,4.6,0
18284.59,19,6,2,0,0,143,0,4,25.38,4.42,0
16677.44,17,3,1,1,0,248,0,2,9.0,2.95,0
2456.05,16,2,0,0,0,274,0,1,20.72,2.51,0
5386.79,8,3,1,0,0,192,0,0,15.7,7.24,0
1891.68,10,0,1,0,0,139,0,2,8.23,4.55,0
3731.34,10,2,0,0,0,414,0,1,33.1,3.59,0
1939.65,14,4,1,0,0,271,0,2,10.44,2.36,0
19951.78,17,3,3,0,0,358,0,1,24.47,9.28,0
5334.14,4,4,0,0,0,356,0,2,13.46,2.42,0
2895.95,5,5,1,0,0,103,0,0,7.45,10.56,0
12750.17,1,4,0,1,0,254,0,2,17.56,11.12,0
372.73,12,5,0,0,1,834,0,0,24.45,12.18,0
439.3,16,3,0,0,0,304,0,3,10.78,2.79,0
8397.01,5,3,0,1,0,276,1,2,19.9,4.42,0
3879.62,17,2,0,1,0,579,1,0,19.68,8.38,0
4736.1,0,3,0,1,0,246,0,1,18.48,4.62,0
904.41,20,5,1,0,1,146,0,4,32.93,7.36,1
3553.2,16,5,0,0,0,745,0,1,14.06,5.1,0
29842.38,16,3,2,0,0,590,0,0,24.9,7.66,0
8650.82,16,2,1,0,1,346,0,2,12.97,12.68,1
4351.13,8,3,0,0,0,143,0,2,12.07,7.25,0
2296.16,23,2,0,0,0,359,0,1,20.39,14.13,0
2405.95,17,4,1,0,0,769,0,2,20.46,8.44,0
389.3,4,5,1,0,0,366,0,0,23.78,3.48,0
4772.01,22,1,0,0,0,281,0,1,18.15,1.01,0
8846.32,17,2,4,1,0,224,1,1,8.85,1.02,1
696.17,7,1,0,0,0,301,1,1,13.67,6.39,0
1818.04,22,3,2,1,0,497,1,1,21.6,8.28,1
1079.94,5,2,2,0,1,487,1,3,14.31,3.2,1
1321.31,15,2,0,0,0,622,0,5,5.51,5.14,0
3851.26,16,3,1,1,0,1287,0,1,21.05,14.47,1
408.05,23,4,0,1,0,240,0,1,16.37,3.98,0
6939.49,13,4,0,0,0,184,0,2,27.19,2.9,0
8034.88,23,4,0,0,0,104,0,1,26.18,3.21,0
2797.11,6,4,0,0,0,330,0,2,2.8,10.82,0
269.15,19,4,0,0,0,350,0,2,17.43,0.91,0
1278.91,5,2,0,0,0,142,0,4,23.74,11.35,0
13287.07,23,1,2,0,0,1118,0,2,21.12,5.13,0
196.98,18,7,0,1,0,726,0,3,10.42,2.59,0
2527.79,15,2,0,0,0,913,0,1,17.47,8.81,0
1054.69,1,6,1,0,0,193,0,1,10.53,3.75,0
8474.35,11,3,0,0,0,724,0,1,21.48,3.93,0
1792.08,3,7,1,0,0,207,0,0,17.52,7.23,0
5564.44,22,5,0,0,0,650,1,0,29.53,8.38,0
6592.8,9,4,1,0,0,317,0,2,16.9,13.43,0
25035.18,19,2,1,0,0,421,0,3,17.43,2.67,0
2942.19,21,3,2,0,0,1415,0,0,2.0,1.37,0
5403.74,2,4,1,0,0,388,0,1,23.62,6.85,0
765.62,18,3,1,0,0,662,0,0,13.14,6.09,0
12707.33,7,4,0,0,0,450,0,0,8.45,12.71,0
1638.38,2,2,0,0,0,291,0,1,14.05,16.12,0
2020.72,6,3,1,0,0,392,0,5,17.59,11.24,0
3556.88,13,1,2,0,0,290,0,1,28.84,6.13,0
705.55,20,3,1,0,0,104,0,1,20.3,2.37,0
4629.52,16,4,0,1,0,47,0,0,22.83,3.1,0
10055.14,5,3,1,0,0,311,0,0,14.23,1.45,0
4952.17,7,3,0,0,0,413,0,0,33.83,7.61,0
686.54,7,3,0,0,0,100,0,1,13.91,1.05,0
3197.1,17,5,0,0,0,758,0,0,15.35,15.49,0
7935.73,12,1,0,0,0,329,0,2,6.44,2.2,0
506.8,0,1,2,0,0,380,0,1,15.2,2.25,0
1177.91,1,5,0,0,0,1115,0,3,18.66,6.83,0
9139.59,1,1,1,0,0,457,0,5,21.79,0.94,0
4834.82,23,3,1,0,0,430,0,0,19.4,20.04,1
5611.48,12,1,0,0,0,783,0,1,22.72,9.8,0
25654.38,11,2,0,0,0,311,0,3,11.41,5.11,0
5954.96,18,2,1,0,0,767,0,3,12.25,4.49,0
7264.7,4,2,1,1,0,727,0,1,25.9,2.78,0
62710.41,0,1,1,0,0,244,1,1,26.51,0.82,1
2908.83,6,4,0,0,0,464,0,0,23.01,6.92,0
1575.33,5,4,0,0,0,1290,0,3,22.03,5.09,0
5705.5,19,2,0,1,0,765,0,1,13.72,10.07,0
5772.96,19,1,0,0,0,267,0,0,26.51,2.98,0
2094.25,15,3,1,0,0,105,0,1,16.68,3.47,0
1231.49,21,1,2,0,0,313,0,1,23.54,20.88,1
41164.71,11,1,1,0,1,339,0,1,14.84,7.68,1
5131.67,5,2,0,0,0,176,0,1,22.68,4.92,0
1687.66,7,2,0,1,0,462,0,1,21.17,6.61,0
9525.49,3,6,1,0,0,143,0,0,21.76,12.63,1
3246.71,21,7,0,0,0,668,0,5,25.5,1.46,0
2791.89,14,3,0,0,0,341,0,4,14.97,13.8,0
6570.77,18,3,1,0,0,427,0,4,9.13,1.34,0
937.79,6,2,1,0,0,644,0,0,13.5,3.64,0
5272.49,17,7,2,0,0,68,0,0,20.35,6.34,0
27135.62,7,2,0,0,0,255,0,1,22.92,11.96,0
5940.13,10,6,1,0,0,105,0,3,22.49,4.24,0
2452.78,15,0,1,0,0,63,0,1,22.19,9.36,0
2137.81,23,3,2,0,0,763,0,5,16.7,5.37,0
2366.44,13,1,0,0,0,1374,0,1,10.51,9.03,0
2788.72,17,2,2,0,0,424,0,2,26.03,8.42,0
2448.68,14,3,0,0,0,62,0,0,12.03,8.93,0
9529.3,10,3,1,0,0,138,0,1,25.79,3.01,0
590.0,22,4,1,0,0,158,0,2,18.07,9.57,0
9001.08,23,4,2,0,0,688,0,0,11.3,2.55,0
2443.85,7,1,1,0,0,236,0,0,23.63,1.79,0
5408.87,21,3,2,0,0,459,0,0,20.46,4.65,0
1115.06,10,2,0,0,0,374,0,2,13.43,1.97,0
14692.06,17,1,1,0,0,599,0,2,15.52,3.99,0
13465.91,12,2,1,0,0,369,0,0,14.28,6.45,0
9972.34,18,2,1,0,0,10,0,1,15.47,5.06,0
742.12,20,3,1,0,0,557,0,1,22.87,2.23,0
8695.64,10,6,0,0,0,747,0,1,24.2,3.31,0
5569.71,16,3,0,0,0,60,0,2,22.54,5.86,0
674.83,12,5,0,0,0,812,0,2,14.04,4.62,0
3549.24,19,4,0,0,1,198,0,3,11.99,10.59,0
5338.83,4,3,0,0,0,34,0,0,19.23,3.39,0
6528.15,17,3,1,0,0,346,0,1,16.86,10.17,0
4385.79,14,6,0,0,0,255,0,3,10.71,1.44,0
4943.32,10,1,0,0,0,428,0,0,18.9,7.37,0
17107.84,8,3,0,0,0,294,0,3,10.93,8.27,0
13191.6,16,2,1,0,0,218,0,0,22.21,2.23,0
179.4,8,2,2,0,0,1086,0,1,13.54,2.69,0
2608.91,0,1,1,0,0,116,0,2,13.06,3.54,0
3062.9,22,4,1,0,0,402,0,1,11.83,14.69,0
578.42,10,1,2,0,0,74,0,2,16.94,4.18,0
4019.42,3,4,1,0,0,571,0,3,18.06,11.18,0
13510.14,5,3,1,0,0,122,0,1,18.31,6.95,0
1163.4,19,3,0,0,0,1165,0,0,14.37,13.37,0
5183.42,7,2,1,1,0,288,1,2,24.41,5.32,0
1391.84,6,2,1,0,0,172,0,2,23.8,6.95,0
1798.11,11,0,0,0,0,288,0,1,16.95,5.43,0
17175.91,0,3,0,0,0,285,0,1,18.83,12.8,0
2059.7,13,4,0,0,0,458,0,2,15.29,0.52,0
5915.45,0,4,0,0,0,93,0,2,21.02,5.93,0
510.41,20,1,2,0,1,253,0,0,19.26,1.49,0
25730.53,10,4,1,1,1,422,0,1,19.34,5.57,0
6855.35,5,2,0,0,0,240,0,1,23.58,8.25,0
3006.03,10,1,0,0,0,599,0,1,21.59,1.32,0
6662.99,4,3,1,0,0,642,0,0,13.09,12.96,1
828.56,7,0,0,0,0,742,0,1,17.8,9.03,0
12602.59,3,4,0,0,0,852,0,1,22.42,2.1,0
2591.04,16,1,2,1,0,256,0,2,10.53,9.09,0
2938.71,23,3,1,0,0,1191,0,2,29.46,3.64,0
2172.78,11,5,0,0,0,284,0,1,19.42,9.85,0
1978.94,2,2,1,0,0,495,0,1,21.72,1.49,0
7550.76,1,5,0,0,0,173,0,1,16.96,4.44,0
4763.33,19,1,0,0,0,424,0,0,19.62,16.62,0
7218.02,8,6,0,0,1,170,0,2,19.17,1.74,0
3607.48,7,0,1,1,0,651,0,3,17.55,12.41,1
6240.78,2,3,0,1,0,1055,0,0,21.67,3.11,0
2345.39,15,4,1,0,0,301,0,2,17.84,5.55,0
37843.65,1,3,0,0,0,167,0,1,15.71,2.51,0
701.82,21,3,0,0,0,422,0,3,13.7,0.98,0
13684.02,4,3,1,0,1,99,0,3,27.17,5.5,0
15310.63,1,7,1,0,0,378,0,3,9.1,0.19,0
1488.07,16,1,0,0,1,106,0,1,10.94,24.91,1
37825.44,8,4,2,0,0,174,0,3,16.81,5.22,0
10355.41,16,1,2,1,0,265,0,3,12.59,7.49,0
10093.99,0,2,2,0,0,43,0,2,17.37,5.95,0
3749.67,20,4,1,0,0,88,0,0,13.92,5.28,0
2898.4,7,1,1,1,0,105,0,2,21.07,0.55,0
2922.28,18,2,1,0,0,655,0,2,15.17,3.76,0
5486.56,22,1,0,0,0,499,0,1,22.44,2.77,0
15855.09,12,1,0,0,0,726,0,0,14.1,12.24,0
4404.49,8,1,0,0,0,177,0,3,26.87,5.95,0
1398.26,7,5,3,0,0,602,0,1,19.44,6.44,1
8652.89,16,6,0,0,0,306,0,5,17.66,8.73,0
9577.85,0,1,1,0,0,720,0,1,34.41,1.29,0
7240.12,3,3,1,1,0,161,0,1,21.49,15.2,1
7964.69,15,2,2,0,0,70,0,3,20.6,2.82,0
2739.49,0,0,2,0,0,972,0,0,25.76,6.23,0
1372.74,6,4,1,0,0,288,1,1,20.77,5.05,0
1463.22,15,4,0,0,0,354,0,1,12.83,4.25,0
653.78,6,1,1,0,0,763,0,4,13.35,0.97,0
4669.45,22,4,2,0,0,177,0,1,24.85,8.77,0
3335.5,23,3,2,0,1,1144,1,0,26.24,1.52,1
2293.91,0,2,1,0,0,416,0,1,6.0,2.74,0
163.47,4,3,0,0,0,148,0,0,19.68,7.2,0
982.71,21,2,1,0,0,186,0,2,11.38,5.7,0
11812.14,0,6,0,0,0,779,0,1,15.05,6.12,0
1811.92,11,1,1,0,0,228,0,3,15.17,2.62,0
5316.77,22,6,0,0,0,1785,1,1,11.77,6.1,0
845.37,14,5,1,0,0,411,1,1,15.95,4.89,0
16492.17,7,1,0,0,0,274,0,2,25.25,12.96,0
3129.95,0,2,2,0,0,586,0,0,25.94,0.36,0
4937.14,9,4,1,0,0,188,0,0,19.57,2.4,0
41859.28,13,1,3,0,0,149,0,1,13.3,2.48,0
17894.74,1,0,0,0,0,275,1,2,22.29,17.42,1
2638.87,12,4,1,0,0,835,0,2,12.66,7.2,0
1952.99,9,3,0,1,0,488,0,1,16.46,3.68,0
2586.8,7,4,0,0,0,943,0,3,23.67,0.89,0
6219.18,23,3,1,0,0,502,0,3,18.99,5.67,0
3260.1,21,2,0,1,0,715,0,3,19.68,5.71,0
2404.25,16,5,2,1,0,919,0,1,6.72,2.79,0
16992.72,14,2,1,1,0,1760,0,1,24.4,9.87,0
3229.49,11,3,2,0,0,461,0,0,21.48,10.04,0
40723.82,1,4,1,0,0,837,0,0,14.67,8.18,1
4004.92,7,4,0,0,0,66,1,2,18.45,5.93,0
23732.11,0,4,0,0,0,601,0,0,20.91,9.96,0
5298.53,8,5,1,0,0,408,0,2,11.79,2.31,0
10007.69,11,2,2,1,0,85,0,1,8.81,7.54,0
1701.32,14,3,1,1,0,1326,0,1,8.35,9.68,0
1485.57,8,2,1,0,0,540,0,2,20.08,2.87,0
5899.9,6,2,3,0,0,348,1,0,16.04,4.49,1
10280.26,17,4,0,0,0,1037,1,1,16.05,1.62,0
3798.15,3,3,0,0,1,90,0,1,13.23,1.72,0
943.21,3,2,1,0,1,383,0,2,8.0,2.75,0
872.82,16,6,1,1,0,44,0,1,17.82,3.78,0
813.63,14,1,0,0,0,415,0,1,15.37,4.73,0
569.07,20,3,0,0,0,100,0,1,14.32,2.9,0
4084.52,17,1,1,0,0,289,0,2,20.45,13.25,0
11864.38,21,1,3,0,0,545,0,0,25.13,12.15,1
3590.02,15,3,0,0,0,976,0,1,14.54,3.24,0
339.19,20,2,0,0,1,325,0,0,6.54,3.25,0
2980.07,4,0,1,0,1,235,0,1,16.2,6.65,0
3068.86,12,3,1,0,1,512,1,5,7.28,11.18,1
32885.88,22,2,0,0,0,305,1,1,10.31,9.69,0
788.4,18,3,1,1,0,560,0,4,23.37,8.47,0
2415.81,9,3,1,0,0,566,0,0,20.66,3.68,0
21832.29,22,5,0,0,0,550,0,4,23.41,6.42,0
5839.95,7,2,0,0,0,638,0,2,26.51,8.33,0
6577.95,0,5,1,0,1,745,0,1,10.29,5.73,0
4106.45,19,1,0,0,0,455,0,0,14.29,14.98,0
5148.4,9,3,1,0,0,333,0,2,32.05,0.77,0
8237.81,0,3,0,0,0,561,0,3,24.62,7.64,0
1556.26,4,1,0,0,1,259,0,0,26.11,13.2,1
9154.14,1,4,1,0,0,43,0,0,19.25,2.89,0
861.22,23,2,2,0,1,199,0,3,10.39,3.09,0
5139.89,20,6,1,0,1,653,0,2,20.51,9.67,1
4392.61,22,2,2,0,0,401,0,1,19.56,7.07,0
1906.25,4,3,0,0,0,1047,0,1,14.05,7.9,0
3555.25,19,2,0,1,0,507,0,0,16.96,4.81,0
1893.79,13,5,0,0,1,312,0,0,18.87,8.62,0
1181.71,7,3,0,0,0,361,0,1,18.09,5.24,0
2511.67,16,1,0,0,0,262,0,2,27.81,10.97,0
1142.31,22,8,0,0,0,355,0,1,11.04,0.86,0
5109.91,11,3,1,0,0,99,0,0,25.18,5.44,0
1088.34,0,5,0,0,0,632,0,0,20.49,1.12,0
7689.23,20,2,0,0,0,437,0,0,26.73,4.18,0
1053.05,4,4,2,0,0,401,0,3,15.23,3.67,0
2009.0,4,2,2,0,0,99,0,2,21.73,3.48,0
1889.69,14,4,0,0,0,392,0,1,9.05,8.05,0
14638.41,19,4,3,0,0,229,0,3,22.67,20.17,1
5150.27,19,2,0,0,0,947,0,1,21.11,4.03,0
2915.16,20,3,0,0,0,740,0,0,23.2,2.18,0
6146.61,21,5,0,1,0,716,0,2,16.16,6.95,0
398.4,3,3,1,0,0,184,0,0,19.22,1.43,0
3479.73,7,1,3,1,0,817,0,3,28.6,1.85,0
29655.11,17,2,1,0,0,156,0,1,22.99,7.04,0
4183.75,9,3,2,0,0,535,0,2,22.43,0.82,0
3910.06,17,2,0,0,1,417,0,1,12.04,14.32,1
6473.91,10,4,0,0,0,370,0,2,14.73,8.31,0
9324.36,10,1,0,0,0,152,0,0,22.39,12.13,0
447.05,0,3,0,1,0,7,1,2,17.38,3.87,1
622.38,14,1,0,0,0,603,0,0,8.53,4.27,0
4540.56,20,2,1,1,0,68,0,1,18.62,7.57,0
1718.8,19,3,0,0,1,134,0,2,13.53,9.5,0
14438.11,8,6,0,0,0,14,0,2,22.07,14.15,1
2615.12,16,1,1,0,0,656,0,0,14.58,7.93,0
477.59,4,4,1,0,0,402,0,0,16.05,0.63,0
961.59,15,3,1,0,0,91,0,1,17.01,4.82,0
202.93,9,3,1,0,0,156,0,0,26.18,3.71,0
2847.42,22,0,0,1,1,87,0,1,21.7,6.17,0
2987.51,17,1,0,0,0,242,0,4,17.99,7.16,0
2331.61,1,7,1,0,0,162,0,1,23.03,9.39,0
11302.99,20,4,0,1,0,384,0,0,2.59,3.32,0
12815.95,17,1,3,1,0,87,0,1,18.16,1.24,0
3044.5,5,6,1,0,0,606,0,2,21.37,5.96,0
387.06,6,4,1,0,0,712,0,3,19.94,4.68,0
6961.47,4,2,0,1,0,1302,0,0,13.24,3.88,0
6523.25,7,2,0,0,0,312,0,2,19.34,3.91,0
5038.49,22,3,1,0,0,1140,0,1,17.01,2.11,0
10204.19,21,3,4,0,0,816,1,1,24.74,7.79,1
1071.62,13,2,0,0,1,68,2,0,14.52,3.34,1
30007.22,8,3,2,1,0,316,0,2,29.75,6.81,0
1329.56,8,3,0,0,0,152,0,1,15.53,2.46,0
7995.9,22,2,0,0,0,130,0,2,17.89,14.44,0
619.11,4,2,0,0,0,348,0,2,14.21,11.42,0
1370.9,18,2,1,1,0,510,0,0,12.14,3.77,0
17893.4,23,4,1,0,0,203,0,0,12.68,0.89,0
2768.48,20,2,1,0,0,366,0,3,22.33,4.37,0
8794.82,17,1,0,0,0,324,0,0,24.73,18.64,0
4669.48,21,3,0,0,0,368,0,2,6.53,3.24,0
3261.02,5,1,0,0,0,264,0,1,14.28,3.12,0
15245.55,23,3,0,0,0,251,0,0,15.1,6.22,0
2839.85,2,2,1,0,0,247,0,1,18.63,3.64,0
561.28,0,1,0,0,0,507,0,2,12.25,3.95,0
1566.5,4,1,0,0,0,96,0,2,23.78,3.35,0
6494.76,14,1,0,1,0,331,0,3,15.57,5.22,0
5515.32,5,4,0,1,0,98,0,3,26.97,3.29,0
702.46,15,6,0,0,0,906,0,2,6.71,9.57,0
1701.8,2,6,1,1,0,506,0,0,20.26,1.8,0
1976.72,16,1,0,0,0,602,0,1,25.57,13.73,0
2480.6,5,2,1,0,0,151,0,3,13.17,12.64,0
858.59,12,5,1,0,0,390,1,1,15.87,5.76,0
1882.23,2,2,1,0,0,489,0,1,2.0,6.69,0
1694.19,23,3,2,0,0,122,0,1,17.19,4.7,0
8185.42,9,2,1,0,0,449,0,1,18.99,3.93,0
8514.94,14,0,0,0,0,481,0,3,16.26,6.41,0
3124.09,11,2,1,0,0,108,0,0,13.45,6.43,0
2412.35,14,5,1,0,1,219,0,2,16.97,9.37,1
4217.17,10,4,0,0,0,375,0,1,14.75,3.92,0
1544.72,1,1,0,0,0,512,1,2,13.36,10.56,1
1092.07,19,1,0,0,1,450,0,1,13.47,6.2,0
1356.64,15,1,1,0,0,69,0,2,24.54,2.51,0
1869.54,6,2,0,0,0,668,0,2,15.03,3.16,0
1073.15,2,1,0,0,0,710,0,3,9.3,5.14,0
4316.34,21,1,2,0,0,186,0,1,12.2,3.02,0
7833.79,7,4,1,0,0,248,0,2,26.97,10.69,0
687.83,21,7,0,1,0,270,0,1,21.67,6.31,0
3738.3,18,5,2,0,0,522,0,0,16.62,4.5,0
2890.16,23,2,0,1,0,502,0,2,22.25,1.44,0
5211.3,15,2,0,0,0,372,0,1,17.74,4.34,0
3591.82,4,3,1,1,0,330,0,1,14.6,13.21,1
791.33,0,1,0,1,0,605,0,1,26.36,14.9,1
967.28,5,5,1,0,0,201,0,0,23.94,6.55,0
3755.19,10,1,0,0,0,160,0,1,15.85,4.96,0
10723.79,14,3,2,0,1,306,1,1,21.31,16.52,1
356.06,21,3,1,0,0,110,1,3,22.17,8.46,0
5234.43,3,6,0,0,0,660,0,0,22.16,3.17,0
12696.77,15,1,0,0,0,309,1,0,15.8,3.72,0
3100.51,2,4,0,0,0,630,0,1,12.28,1.35,0
6488.02,11,5,1,0,0,443,0,3,22.94,2.63,0
1740.24,1,3,1,0,0,635,0,0,23.14,12.74,1
3212.05,8,2,0,0,0,341,0,3,21.74,3.18,0
663.84,14,4,0,0,0,843,0,0,15.02,3.78,0
310.58,17,3,1,0,0,1300,0,2,20.38,11.1,0
9797.71,19,0,0,0,0,625,0,0,20.29,8.26,0
1294.34,12,4,0,0,0,235,0,0,8.88,1.57,0
2256.78,6,3,2,0,1,898,0,1,15.72,6.86,0
849.15,21,2,1,0,1,151,1,2,19.37,2.82,0
828.43,22,1,0,0,0,612,0,1,20.48,2.71,0
3033.49,23,1,1,0,0,130,0,1,19.04,10.4,0
1692.47,19,1,3,0,0,313,0,3,8.5,1.8,0
5414.68,18,0,0,0,0,282,0,1,24.97,3.53,0
5855.67,1,3,2,0,0,476,0,1,15.64,5.53,0
5099.47,13,2,0,0,0,113,1,2,12.91,9.58,0
4677.56,9,3,1,0,0,344,0,0,25.18,6.92,0
19084.97,6,1,0,0,0,615,0,0,12.16,6.32,0
1186.81,1,0,1,0,0,964,0,3,13.22,4.5,0
3436.88,5,5,0,0,0,434,0,0,20.11,8.41,0
11960.02,21,3,0,0,0,882,0,2,14.27,1.45,0
13735.88,21,0,0,1,0,145,0,2,29.71,13.17,0
818.23,17,0,0,0,0,46,0,2,15.18,9.61,0
2622.88,2,2,0,0,0,163,0,0,15.59,2.22,0
15154.11,16,1,0,0,1,85,0,2,21.18,4.19,0
6207.31,3,5,1,0,0,598,0,4,6.37,6.71,0
4469.47,16,1,2,1,0,610,0,0,18.14,3.88,0
2897.0,0,2,3,0,0,417,1,3,22.47,2.67,1
2433.31,6,2,1,0,0,614,0,2,12.16,6.7,0
4927.71,2,5,1,0,0,355,0,1,17.59,6.14,0
2793.38,22,5,0,0,0,343,0,3,15.05,1.27,0
3481.76,13,3,1,0,0,740,0,2,12.86,1.72,0
3954.18,22,2,0,0,0,280,1,2,20.33,2.82,0
1786.52,0,5,0,0,0,471,0,2,28.45,12.47,1
6366.06,17,1,0,0,0,596,0,1,15.47,5.29,0
77649.23,11,3,0,0,0,718,0,2,26.98,7.81,0
563.5,11,2,0,0,0,456,0,1,18.34,23.42,1
5116.43,20,2,0,0,0,300,0,3,22.49,1.15,0
1638.93,1,4,1,1,0,273,0,2,8.48,12.32,1
6675.99,22,7,1,1,0,66,0,1,25.16,3.67,0
3823.36,0,6,1,0,0,276,0,1,11.44,3.73,0
8102.66,8,5,1,0,0,305,0,3,14.35,6.07,0
12509.98,3,3,0,0,0,443,0,1,14.13,20.28,1
4456.16,12,2,0,0,0,503,1,2,5.13,10.51,0
11952.01,14,5,0,1,0,480,0,1,21.49,4.94,0
310.59,15,1,0,0,0,429,0,0,10.5,7.45,0
19340.85,19,4,0,0,0,276,0,0,29.62,9.35,0
5398.17,18,5,0,1,0,271,1,2,19.9,7.3,1
11290.71,22,1,1,0,0,782,0,4,15.61,2.67,0
1011.44,10,4,2,0,1,529,1,1,18.61,3.8,1
1521.86,4,0,0,0,0,34,0,3,6.98,4.88,0
4243.89,3,2,0,0,0,39,0,1,12.52,0.38,0
3576.39,6,1,0,1,0,65,0,0,23.92,5.88,0
4901.13,14,2,2,0,0,198,1,1,20.23,6.12,0
11370.08,1,6,2,0,0,541,0,0,21.28,9.37,1
570.5,22,2,0,0,0,207,0,0,20.83,1.72,0
10122.44,23,4,0,1,0,481,1,1,7.79,6.15,0
3672.75,3,0,0,0,1,166,0,2,10.47,5.57,0
2939.6,18,4,0,0,0,589,0,2,20.46,10.83,0
776.91,14,4,0,0,0,528,0,0,22.56,10.1,0
6174.61,11,2,0,0,0,51,0,0,12.81,2.1,0
288.64,17,1,1,1,1,986,0,0,19.66,3.06,0
7192.64,13,3,0,1,0,235,0,1,21.94,6.14,0
759.98,7,4,1,1,0,76,0,0,25.61,2.44,0
3851.16,13,1,0,0,0,313,0,2,24.18,8.19,0
3212.72,3,4,1,0,0,564,0,2,15.01,7.27,0
12431.83,6,3,0,0,0,131,0,2,33.73,9.59,0
3018.19,23,5,2,1,0,385,0,1,21.12,5.11,0
1756.63,4,3,0,0,0,281,0,2,21.18,6.38,0
2138.94,14,3,0,0,0,130,0,2,28.89,7.71,0
13856.74,7,3,3,1,0,373,1,2,9.99,2.42,1
6393.98,11,3,0,1,0,157,0,3,22.01,11.74,0
2428.64,5,6,3,1,0,255,0,1,14.65,3.61,1
2840.49,13,0,1,0,0,176,0,1,17.2,2.51,0
702.37,13,4,0,0,1,213,0,2,14.78,3.62,0
5474.73,14,3,0,0,0,293,0,2,19.52,5.67,0
573.75,7,7,0,0,0,210,0,1,8.5,1.13,0
8017.53,13,1,1,0,0,220,0,2,19.95,2.97,0
4167.42,17,4,1,0,0,287,0,2,11.08,2.59,0
44636.15,17,1,0,0,0,168,0,1,31.87,12.24,1
1146.95,13,2,0,0,0,97,0,3,21.07,2.66,0
3268.89,7,3,0,0,0,129,1,2,7.87,8.15,0
24057.5,12,1,1,0,0,375,1,1,5.96,10.12,1
12720.36,12,3,0,0,0,1158,0,1,12.09,1.74,0
1752.81,22,0,1,0,0,83,0,0,18.62,7.93,0
4606.23,9,2,1,0,0,212,0,4,13.84,6.5,0
3648.6,7,0,0,1,0,135,0,0,16.74,5.03,0
4895.41,17,6,1,1,0,306,0,1,22.52,11.49,1
1748.28,15,5,0,0,0,483,0,2,12.45,3.24,0
3315.0,10,2,0,0,0,750,0,1,18.45,3.45,0
679.97,0,2,0,1,0,262,0,0,12.13,2.79,0
4195.97,16,3,3,0,0,1093,0,0,21.21,13.32,1
5840.21,17,5,1,0,0,146,0,0,15.37,3.46,0
2867.54,22,1,1,0,0,229,0,1,16.41,4.95,0
667.94,12,4,2,0,1,175,0,3,11.25,10.37,1
10280.03,12,5,0,0,0,515,0,1,26.25,2.96,0
5338.77,5,1,1,0,0,277,0,1,21.61,0.46,0
1698.81,11,2,1,0,0,586,0,0,7.78,7.8,0
2711.8,0,1,0,0,0,343,0,1,24.16,4.17,0
753.17,12,1,0,0,0,553,0,0,12.37,2.38,0
1240.56,16,2,0,0,0,257,0,3,12.03,10.57,0
2069.99,18,3,0,0,0,49,0,2,27.52,5.34,0
13224.7,15,4,0,0,0,160,0,4,25.8,2.39,0
1860.35,19,4,0,0,0,558,0,0,12.51,6.74,0
7131.13,15,2,0,0,0,444,0,1,10.58,13.07,0
2068.89,18,5,0,0,0,479,0,3,13.97,0.69,0
4723.69,10,3,0,0,0,483,0,0,10.44,2.97,0
3138.61,14,3,1,1,0,189,0,1,14.47,3.3,0
9106.19,15,2,0,0,0,17,0,0,21.29,3.42,0
2076.52,13,1,0,0,0,1388,0,0,7.2,2.67,0
698.44,13,5,3,0,1,355,0,2,10.26,6.06,1
853.17,18,2,0,0,0,420,0,1,11.18,2.39,0
2082.93,5,2,2,0,0,457,0,0,19.51,6.54,0
980.92,7,1,0,0,0,339,0,0,21.67,2.61,0
5601.12,12,4,0,0,0,249,1,3,11.61,5.62,0
2232.65,15,0,0,0,0,652,0,2,14.8,3.57,0
44061.29,12,2,0,0,0,173,2,3,25.49,2.97,1
587.22,4,2,0,0,0,166,0,1,26.16,5.44,0
4508.93,19,3,1,0,0,308,0,0,23.48,4.12,0
1113.93,13,3,0,1,0,60,0,1,7.48,2.71,0
2168.8,10,3,1,0,0,65,0,0,22.56,7.1,0
4223.8,21,3,0,0,0,457,0,2,10.75,5.59,0
316.83,10,5,0,0,0,587,0,0,11.83,17.01,1
4668.85,3,4,1,0,0,551,0,2,15.11,6.26,0
26850.85,23,2,0,0,0,153,0,2,26.95,5.03,0
2261.74,9,0,0,0,0,741,0,3,21.32,5.85,0
4782.88,21,1,0,0,0,56,0,3,23.36,3.74,0
10680.42,12,4,0,1,0,280,0,0,13.38,4.37,0
3065.14,5,2,3,0,0,285,0,2,14.66,5.27,0
1978.3,9,2,0,0,0,194,0,2,18.4,5.39,0
333.78,21,3,0,0,0,400,0,1,25.22,10.08,0
7136.95,22,7,0,0,0,303,0,1,9.78,3.35,0
3233.02,3,1,1,1,0,562,0,1,15.42,7.57,0
1257.25,23,1,1,1,1,494,0,1,16.41,0.89,0
4158.57,20,1,2,0,1,334,0,1,9.36,5.57,0
1972.65,15,4,0,0,0,269,0,0,23.29,20.49,1
2090.49,4,4,0,0,0,607,0,1,6.1,10.46,0
6881.59,14,4,0,0,0,606,0,0,24.18,4.55,0
893.1,10,3,0,0,0,79,0,2,16.98,2.45,0
10934.53,2,5,1,0,0,297,0,0,19.79,8.22,0
839.18,23,5,1,0,0,399,0,0,23.02,7.27,0
1815.59,14,0,0,0,0,184,0,2,11.94,4.02,0
27421.8,2,8,1,0,0,108,0,0,18.37,4.87,0
11893.2,8,3,0,0,0,295,0,5,22.14,3.44,0
4033.88,20,5,2,1,0,216,0,2,8.79,5.06,0
1356.2,10,4,1,0,0,612,0,3,20.94,5.38,0
2088.63,11,4,0,0,0,101,0,0,24.26,3.5,0
3932.14,3,5,0,0,0,187,0,1,14.5,7.59,0
3787.26,2,4,2,1,1,386,0,3,21.51,3.82,1
3309.61,23,2,0,0,0,662,0,4,14.91,6.69,0
3524.97,22,4,1,0,0,103,0,4,11.97,0.51,0
2907.08,2,3,1,1,0,516,0,3,13.25,12.55,1
801.05,13,3,1,0,0,959,0,3,20.77,6.33,0
2116.81,16,1,1,0,0,570,0,2,11.1,6.05,0
9512.44,21,4,0,0,0,466,0,1,10.03,6.63,0
865.45,13,4,0,0,0,254,0,1,16.28,6.97,0
2983.84,20,2,1,1,1,12,1,1,26.72,6.31,1
1539.57,2,3,1,0,0,299,0,1,20.77,1.88,0
4092.53,0,0,0,0,0,171,0,1,22.39,4.94,0
2421.0,11,2,0,1,0,724,0,0,22.96,6.54,0
17175.91,6,8,0,1,0,374,0,2,18.54,1.45,0
6197.57,18,2,1,0,0,106,0,2,14.7,1.27,0
918.38,8,3,0,1,0,134,0,1,11.86,2.86,0
7367.17,9,1,0,0,0,40,0,2,2.94,0.25,0
1614.23,12,5,0,0,0,152,0,2,9.94,5.97,0
1986.55,23,3,1,1,0,97,0,1,3.71,6.19,0
5061.96,1,2,3,0,0,623,0,3,19.01,8.12,1
2172.57,13,2,2,1,0,39,0,0,7.75,5.68,0
9297.48,9,2,1,0,0,514,0,2,18.12,13.68,0
1614.47,0,3,0,0,0,314,0,2,17.46,4.23,0
1900.94,19,5,0,1,0,415,0,1,14.81,8.53,0
1827.69,21,3,0,0,0,216,0,1,21.71,1.49,0
2010.38,4,3,1,1,0,1162,0,1,15.37,3.28,0
11546.66,18,1,0,1,0,333,0,3,23.48,1.78,0
7046.15,16,2,0,0,0,354,0,1,24.89,8.06,0
21926.28,16,6,0,1,0,859,0,2,4.53,5.29,0
39380.51,11,1,1,0,0,468,0,0,9.46,5.85,0
1233.67,7,1,0,0,0,133,0,1,2.95,2.89,0
3920.37,1,3,1,0,0,548,0,1,24.9,4.07,0
1058.9,0,4,2,0,0,515,0,2,21.18,2.52,0
1609.23,4,3,0,0,1,146,1,2,22.15,4.94,0
1878.85,12,6,1,0,0,176,0,0,17.95,2.38,0
1199.89,3,4,0,0,0,193,0,2,23.26,2.43,0
1206.55,16,1,1,0,1,227,1,1,10.55,11.36,1
3129.1,14,3,0,1,0,485,0,1,12.12,7.63,0
1014.8,8,4,0,0,0,87,0,2,18.77,5.61,0
8815.2,2,4,0,0,0,237,0,1,18.86,0.72,0
1389.03,12,5,0,0,0,177,0,0,18.85,13.4,0
69567.13,19,3,1,0,0,310,0,0,16.31,4.18,0
2266.62,9,3,0,0,0,71,0,1,23.1,8.94,0
3926.95,19,0,1,1,0,614,0,1,9.3,2.11,0
934.39,6,2,1,1,0,427,0,0,8.29,3.97,0
21837.77,1,2,0,0,0,195,1,4,19.84,7.01,0
11795.53,15,3,1,1,0,357,0,1,9.65,5.47,0
4972.92,21,2,1,0,0,580,0,4,16.2,4.65,0
885.24,21,0,0,0,0,183,0,2,15.63,1.5,0
4542.35,23,3,0,0,0,318,1,1,23.17,4.37,0
1121.58,2,2,0,0,0,339,0,2,30.5,4.85,0
16906.83,1,3,1,0,0,553,1,3,22.93,12.15,1
8515.6,13,3,0,0,0,818,0,2,16.16,1.7,0
4024.72,22,2,0,0,1,301,0,0,10.98,5.95,0
281.97,23,2,4,0,1,606,0,2,11.61,5.26,1
1296.49,6,5,1,1,0,386,0,2,16.48,2.66,0
7496.18,9,6,2,1,1,136,0,1,22.37,10.66,1
13010.71,15,4,2,0,0,219,0,0,17.11,0.55,0
11668.27,21,1,1,1,0,462,0,5,18.22,8.13,0
684.29,4,5,0,0,0,398,0,1,24.58,12.81,0
4997.18,23,7,0,1,0,1043,0,2,30.1,1.33,0
10575.45,19,3,0,0,0,388,0,1,24.13,5.26,0
638.26,1,2,1,0,0,109,1,1,23.69,7.1,0
3610.86,20,2,0,0,0,555,0,1,22.13,6.91,0
4853.88,15,3,0,0,0,582,0,1,21.67,11.58,0
2654.99,23,1,0,0,0,235,0,0,8.06,4.3,0
520.73,5,0,1,0,0,534,0,2,20.12,7.42,0
2586.39,23,0,1,0,0,1068,0,1,17.3,4.67,0
2582.03,1,1,0,0,0,772,0,2,17.23,3.08,0
3116.68,1,4,1,0,0,157,0,0,25.19,1.96,0
2014.96,10,5,1,0,0,318,0,1,28.97,4.09,0
2286.64,15,6,2,0,0,442,0,1,12.56,12.24,1
3492.27,4,1,1,1,0,73,0,1,11.85,7.61,0
5794.0,6,3,0,1,0,662,0,0,14.36,7.31,0
2644.8,9,2,0,0,0,536,0,1,16.98,5.25,0
2368.16,3,2,0,0,0,155,0,2,20.17,7.2,0
4011.71,4,4,0,0,0,570,0,2,13.73,3.98,0
484.46,3,2,1,0,0,588,0,3,10.54,1.28,0
6008.24,22,2,0,0,0,439,0,1,12.25,4.55,0
3638.8,22,4,0,0,0,694,0,1,23.67,8.89,0
3795.91,15,4,0,0,0,591,0,2,14.77,3.9,0
9984.32,16,3,0,1,0,104,0,2,16.5,4.17,0
468.5,3,4,0,0,0,229,0,0,13.0,3.7,0
458.28,1,3,1,0,0,306,0,6,24.25,6.8,0
4853.69,9,2,1,0,0,195,0,1,19.16,12.18,0
3613.84,23,4,0,0,0,500,0,2,17.68,10.79,0
4353.28,11,2,0,0,0,43,0,1,20.88,6.16,0
2241.2,19,2,0,1,0,151,0,0,16.6,4.47,0
7314.19,8,3,2,0,0,520,0,2,9.98,4.9,0
9694.08,7,0,1,0,0,461,0,1,15.31,14.61,0
6052.23,19,3,1,0,0,694,0,1,21.98,18.68,1
2768.69,11,5,2,1,0,1589,0,1,23.36,6.59,0
398.19,17,2,1,0,0,401,0,0,37.23,5.78,0
8165.7,17,5,1,0,0,252,0,0,21.25,2.87,0
13132.1,17,2,0,0,0,159,0,4,10.45,0.93,0
7163.73,16,3,0,0,0,305,0,3,23.4,4.35,0
1445.74,19,2,0,0,0,288,0,0,19.36,6.42,0
7387.05,11,5,1,1,0,196,1,1,3.19,4.49,1
8987.2,7,4,0,0,1,288,0,0,9.06,5.21,0
18708.95,12,1,1,1,0,696,0,2,11.82,5.66,0
1451.11,7,3,2,0,0,109,0,1,25.18,9.49,0
2870.45,1,4,1,0,1,119,0,1,22.57,7.25,0
7979.54,8,3,0,1,0,888,0,1,18.18,5.59,0
3867.18,12,4,1,0,0,173,0,5,18.99,6.23,0
1126.43,12,2,3,1,0,544,0,2,23.99,8.34,1
5627.09,8,4,1,1,0,447,0,2,23.19,7.88,0
6684.82,17,0,1,0,0,331,0,1,12.89,3.77,0
3993.25,6,1,1,0,0,242,0,1,22.41,4.09,0
4585.09,15,3,2,0,0,193,0,2,26.51,3.17,0
2774.87,6,5,0,0,1,434,0,2,22.91,8.22,0
17191.89,23,5,1,0,0,531,1,2,11.74,4.12,0
1414.13,15,0,0,0,0,338,0,0,20.06,3.44,0
1965.13,13,5,1,0,0,375,1,2,10.93,4.3,0
3683.19,10,5,1,0,1,458,0,2,11.79,3.22,0
9162.75,18,1,1,0,0,152,0,1,11.46,13.79,0
755.79,10,1,1,0,0,175,0,2,26.32,10.99,0
919.83,19,2,0,1,0,103,0,2,13.41,6.09,0
428.54,3,7,0,0,0,1076,0,3,8.35,17.06,1
3768.11,19,4,1,0,0,230,0,4,12.45,6.28,0
1125.27,23,3,0,0,0,427,0,0,20.24,25.0,1
2431.4,5,1,0,0,0,195,0,2,25.24,4.67,0
7291.37,5,2,1,0,0,329,0,2,14.95,5.83,0
1856.37,22,3,2,0,0,282,1,0,26.96,7.69,1
4641.75,9,2,1,0,0,280,0,0,19.18,8.35,0
2658.97,16,3,0,0,0,417,0,4,15.14,0.54,0
7374.03,4,0,1,0,1,877,0,4,14.94,2.89,0
5996.22,10,5,2,0,1,175,0,1,15.58,7.67,1
1760.71,16,4,0,0,0,167,0,4,17.06,11.24,0
3050.06,21,3,1,0,0,601,0,3,17.6,1.51,0
10893.6,10,4,1,0,0,831,0,1,22.15,9.09,0
5502.98,1,2,0,1,1,564,0,1,12.94,9.06,0
839.82,9,3,1,0,0,416,0,0,17.46,4.24,0
7247.41,15,0,1,0,0,455,0,3,15.32,3.7,0
1165.8,21,2,0,0,1,203,0,1,23.74,7.13,0
16044.78,20,0,1,0,0,221,0,1,16.9,5.96,0
10671.2,18,5,1,0,0,742,0,3,25.87,3.15,0
4936.34,3,2,2,0,0,1062,0,3,24.35,18.69,1
4294.52,12,1,1,0,0,423,0,1,6.95,3.46,0
2923.44,13,4,2,0,0,219,0,5,11.51,4.04,0
7423.83,11,3,0,0,0,1033,0,0,14.58,9.07,0
2466.81,22,2,2,0,0,374,0,1,23.23,2.98,0
4662.69,23,2,1,0,0,902,0,3,26.15,5.95,0
9095.46,5,0,3,0,0,183,0,2,15.17,5.26,0
2018.49,22,2,1,1,0,401,0,0,7.64,2.85,0
1906.45,20,2,2,0,0,334,0,1,10.12,3.33,0
1038.9,16,4,0,0,0,105,0,0,17.69,1.41,0
1190.71,9,6,0,0,0,587,0,0,15.91,2.74,0
533.89,18,2,0,0,0,351,0,3,20.08,12.51,0
7834.72,14,2,1,0,0,303,0,0,17.45,11.46,0
24327.44,21,1,1,0,0,1317,0,0,12.83,4.39,0
16262.15,17,2,3,1,0,199,0,2,15.1,13.93,1
660.25,23,4,0,1,0,234,0,1,15.99,5.12,0
7793.91,10,3,2,0,0,248,0,1,15.57,17.4,1
16207.21,1,3,0,0,0,632,0,1,17.81,12.7,0
2253.75,11,2,0,0,0,170,0,3,27.79,3.9,0
4050.19,23,8,0,0,0,328,0,0,20.57,9.11,0
442.18,15,2,2,0,0,79,0,0,22.39,5.13,0
4817.8,16,5,2,0,0,189,0,2,9.6,7.07,0
1191.85,15,1,0,0,0,977,1,3,16.71,10.44,0
4490.04,14,3,1,1,0,257,0,2,36.61,9.49,0
706.79,1,6,0,1,0,955,0,0,19.54,7.55,0
6438.18,9,3,1,0,0,409,0,4,19.53,3.07,0
10675.84,2,5,1,0,0,777,0,6,15.37,5.01,0
1599.84,8,2,0,0,0,174,0,2,19.96,4.94,0
1103.49,17,1,2,0,0,294,0,3,20.04,9.86,0
378.48,19,0,0,0,0,276,0,0,29.4,2.66,0
2752.5,5,1,2,0,0,325,1,1,22.2,10.25,1
1976.98,15,2,1,0,0,506,1,0,22.96,5.45,0
714.39,5,3,0,0,0,970,1,1,13.07,6.59,0
5858.62,4,3,0,1,0,752,0,4,14.93,6.45,0
2269.99,23,0,2,0,0,136,0,3,14.0,11.34,1
1176.71,14,2,1,0,0,673,0,2,10.32,1.7,0
2033.88,4,3,0,0,0,772,0,2,13.98,5.29,0
11213.46,3,4,0,0,0,122,0,5,12.13,2.53,0
6857.4,1,2,1,0,1,368,0,0,22.36,6.56,0
3176.3,11,5,0,1,0,129,0,2,15.86,7.53,0
6974.81,2,5,0,1,0,545,0,0,15.14,13.77,1
1076.04,14,2,1,0,0,55,0,1,12.85,14.95,1
3766.83,10,1,2,0,0,168,0,2,14.95,1.28,0
4250.06,15,0,0,1,0,392,1,4,28.06,4.19,0
2223.13,4,7,2,0,0,371,0,1,30.27,3.8,0
5751.59,3,4,0,0,0,192,1,0,23.3,18.98,1
1604.46,2,3,0,0,0,231,0,2,19.47,8.86,0
6218.67,2,4,1,0,0,437,1,0,14.39,3.88,0
6499.31,1,8,3,0,0,743,0,1,18.58,4.29,1
170.2,6,1,0,0,0,84,0,3,24.9,0.91,0
12705.89,19,0,1,0,0,347,0,3,9.8,3.91,0
148.41,14,2,1,0,0,256,0,2,10.45,9.77,0
1906.74,6,1,0,0,0,259,0,1,20.53,9.08,0
10685.21,22,4,0,0,0,504,1,1,21.45,10.36,0
2609.33,18,2,2,0,0,643,0,1,22.3,3.96,0
780.94,18,0,0,0,0,266,0,2,8.75,15.84,0
1154.68,21,0,0,0,0,279,0,3,16.17,5.64,0
10702.7,17,4,1,0,0,97,0,3,18.48,11.0,0
484.16,22,2,0,0,0,44,0,1,15.61,3.0,0
11913.66,7,2,1,0,0,604,0,2,14.59,2.68,0
3436.27,20,1,0,1,0,700,0,4,14.24,4.87,0
1041.05,2,3,2,0,1,455,0,1,22.46,2.67,0
1973.83,7,1,1,0,0,787,0,5,7.81,7.46,0
1251.27,21,4,0,0,0,190,0,0,24.16,8.49,0
9041.1,3,6,1,0,0,30,0,1,14.75,16.71,1
7856.13,12,4,0,0,0,559,0,3,16.44,2.61,0
598.77,8,4,0,0,0,146,0,0,17.6,4.16,0
2383.27,2,4,1,0,0,431,0,0,23.8,9.32,0
1470.94,5,3,1,0,0,511,0,2,28.68,2.66,0
14160.13,12,1,0,0,0,214,0,4,26.24,4.55,0
882.18,15,6,1,0,0,213,0,1,13.53,7.8,0
19622.67,16,4,2,0,0,305,0,1,11.58,6.64,0
3515.86,3,1,0,0,0,451,0,1,11.19,11.03,0
1074.88,7,4,0,1,0,75,0,0,6.37,1.05,0
1788.02,2,1,0,0,0,227,0,2,18.82,3.45,0
1569.17,0,0,1,0,0,181,0,2,23.17,7.46,0
954.94,9,3,0,0,0,200,0,1,25.8,3.66,0
4022.14,14,3,0,0,0,874,0,0,24.66,0.85,0
1002.94,8,2,0,0,0,174,0,0,15.83,6.15,0
368.93,0,1,0,0,0,251,0,0,15.51,4.22,0
2443.87,5,3,2,1,0,183,0,2,9.09,4.44,0
548.4,10,4,2,0,0,278,0,1,14.68,14.31,1
1652.81,8,1,2,0,0,77,0,1,15.78,1.4,0
1401.7,19,4,0,0,0,300,0,3,16.55,1.84,0
1458.59,14,3,1,0,0,474,0,4,19.41,10.35,0
29762.7,23,3,2,0,0,332,0,0,30.68,1.13,0
3863.13,4,4,1,0,0,447,0,2,15.38,5.79,0
4710.93,8,0,1,0,0,355,0,4,22.54,13.48,0
563.85,2,1,1,0,0,371,0,0,12.69,6.59,0
1832.32,0,2,0,1,0,431,0,2,15.08,3.65,0
4564.52,22,3,0,1,0,524,1,4,12.27,5.74,0
1241.71,11,3,0,0,0,415,0,1,18.43,9.38,0
9447.13,15,4,1,0,0,250,0,1,13.46,1.77,0
1029.85,6,2,3,0,0,1131,0,0,22.68,5.81,0
2695.44,1,3,0,0,0,251,0,1,2.0,13.67,0
1967.75,21,4,0,0,0,447,0,1,25.47,0.7,0
4326.6,15,2,0,1,0,283,0,1,20.55,5.85,0
1858.43,17,4,1,1,0,258,0,0,25.04,6.25,0
2739.58,12,1,1,1,0,398,0,0,9.61,4.05,0
2841.43,9,3,0,0,0,145,0,2,10.48,14.51,0
1683.94,10,2,0,0,0,1241,0,1,13.37,0.98,0
6059.29,18,7,1,0,0,573,1,2,12.17,6.67,1
4676.51,5,3,0,1,0,358,0,1,23.44,2.08,0
3317.46,8,5,1,0,0,237,0,1,9.38,6.13,0
2316.98,7,2,0,0,0,685,0,3,20.13,3.84,0
8403.23,12,3,0,0,0,332,0,2,13.56,4.57,0
2842.31,23,0,0,1,0,314,1,0,17.93,5.4,0
2638.51,22,2,0,0,0,16,0,2,19.71,8.18,0
4064.01,13,0,1,0,0,265,0,2,32.26,12.64,0
21620.91,4,4,1,0,1,252,0,2,13.32,3.93,0
891.25,22,4,0,0,0,122,0,1,19.63,7.79,0
8171.03,7,2,1,1,1,136,0,1,16.21,8.97,0
498.78,8,3,1,0,0,888,0,0,21.97,1.6,0
4573.97,21,8,0,0,0,225,0,1,17.13,12.39,0
19031.24,6,1,2,0,0,132,0,0,15.52,1.75,0
6082.08,11,2,2,0,0,319,0,0,19.31,12.74,0
4355.33,22,2,1,0,0,518,0,1,25.43,10.01,0
2021.36,7,1,1,0,0,295,0,2,22.89,5.68,0
3761.6,14,2,2,0,0,561,0,0,26.06,3.1,0
2794.29,0,4,2,0,0,839,0,1,24.89,2.69,0
1595.15,23,0,1,0,0,332,0,1,24.7,4.86,0
2685.52,10,4,1,1,0,255,0,0,10.28,0.96,0
4484.13,16,0,0,0,0,1060,0,0,13.38,9.21,0
1626.88,12,3,2,0,0,639,0,4,18.49,1.01,0
1561.5,10,1,1,0,0,599,1,2,21.57,7.71,0
872.83,9,4,1,1,0,184,0,2,14.24,3.73,0
5487.68,0,1,0,0,1,244,0,0,8.43,9.54,0
6454.87,6,5,0,0,0,726,0,0,19.74,9.88,0
4643.59,9,3,0,0,0,66,0,1,21.71,5.05,0
10030.93,8,5,2,0,0,780,0,0,11.58,8.93,0
3992.85,6,4,2,0,0,447,0,3,15.46,8.23,0
5495.1,15,3,0,0,0,133,0,1,9.54,3.53,0
5009.19,19,4,0,0,0,81,0,1,21.66,0.62,0
3307.29,21,2,0,0,0,452,0,1,15.04,5.49,0
2085.24,23,3,0,0,0,635,0,1,22.21,12.35,0
37229.63,15,5,1,0,0,132,0,3,24.49,9.72,0
2265.28,9,1,1,0,0,470,0,1,22.45,2.94,0
1809.54,15,4,1,0,0,382,0,0,10.22,1.26,0
5742.85,3,1,0,1,0,225,0,1,14.0,13.04,0
4743.1,19,3,0,0,0,294,0,1,2.67,2.79,0
832.95,12,2,0,0,0,262,0,1,15.73,12.37,0
11834.95,3,3,1,0,0,564,0,2,22.53,3.31,0
3298.08,10,5,1,0,0,150,0,2,12.26,5.77,0
1134.02,7,4,0,0,1,69,0,1,25.39,4.02,0
12685.61,8,3,1,0,0,206,0,1,23.98,4.79,0
7023.1,1,1,1,0,0,657,0,1,19.12,6.01,0
965.1,0,1,2,0,0,210,1,2,20.17,2.93,0
23530.25,8,6,0,0,0,1171,0,0,13.51,3.99,0
7271.64,7,4,0,0,0,192,0,1,10.26,5.94,0
3602.18,23,4,5,0,0,173,1,0,12.62,6.97,1
19336.11,6,4,1,0,0,527,0,4,26.52,6.52,0
4303.84,7,5,0,0,0,791,0,3,11.88,5.24,0
3535.16,21,1,0,1,0,309,0,2,23.86,15.28,0
1820.17,20,6,2,0,0,973,0,1,27.64,7.16,0
6707.24,1,5,1,1,0,324,0,3,21.93,8.28,1
6005.51,2,5,0,0,0,313,0,0,9.18,8.16,0
3697.51,2,2,1,0,0,288,0,1,30.93,14.47,1
1588.45,11,3,1,0,0,502,0,4,18.11,1.98,0
4173.15,13,5,1,0,0,430,0,0,17.05,4.05,0
3383.65,8,3,1,0,0,552,0,0,13.19,2.08,0
897.71,0,3,0,0,0,227,0,1,20.81,9.44,0
776.35,4,3,0,0,0,253,0,1,24.96,0.97,0
6590.67,14,3,0,0,0,178,0,0,21.45,4.59,0
236.99,8,2,1,1,0,118,1,2,18.38,6.63,1
4517.35,2,4,0,1,0,311,0,0,20.39,6.21,0
2203.96,15,1,0,1,1,916,0,1,13.92,2.74,0
14380.94,14,2,0,0,1,346,0,2,19.59,4.78,0
2168.65,11,3,1,0,0,366,0,1,25.46,3.45,0
7276.89,22,3,1,0,0,793,0,3,20.85,2.13,0
2400.04,20,2,0,0,0,215,0,2,23.01,0.86,0
4102.84,0,4,0,1,0,190,0,1,8.47,2.77,0
7892.58,21,2,1,0,0,500,0,3,22.06,7.08,0
2240.19,1,2,1,0,0,357,0,1,14.42,0.8,0
10367.0,11,2,2,1,0,119,0,3,17.86,7.78,0
1282.56,21,2,1,0,0,463,1,2,16.38,7.09,0
4960.8,23,6,0,1,0,419,0,0,19.02,2.48,0
9592.83,0,3,0,1,0,271,0,0,18.57,5.05,0
7281.12,1,3,1,1,0,279,0,1,14.28,3.82,0
27235.24,5,2,1,0,0,169,0,1,21.08,2.79,0
1633.35,6,6,1,0,0,73,0,2,23.21,2.42,0
855.68,6,5,0,0,0,725,0,0,19.81,17.89,0
1281.71,10,1,2,1,0,350,0,1,20.53,3.01,0
7284.21,7,4,1,0,0,540,0,0,11.26,0.99,0
6141.47,13,2,1,0,0,536,0,3,11.73,0.55,0
4053.64,20,1,0,0,0,273,1,0,31.25,5.98,0
1119.79,13,3,0,0,0,19,0,2,10.74,3.86,0
8145.42,7,5,0,0,0,92,0,3,17.5,6.6,0
1006.32,13,0,0,0,0,805,0,0,19.23,1.45,0
12294.37,14,3,1,0,0,426,0,1,11.64,4.67,0
73153.14,21,1,0,0,0,292,0,1,12.11,0.38,0
5349.58,22,5,0,0,0,536,0,2,20.04,8.94,0
6716.1,6,1,1,0,0,489,1,6,28.4,4.33,0
2170.03,22,3,3,0,0,203,0,2,9.13,5.53,0
544.18,19,3,2,0,0,435,1,1,7.73,3.78,0
1933.61,3,1,3,0,0,611,0,4,7.79,8.05,1
1155.7,13,5,1,0,0,665,1,1,19.19,1.13,0
796.83,3,3,2,0,0,166,0,2,17.43,0.36,0
22214.0,11,1,0,0,0,140,0,2,9.11,5.53,0
4848.89,1,3,0,0,1,543,0,1,16.22,4.85,0
5424.45,7,1,2,0,0,1201,0,3,28.11,3.17,0
2632.07,14,4,0,0,1,61,0,2,18.68,5.12,0
3036.57,7,3,1,0,0,187,0,3,7.64,8.22,0
10024.41,0,1,2,1,0,1021,1,3,22.57,3.72,1
3519.4,9,2,2,0,0,861,0,2,29.49,6.44,0
6356.47,12,1,2,1,1,613,0,3,16.03,4.94,0
2963.71,18,2,0,0,0,245,0,1,36.31,11.38,0
2542.08,3,2,0,0,0,1244,0,2,13.38,2.42,0
831.09,11,4,1,1,0,459,1,1,17.25,0.63,0
456.4,4,2,0,1,0,283,0,1,19.61,6.02,0
2766.56,3,1,0,0,0,1012,0,1,6.77,7.24,0
3863.47,2,1,1,1,0,421,0,0,15.58,13.8,1
943.47,18,3,2,1,0,582,0,1,20.77,8.82,0
3511.51,22,2,1,0,0,436,2,2,14.6,8.02,1
3852.36,15,4,0,0,0,727,0,1,26.08,2.74,0
378.49,9,1,0,0,0,303,0,0,22.87,13.97,0
1392.87,22,2,2,0,0,737,0,3,8.7,5.83,0
5583.81,11,2,0,0,1,378,0,2,23.95,7.37,0
5466.6,12,2,0,0,0,973,0,1,22.83,10.06,0
1084.25,15,2,1,0,0,193,0,0,17.47,2.83,0
4300.0,15,3,0,0,0,439,0,0,17.47,4.66,0
10652.26,11,6,2,0,0,523,0,1,26.57,10.47,1
8233.17,11,6,0,0,0,779,0,0,5.86,5.79,0
3294.3,7,2,0,0,0,355,0,2,24.43,3.31,0
2227.48,16,7,1,0,0,249,1,0,23.72,6.61,1
1880.3,16,5,2,0,0,461,0,0,26.18,17.88,1
5950.38,10,6,0,0,0,701,0,1,20.79,1.48,0
4468.73,17,3,0,0,0,470,0,2,27.26,9.69,0
7050.64,3,2,0,0,0,137,0,1,16.83,12.5,0
4181.68,9,5,0,0,0,825,0,0,24.45,1.94,0
8601.59,23,3,0,1,0,390,0,0,19.35,8.91,0
4021.15,17,3,0,1,0,298,0,2,14.14,9.87,0
8299.27,17,1,2,0,0,466,1,0,18.7,9.97,1
9084.85,20,5,1,0,0,469,0,1,16.57,4.32,0
1564.38,14,2,0,0,0,439,0,4,27.09,7.33,0
545.36,15,3,0,0,1,412,0,3,23.61,7.33,0
18410.34,11,3,0,0,0,207,0,4,11.12,2.22,0
4767.09,19,2,1,0,0,372,0,0,18.03,5.54,0
601.72,17,2,0,1,0,239,0,3,13.05,1.72,0
1720.71,12,4,1,0,0,341,0,3,11.78,5.52,0
8188.35,3,3,0,0,0,671,0,2,19.39,1.49,0
2714.44,19,2,0,0,0,407,0,0,20.77,10.12,0
2126.72,7,4,1,0,0,128,0,0,26.74,2.34,0
15850.02,8,4,1,0,1,272,0,0,16.0,6.24,0
1212.39,2,0,1,0,0,660,0,0,24.21,7.95,0
1574.89,5,2,1,0,0,492,0,1,23.19,7.81,0
4545.79,3,3,0,0,0,248,1,1,20.39,16.35,1
5486.13,2,4,0,0,0,582,0,1,17.61,8.48,0
6131.29,0,1,0,0,0,819,0,3,11.49,8.3,0
9478.68,7,3,2,0,1,379,0,2,30.87,6.33,1
4485.06,18,1,0,1,0,253,0,0,21.22,5.07,0
6086.65,20,6,0,0,0,258,0,2,25.17,9.38,0
2773.4,5,0,1,0,0,1080,0,1,19.12,1.22,0
3888.71,10,5,0,0,0,295,0,1,20.78,1.73,0
4076.16,19,3,0,0,0,519,1,0,17.86,2.63,0
4563.54,16,5,0,0,0,90,0,1,13.4,6.66,0
8194.08,21,2,0,0,0,472,0,3,19.36,3.32,0
6521.78,10,2,1,0,0,915,0,3,19.11,12.6,0
3813.98,4,1,2,1,0,312,0,0,11.15,9.88,1
1556.85,3,5,0,0,0,131,0,1,27.06,10.0,0
3909.07,17,3,0,1,0,637,0,1,7.6,1.21,0
3535.4,0,4,1,0,0,729,0,2,20.49,7.78,0
4459.72,11,3,0,0,0,489,0,1,22.59,5.02,0
36932.66,8,2,0,1,0,76,1,3,16.6,0.51,0
2100.73,22,5,1,0,0,111,0,2,17.64,3.88,0
5672.6,23,2,0,0,1,16,0,0,20.09,3.32,0
11180.04,11,0,0,0,0,528,0,1,34.26,6.36,0
4035.57,13,2,1,0,0,514,0,1,17.25,11.98,0
42392.95,9,2,1,0,0,443,0,2,14.3,1.56,0
2448.08,18,1,0,0,0,306,0,2,17.65,10.27,0
5116.85,7,4,0,0,0,570,0,0,13.98,11.67,0
1573.81,17,2,0,1,0,177,0,2,2.85,2.41,0
2517.19,21,2,0,1,0,834,0,3,11.62,1.95,0
4728.58,4,7,1,0,1,264,0,3,19.65,10.32,1
8853.95,5,7,4,0,0,272,0,1,27.85,13.58,1
5090.08,9,2,0,0,0,225,0,1,17.93,2.34,0
13657.86,19,1,0,0,0,582,1,2,16.25,2.22,0
3295.41,15,2,0,1,0,928,0,1,15.6,6.6,0
2568.87,4,6,1,0,0,524,0,2,27.08,1.71,0
62266.84,8,0,0,0,0,218,0,1,26.65,3.46,0
5507.96,15,6,0,0,0,145,1,3,8.8,4.2,0
1710.51,23,0,0,1,0,518,0,2,12.77,5.65,0
1756.4,10,1,2,0,0,126,0,3,12.38,4.03,0
1353.14,1,1,1,1,0,433,0,1,18.14,3.75,0
9734.17,2,1,0,1,0,263,0,4,12.0,23.21,1
2483.45,0,3,0,0,0,211,0,1,16.29,4.73,0
4161.92,3,3,0,0,0,634,1,1,12.97,3.31,0
3406.08,9,4,0,0,0,359,0,1,12.5,4.88,0
7848.42,6,2,1,0,0,228,0,0,29.65,4.2,0
1496.55,7,4,2,0,0,393,0,0,3.05,7.94,0
1176.91,18,2,0,1,1,240,0,1,23.5,5.65,0
4607.83,11,5,0,0,0,412,0,0,17.26,10.76,0
6843.18,17,2,1,0,1,360,0,0,19.36,8.42,0
5162.41,13,5,3,0,0,437,0,2,16.82,1.34,0
1556.31,4,2,1,0,0,1168,0,3,28.57,0.12,0
7415.73,22,3,0,0,0,562,0,3,23.1,2.04,0
1667.28,11,6,1,1,0,120,0,1,21.18,2.34,0
2105.66,20,2,0,0,0,854,0,1,31.26,3.76,0
1351.34,2,3,0,0,0,920,0,3,16.28,8.21,0
14274.3,20,3,0,0,0,43,0,4,19.39,3.48,0
7080.45,17,0,0,0,0,100,0,2,19.25,2.64,0
6872.22,5,1,0,0,0,288,1,2,10.9,11.64,1
13488.22,19,3,1,0,0,234,0,1,22.37,11.82,0
69792.49,17,3,0,1,0,434,0,1,22.29,5.88,0
605.05,21,2,0,0,1,77,0,3,24.36,2.33,0
1676.9,5,1,0,0,0,161,0,0,23.5,7.32,0
1906.48,21,3,0,0,0,807,0,1,16.5,6.85,0
1490.16,18,3,1,0,0,68,0,2,17.89,3.5,0
1174.43,8,0,0,0,0,192,0,0,15.56,4.74,0
2658.09,8,4,1,0,0,203,0,2,30.14,6.32,0
1014.92,6,3,1,0,0,1314,0,3,15.35,2.1,0
5176.03,11,1,1,0,1,359,0,1,20.39,12.3,1
3844.06,21,1,0,0,0,213,1,0,20.02,11.41,0
6033.49,20,2,0,0,0,170,1,0,4.86,8.26,0
6205.03,3,2,0,0,0,268,0,1,5.37,14.23,0
6857.9,3,1,0,1,0,218,0,1,28.88,7.55,0
2460.01,1,0,0,0,0,258,0,2,13.81,2.2,0
33765.69,14,1,0,0,0,343,0,0,22.57,1.96,0
4657.12,7,3,1,1,0,538,0,0,17.99,4.11,0
515.12,18,3,3,0,0,287,0,2,12.84,2.35,0
1270.93,18,0,0,1,0,214,0,0,16.17,3.07,0
585.5,4,2,0,0,0,319,0,2,24.58,3.48,0
3707.83,16,3,2,0,0,51,0,2,18.4,6.94,0
3203.84,18,2,0,1,0,272,0,1,38.6,13.68,1
2226.43,23,4,2,0,0,368,0,0,13.7,5.73,0
30075.69,17,6,1,0,0,682,0,5,23.25,6.93,0
6479.72,8,4,0,0,0,168,0,2,21.85,9.37,0
7804.09,23,5,1,1,0,305,0,0,13.19,9.71,0
1369.74,6,3,0,1,1,1053,0,2,14.05,11.11,0
1275.25,19,3,1,0,0,401,0,2,11.23,4.97,0
3784.41,9,1,2,0,0,273,0,0,10.88,7.86,0
4366.24,22,1,0,0,0,272,0,3,11.66,4.89,0
518.47,18,6,0,0,0,500,0,2,17.89,5.34,0
3012.96,14,6,0,0,1,424,1,2,3.94,5.41,1
3695.15,5,2,0,0,1,459,0,1,12.63,3.22,0
2904.72,4,0,2,0,0,205,0,0,18.14,10.92,1
1549.89,22,4,0,0,0,360,0,1,17.45,6.23,0
2066.24,19,4,0,1,0,868,0,1,16.29,7.88,0
3023.89,12,3,1,0,0,240,0,1,18.46,5.73,0
4005.16,21,1,0,0,0,104,0,2,11.44,3.1,0
6870.77,18,3,0,0,0,268,0,0,16.9,7.21,0
11326.48,9,3,1,0,0,251,0,1,29.29,3.72,0
2672.94,19,3,1,0,1,307,0,0,21.25,2.17,0
2255.29,19,4,0,0,0,818,0,1,12.66,8.5,0
5764.87,11,2,0,0,0,370,0,1,14.97,12.93,0
6914.58,0,4,0,0,0,798,1,3,23.25,2.26,0
2307.89,17,4,1,0,0,96,0,2,17.72,5.05,0
8349.13,8,5,1,0,0,157,0,1,14.35,4.27,0
10183.91,8,6,0,0,0,261,0,1,17.46,6.75,0
14133.04,17,5,0,0,0,1011,0,1,17.47,21.32,1
23558.38,19,2,1,0,0,627,1,1,16.85,5.66,0
1465.96,2,2,2,0,0,160,0,1,14.52,1.8,0
3694.47,19,1,0,0,1,372,0,0,10.48,3.34,0
3684.32,7,1,1,0,0,211,0,3,17.18,7.35,0
3284.67,13,4,0,0,0,668,0,1,19.9,6.81,0
1841.39,20,4,0,0,0,91,0,0,18.99,1.92,0
765.22,5,2,0,0,1,154,0,0,16.11,9.94,0
4013.08,5,3,0,0,0,225,0,1,26.59,4.34,0
1624.94,23,4,1,0,1,719,0,2,11.38,5.43,0
3985.0,8,8,1,0,0,335,0,1,8.42,4.53,0
1581.7,22,3,1,0,0,313,0,0,6.08,3.8,0
1147.52,8,4,2,1,0,118,0,0,9.06,5.69,0
4656.47,14,1,2,0,0,257,0,1,22.6,3.23,0
4266.15,12,4,1,0,0,503,0,1,15.92,5.67,0
6689.18,23,5,0,0,0,468,0,1,16.11,15.83,0
36140.05,13,2,0,0,0,361,0,2,17.28,3.99,0
4871.48,12,1,1,0,1,455,0,1,13.87,7.97,0
6059.22,11,4,0,0,0,378,0,2,13.54,8.9,0
1174.46,9,1,0,0,0,94,0,4,21.05,12.27,0
942.7,10,2,1,0,0,530,0,1,16.2,12.92,0
19186.67,11,3,1,0,0,288,0,0,11.24,8.93,0
1380.7,18,5,1,0,1,511,0,0,15.37,10.39,1
1216.65,1,3,0,0,0,504,0,2,22.22,5.66,0
3494.5,12,6,1,1,1,490,0,1,18.36,13.31,1
3311.97,13,3,2,0,0,268,0,1,25.28,1.68,0
1411.44,18,3,0,0,0,644,0,2,20.68,1.01,0
2643.29,15,2,0,0,0,341,0,1,16.98,5.37,0
13237.97,10,2,1,1,0,765,0,2,19.63,7.03,0
1561.98,2,1,1,0,0,747,0,1,14.88,2.53,0
842.73,8,3,1,0,0,522,0,2,18.85,0.12,0
9795.94,6,1,1,0,0,367,0,4,20.11,1.75,0
6105.3,4,1,0,0,0,213,0,1,13.93,3.95,0
1897.81,17,4,0,0,0,333,0,1,18.65,10.4,0
691.4,11,4,0,0,1,53,0,1,25.77,0.73,0
1665.94,19,5,2,0,0,374,0,2,18.6,1.16,0
3437.71,3,1,1,0,0,533,0,1,15.05,4.2,0
12381.46,23,3,0,0,0,288,1,3,27.82,5.54,0
1226.09,11,4,1,0,0,481,0,0,17.45,5.84,0
3331.75,6,1,0,0,0,797,1,3,30.34,2.97,0
7397.53,8,2,0,0,0,322,1,0,20.02,4.83,0
298.77,20,6,0,0,1,647,0,1,18.51,3.89,0
10780.3,17,4,0,0,0,144,1,1,20.68,0.48,0
1051.98,4,1,1,0,0,263,0,2,27.03,3.73,0
5159.5,23,3,1,0,0,187,0,1,9.09,4.8,0
4717.42,3,4,1,1,0,543,0,0,3.4,3.29,0
11370.93,6,1,0,0,0,143,0,2,8.11,1.29,0
6492.94,17,1,2,1,0,283,0,0,13.71,5.56,0
300.02,12,1,1,0,0,516,0,1,17.13,1.11,0
1597.16,10,6,0,0,0,242,0,1,20.94,4.54,0
4209.57,22,5,1,0,0,73,0,1,12.32,4.01,0
2966.89,19,5,1,0,0,360,1,1,17.14,1.96,0
6011.87,23,2,1,0,0,207,0,2,19.51,8.25,0
8340.14,6,5,2,0,0,292,1,0,16.46,14.16,1
6897.22,20,5,0,0,0,446,0,4,16.81,16.48,1
2907.39,5,2,0,0,0,515,0,3,16.23,4.24,0
523.92,19,2,0,0,0,77,1,0,33.53,25.0,1
2256.89,13,4,0,0,1,256,0,1,16.24,7.77,0
5637.45,14,5,1,0,0,236,1,1,32.19,15.62,1
1158.67,2,3,0,0,1,492,1,1,24.13,4.77,0
7064.51,21,2,0,1,0,467,0,2,21.44,7.51,0
9450.41,6,3,1,1,0,446,0,0,16.17,5.6,0
4159.75,14,2,0,1,1,465,0,2,21.69,12.44,1
145.92,3,2,0,0,0,311,0,2,9.62,9.84,0
951.47,22,1,0,0,0,199,1,0,14.27,5.97,0
26383.62,7,1,0,0,0,537,0,1,11.45,6.99,0
2051.11,18,2,1,0,0,68,0,1,25.97,0.88,0
453.34,18,6,0,0,0,121,0,0,25.29,7.13,0
13319.84,13,1,1,0,0,286,0,2,19.51,7.86,0
3692.37,2,5,1,0,0,1225,0,4,14.26,1.41,0
11616.57,6,1,0,0,0,178,0,0,10.76,12.84,0
4869.79,14,3,1,0,0,1423,0,0,23.73,4.11,0
5892.8,12,1,0,1,0,362,1,1,16.81,6.37,0
5330.28,14,2,3,0,0,905,0,3,20.69,8.15,0
7573.14,5,2,0,0,0,194,1,0,18.84,4.2,0
39787.26,12,1,0,0,0,93,0,1,13.6,6.04,0
10092.59,2,2,0,0,0,40,0,0,15.48,3.54,0
692.73,11,3,0,0,0,346,0,1,26.66,10.21,0
5819.65,2,2,0,0,1,114,0,3,9.88,6.59,0
12070.92,15,5,1,0,0,154,0,0,8.59,3.12,0
12872.34,13,2,2,0,0,499,0,1,15.1,7.38,0
2326.37,20,2,1,0,0,22,0,1,22.49,2.61,0
12372.01,11,1,1,0,0,891,0,1,16.76,3.31,0
9644.37,3,2,0,0,0,46,0,3,22.02,5.61,0
54238.34,5,3,1,0,0,409,0,2,21.32,5.18,0
1656.56,19,2,1,0,0,1081,0,1,13.84,6.79,0
2137.15,22,3,0,0,0,358,0,0,11.71,7.5,0
2640.11,1,0,0,0,1,57,0,3,14.4,4.0,0
2176.05,16,3,1,1,0,1161,0,1,31.46,6.05,0
1430.07,11,2,0,0,0,670,0,0,24.3,3.93,0
200.17,6,2,0,0,0,531,1,2,12.83,5.69,0
2306.68,12,1,1,0,1,468,0,4,20.37,1.81,0
5365.94,22,2,1,0,0,1083,0,1,24.42,7.96,0
2169.21,4,3,1,0,0,103,0,2,13.01,1.58,0
27782.18,20,2,1,0,0,306,0,1,24.94,7.52,0
3692.45,2,3,1,1,0,225,0,2,20.61,5.39,0
14123.29,17,4,0,0,0,626,1,3,22.34,11.95,1
4790.99,1,1,0,0,0,1049,0,2,21.09,3.82,0
8670.9,1,0,1,0,0,359,0,4,19.51,5.08,0
4881.48,0,0,0,0,0,502,0,5,19.08,0.41,0
15324.74,19,1,1,0,0,339,0,0,23.15,12.52,0
3861.21,13,1,0,1,0,600,0,2,28.4,2.3,0
6129.86,16,1,1,0,0,163,0,2,14.11,8.67,0
5348.92,3,2,2,0,0,582,0,0,12.62,2.7,0
2690.01,22,5,0,0,0,644,0,0,26.94,4.41,0
5570.45,19,2,0,0,0,406,0,1,21.89,5.49,0
38029.05,11,1,2,0,0,214,0,1,17.06,5.54,0
2741.01,21,4,1,0,0,495,0,0,20.91,12.37,0
5655.81,3,1,0,0,0,233,0,2,19.4,5.02,0
13638.72,7,6,1,1,0,935,0,3,11.91,2.36,0
12055.38,1,4,1,1,0,540,0,0,20.77,15.51,1
3686.02,3,2,1,0,0,170,0,1,14.86,4.12,0
298.1,20,1,1,0,0,118,0,1,14.35,1.85,0
6263.77,9,2,0,0,0,225,0,0,31.42,25.0,1
354.09,15,2,0,0,0,336,0,1,22.24,3.57,0
17041.96,21,1,1,0,0,26,0,0,19.95,9.41,0
4350.07,18,2,2,1,0,852,0,1,11.76,5.12,0
10401.01,9,2,2,0,0,543,0,0,14.96,21.43,1
1412.03,8,0,1,0,0,520,0,0,24.57,7.57,0
713.28,2,4,1,0,0,830,0,1,11.67,11.77,0
4787.64,19,3,0,0,0,299,0,0,21.96,14.66,0
3514.72,23,3,1,0,0,308,0,0,15.8,6.15,0
2173.04,12,3,2,0,0,490,0,0,26.94,3.64,0
3979.43,11,1,0,0,0,858,1,1,20.51,21.87,1
66556.58,20,5,0,0,0,300,1,1,29.94,1.88,1
8745.13,8,5,3,0,0,311,0,1,5.44,2.36,0
10959.63,9,4,0,0,0,165,0,0,23.95,1.82,0
8831.97,21,2,0,0,0,273,0,1,17.08,15.21,0
17213.26,9,5,1,0,0,293,0,3,21.47,3.09,0
2982.22,22,1,3,1,0,443,0,2,28.87,3.2,0
420.94,3,5,1,1,0,904,0,0,14.97,4.13,0
2986.88,11,1,0,0,0,255,0,3,20.59,2.86,0
8538.35,11,0,2,1,0,586,0,2,20.52,4.91,0
1315.15,7,4,4,0,0,272,0,0,4.06,4.44,0
3025.45,23,8,0,0,0,910,0,2,17.39,11.88,1
1761.01,11,2,0,0,0,253,0,2,26.96,10.01,0
17626.01,21,2,1,0,0,225,0,2,24.23,7.76,0
7997.86,5,2,2,0,0,278,0,3,19.11,10.24,0
7216.44,8,1,1,0,1,743,0,2,25.78,17.55,1
6993.12,11,3,1,0,0,365,0,3,5.96,3.88,0
3501.3,13,4,1,0,0,954,0,2,13.23,4.85,0
4480.25,5,6,2,0,0,43,1,2,18.67,1.48,1
1048.96,7,3,0,0,0,216,0,1,15.79,5.13,0
366.59,14,3,1,0,0,92,0,1,15.52,12.09,0
4262.39,6,0,0,0,0,446,0,1,16.12,11.03,0
5116.32,18,3,0,1,0,309,0,1,22.18,1.3,0
12961.36,11,1,1,0,0,388,0,2,21.69,6.51,0
18956.51,23,6,0,0,0,130,0,4,20.38,4.27,0
18929.91,5,1,1,0,0,1254,0,3,16.46,11.35,0
1276.75,20,4,0,0,0,131,0,1,27.58,1.55,0
2515.24,11,3,1,0,0,947,0,2,13.95,8.51,0
6029.09,2,4,2,1,0,310,0,2,29.07,8.7,1
51974.05,16,3,1,0,0,421,0,2,28.72,0.8,0
17224.78,5,1,0,0,0,512,0,2,15.54,8.63,0
11794.25,3,3,1,0,0,532,0,2,12.27,6.28,0
2423.15,12,3,2,0,0,117,1,2,18.52,7.87,1
1440.35,18,2,1,1,0,177,1,0,9.7,2.12,0
8336.12,6,4,0,0,0,445,0,2,20.71,13.11,0
1146.31,14,0,1,0,0,402,0,2,18.7,0.92,0
2834.56,0,1,2,0,1,144,0,1,19.24,13.11,1
3227.56,4,7,0,1,0,523,0,1,21.25,1.25,0
19390.87,18,6,0,1,0,438,0,2,13.14,5.46,0
2508.82,0,2,1,0,0,212,0,0,12.99,6.39,0
281.12,8,1,0,0,0,275,0,1,9.72,5.05,0
6183.67,12,4,0,0,0,556,0,2,20.93,8.63,0
1747.65,1,4,1,0,0,754,0,3,5.47,3.36,0
3807.63,23,0,0,0,0,139,0,1,13.05,15.51,0
3324.12,12,3,2,0,0,372,0,1,18.21,10.39,0
2731.51,8,5,1,0,0,236,0,0,14.94,5.9,0
8348.67,23,4,0,0,0,387,0,2,29.0,5.14,0
728.14,13,3,0,0,0,234,0,1,6.81,11.68,0
2115.69,16,4,1,1,0,462,0,0,8.84,4.36,0
7466.93,2,1,0,0,0,476,0,0,14.27,10.64,0
1910.67,3,7,2,0,0,475,1,3,14.85,3.36,1
672.33,1,1,2,0,0,235,0,1,21.55,1.44,0
7346.53,12,2,0,0,0,387,0,2,22.03,3.13,0
11840.12,20,4,0,0,1,292,0,0,29.19,15.46,1
3472.93,21,1,1,0,0,321,1,1,20.23,3.22,0
464.57,13,2,2,0,0,184,0,2,9.97,0.82,0
7640.88,1,2,0,0,0,1276,1,0,8.88,10.46,0
637.22,15,6,0,0,0,115,0,2,26.4,12.97,0
5035.35,15,3,1,0,0,139,0,0,24.64,9.88,0
1433.91,14,4,0,0,0,301,0,2,13.77,10.32,0
1077.25,17,4,1,0,0,308,0,3,11.65,1.9,0
2289.28,13,5,0,1,0,310,0,3,15.76,3.89,0
3003.51,16,1,1,0,0,574,0,3,3.53,1.81,0
1851.19,11,3,0,0,0,332,0,2,24.41,2.33,0
6755.68,3,3,1,1,0,294,0,1,22.09,4.93,0
2279.31,1,4,0,0,0,397,1,2,18.38,6.37,0
10190.39,21,4,0,0,0,193,0,0,7.95,5.33,0
4891.39,10,4,0,0,0,259,0,0,18.86,10.83,0
1750.34,7,2,1,0,0,467,0,1,31.22,3.13,0
1466.69,7,2,0,0,0,81,0,1,4.91,4.85,0
645.57,1,8,1,0,1,501,0,2,19.37,3.91,1
4940.74,22,2,0,0,0,288,0,2,8.0,2.6,0
2509.11,1,1,1,0,0,604,0,2,9.27,2.14,0
301.63,5,2,1,0,0,770,0,0,23.84,4.52,0
2074.55,10,3,1,0,1,516,0,1,13.86,11.37,1
1413.63,8,2,1,0,0,292,0,1,14.02,2.29,0
19043.13,0,5,0,0,0,833,0,3,25.6,16.81,1
609.16,7,1,0,0,0,300,0,0,18.42,5.35,0
801.58,18,3,0,0,0,102,0,0,10.92,6.1,0
11678.07,6,1,1,0,0,535,0,0,15.28,1.58,0
15132.52,20,0,1,1,0,315,0,1,17.42,7.58,0
1665.31,8,1,2,0,0,741,0,0,21.21,1.61,0
1874.9,0,3,0,0,0,468,0,1,13.61,10.91,0
6953.83,2,3,1,0,0,295,0,3,23.34,5.39,0
316.25,19,4,0,0,0,483,0,2,16.42,4.81,0
515.81,9,3,2,0,0,393,0,0,21.63,11.07,0
2711.43,23,2,0,1,0,271,0,2,18.94,5.43,0
18534.43,18,4,1,0,0,1384,0,1,12.07,2.29,0
2304.19,0,3,3,0,0,116,0,0,18.96,6.6,1
4048.02,7,2,2,0,0,105,0,1,21.2,5.99,0
11973.83,17,5,2,0,0,448,0,2,35.83,4.88,0
33263.93,1,1,1,1,0,320,0,1,21.58,3.15,0
1986.86,23,2,1,0,0,367,1,1,12.97,11.06,1
3577.15,3,2,0,0,0,389,0,2,9.81,4.85,0
24665.43,19,3,0,0,0,487,0,4,18.19,2.51,0
736.34,20,2,1,1,0,363,0,0,26.56,8.3,0
10710.29,12,2,0,0,0,33,0,3,23.31,4.85,0
1249.84,19,6,2,0,0,560,0,2,16.53,2.38,0
4054.55,21,7,0,1,0,7,0,1,7.56,3.45,0
2822.14,17,2,0,0,0,281,1,0,22.52,5.93,0
1331.54,16,1,0,0,0,297,0,0,15.94,3.34,0
1296.91,9,4,2,1,0,158,0,2,21.62,16.09,1
4867.01,7,3,2,0,0,191,0,2,20.22,15.9,1
10355.95,20,4,0,1,0,1112,0,3,14.66,7.54,0
3177.27,5,5,0,0,0,658,0,3,21.16,4.62,0
3919.11,9,2,1,0,0,200,0,0,19.05,7.75,0
6632.47,12,2,0,0,0,533,1,1,6.06,0.95,0
1312.65,9,3,3,0,0,229,0,0,23.82,12.11,1
7916.28,8,3,2,0,0,601,0,1,13.9,10.85,0
8606.82,14,3,1,0,0,725,0,2,10.12,0.82,0
56039.25,7,2,2,0,0,617,0,3,19.31,7.74,0
2453.06,23,2,1,1,0,623,0,1,16.11,8.28,0
2250.74,4,3,1,0,0,196,0,1,21.79,3.18,0
8163.38,9,4,0,0,0,163,0,1,14.28,4.35,0
8604.66,20,2,0,0,0,795,0,1,19.2,4.99,0
2075.92,11,5,0,0,0,531,1,1,18.39,2.16,0
2384.34,16,5,0,0,0,70,1,1,14.6,9.95,1
6426.51,15,1,2,0,1,107,0,0,20.66,6.03,0
1526.96,7,2,1,1,0,312,1,1,21.65,3.54,0
2365.96,17,1,0,0,0,36,0,1,20.04,10.31,0
4000.09,5,4,2,0,0,249,0,3,28.71,4.81,0
10360.29,17,5,0,0,0,883,0,1,23.63,3.51,0
1929.8,3,4,2,0,0,169,0,2,28.22,13.83,1
526.1,16,0,0,0,0,597,0,0,15.87,2.41,0
486.66,2,2,0,0,0,220,0,1,13.77,8.06,0
970.31,20,1,0,0,0,118,0,0,21.22,7.15,0
917.06,15,2,0,0,0,546,0,1,7.14,25.0,1
3095.36,0,4,2,0,0,653,0,3,6.03,4.15,0
1044.9,2,0,0,0,0,175,0,2,22.7,4.41,0
1740.81,4,1,0,0,0,594,0,1,17.15,13.73,0
1615.19,23,1,1,0,0,111,0,0,12.96,1.51,0
2292.66,14,3,1,1,1,233,0,1,16.9,7.0,0
14597.85,6,2,0,0,0,557,0,0,31.43,11.66,0
7295.73,6,4,0,0,0,212,0,1,18.68,1.89,0
3703.14,0,4,1,0,0,22,0,1,13.9,2.89,0
2243.79,4,4,1,0,0,403,0,1,7.72,4.81,0
2310.24,20,1,0,0,0,103,0,1,12.0,8.57,0
5136.53,14,0,0,0,1,233,1,1,22.17,3.64,0
6723.59,8,0,3,1,0,350,0,2,13.84,8.62,1
1403.89,0,8,2,1,0,212,0,1,17.4,10.3,1
3783.12,8,4,0,0,0,637,0,1,18.3,4.61,0
431.3,9,1,1,0,0,145,0,1,15.01,6.84,0
4547.35,2,2,0,0,0,419,0,1,14.49,6.01,0
8105.16,14,2,0,0,0,607,0,1,10.01,6.87,0
2713.32,15,2,3,0,0,396,0,0,21.26,7.34,0
24522.67,23,0,0,0,0,403,1,2,19.63,1.77,0
1443.32,8,3,0,0,0,159,0,0,18.62,0.15,0
4574.77,6,0,0,0,0,320,0,2,18.34,11.77,0
3506.54,19,0,0,1,1,1546,1,2,13.99,1.9,0
3277.01,8,2,2,0,0,881,0,1,20.98,2.57,0
3229.11,15,5,0,0,0,127,0,1,28.71,4.39,0
4074.32,17,2,0,0,0,366,0,2,11.74,10.27,0
8869.35,21,3,1,0,0,449,0,0,21.03,6.11,0
15469.46,7,3,0,0,1,159,0,1,25.52,1.68,0
3632.36,14,2,1,0,0,264,0,1,8.65,4.32,0
8570.5,3,1,1,0,0,374,0,1,14.27,2.25,0
1742.62,18,2,1,0,0,404,1,2,19.68,3.0,0
8137.62,1,3,0,0,0,512,0,1,13.3,14.69,0
1635.84,16,5,0,0,0,292,0,1,18.35,6.77,0
11443.68,5,2,1,0,0,11,0,1,4.53,5.11,0
37092.61,11,1,1,0,0,151,0,2,11.21,5.88,0
3202.9,1,1,0,0,0,209,0,1,20.19,14.5,0
364.25,16,6,1,0,0,411,0,2,19.06,0.99,0
2047.8,11,2,0,0,0,225,0,3,17.22,0.97,0
13272.76,15,2,0,0,0,460,0,3,23.58,3.13,0
6507.63,8,5,1,0,0,799,0,0,18.7,7.9,0
4728.48,0,1,0,0,0,120,0,2,21.18,2.62,0
10499.7,13,1,0,0,0,505,0,2,18.33,11.87,0
6055.22,16,2,0,0,0,663,0,0,28.42,5.62,0
13077.02,15,1,1,0,0,590,0,0,21.79,2.84,0
9560.5,6,0,1,0,0,689,0,1,13.86,0.63,0
17993.85,17,2,0,0,0,265,0,1,18.88,3.62,0
5306.76,13,1,1,0,0,91,0,1,18.13,2.99,0
9419.36,5,2,0,1,0,159,0,3,25.1,11.6,0
2637.31,2,4,0,0,0,589,0,2,11.57,13.16,0
1936.17,7,1,1,0,1,104,0,0,17.66,1.84,0
21853.27,0,5,0,0,1,16,0,1,10.93,1.32,0
4568.84,17,0,1,0,0,223,0,1,10.83,10.12,0
8477.11,0,3,1,0,0,422,0,0,18.65,1.66,0
4146.11,1,4,1,0,0,179,1,2,24.3,2.79,0
1966.79,3,4,1,0,0,526,0,0,14.22,17.38,1
3683.18,7,5,0,1,0,303,0,2,13.37,12.54,0
16445.28,0,5,1,0,0,234,0,1,27.01,10.54,1
6522.43,15,0,2,0,0,1100,0,0,26.61,3.16,0
603.63,3,1,0,0,1,93,0,2,16.11,2.26,0
2904.43,19,1,1,0,0,450,0,0,22.4,5.35,0
23656.86,13,2,0,0,0,132,0,1,18.95,5.73,0
2908.85,2,4,0,0,0,2173,0,0,20.41,3.38,0
549.77,9,1,0,0,0,574,0,2,13.37,9.44,0
26574.34,3,4,1,1,0,134,0,3,24.37,7.16,0
7454.05,23,0,1,0,0,519,0,1,21.37,1.57,0
3382.89,14,1,1,1,0,350,1,1,26.48,3.83,0
2465.16,19,0,1,0,0,309,0,1,15.9,6.68,0
11344.29,8,1,2,0,0,450,1,0,20.52,13.85,1
2060.94,3,2,0,0,0,296,0,2,20.35,3.36,0
12157.11,5,5,0,0,0,267,0,2,14.19,14.09,0
6433.7,10,4,1,1,0,100,0,0,22.48,2.97,0
4707.52,18,3,2,0,0,80,0,1,12.64,6.24,0
4242.0,10,1,0,0,0,490,0,3,17.85,5.0,0
3029.9,22,6,0,1,0,239,0,4,29.35,9.54,0
10915.31,8,1,0,0,0,246,0,2,15.17,10.66,0
1467.61,5,1,0,0,0,68,0,2,15.38,6.69,0
663.14,11,4,1,0,0,209,0,1,22.16,12.65,0
6940.73,2,3,1,0,0,154,0,1,23.5,4.56,0
7064.24,16,3,2,0,0,349,0,0,18.15,3.27,0
6028.5,2,3,2,0,0,720,0,3,25.09,6.76,0
5586.54,15,10,1,0,1,248,0,1,25.39,13.93,1
2600.43,9,3,1,0,0,830,0,2,24.07,3.03,0
8323.66,8,5,1,0,0,365,0,3,11.27,1.01,0
3470.88,14,5,0,0,0,852,0,1,23.01,5.47,0
2183.16,16,1,0,0,1,808,0,1,21.08,5.52,0
2624.15,22,1,0,1,0,135,0,1,18.83,7.98,0
30384.01,6,2,0,0,0,593,0,0,21.35,4.18,0
588.91,19,2,1,0,0,352,1,2,23.67,8.12,0
6153.51,20,6,0,0,0,176,0,1,15.76,6.41,0
624.49,23,4,0,0,1,518,0,0,19.43,2.39,0
3249.82,23,4,0,1,0,1114,1,1,17.8,3.52,0
2309.28,18,2,0,0,0,148,0,1,18.21,8.81,0
407.78,7,3,0,0,0,39,0,4,11.6,4.38,0
5477.97,16,2,0,0,0,129,0,0,20.32,6.26,0
2442.95,18,3,1,1,0,345,0,2,25.23,2.83,0
401.75,6,3,0,0,0,911,0,2,12.08,3.16,0
8791.55,19,4,0,0,0,37,0,1,13.14,4.04,0
16428.23,16,2,0,0,0,176,0,2,26.64,8.31,0
17407.05,11,3,0,1,0,875,1,1,9.51,5.74,0
5307.65,20,3,0,0,0,190,0,2,6.8,4.46,0
3821.36,2,2,1,0,0,493,0,3,24.96,4.34,0
14684.74,16,0,0,0,0,223,0,0,22.69,4.61,0
21300.86,18,6,1,1,0,67,0,0,13.39,5.09,0
11971.06,0,3,0,0,0,346,0,3,9.97,5.11,0
1354.77,9,4,1,0,0,102,0,0,28.39,4.47,0
4498.11,12,3,0,0,0,428,0,1,14.88,10.89,0
5776.15,4,2,0,0,0,752,0,1,28.37,2.75,0
544.52,21,2,1,1,0,1485,0,0,15.13,0.48,0
5960.02,15,3,1,0,0,374,0,1,16.51,4.12,0
39602.26,6,2,3,0,0,136,1,1,13.54,7.81,1
7129.05,10,2,0,0,0,733,0,3,13.93,6.47,0
17104.28,2,6,0,0,0,482,0,0,11.02,2.52,0
4411.9,2,1,0,0,0,384,0,0,17.27,6.97,0
3371.53,17,3,2,0,0,485,0,1,25.17,4.74,0
5433.48,23,1,3,0,1,1299,0,1,13.45,14.71,1
1545.93,6,3,0,0,0,626,0,2,21.3,4.43,0
1323.5,5,3,0,0,0,219,0,0,16.07,0.99,0
13761.36,16,3,1,0,0,286,0,1,11.64,3.82,0
15382.1,12,2,0,0,1,121,0,3,8.14,4.86,0
1286.06,3,5,1,0,0,266,0,1,13.47,11.22,1
10060.77,16,6,0,0,0,566,0,3,21.67,0.58,0
3323.23,5,3,0,0,0,268,0,1,15.6,1.74,0
5202.0,2,2,1,1,0,148,0,2,31.45,6.33,1
5903.08,11,1,3,0,0,417,0,4,17.25,3.41,0
10343.03,17,1,0,0,0,326,0,1,18.53,5.12,0
3971.32,12,4,2,0,0,494,0,2,12.71,3.84,0
16005.22,15,3,1,0,0,99,0,0,2.16,8.18,0
5038.6,5,1,1,0,0,310,0,3,22.96,3.35,0
7012.11,11,3,3,0,0,213,0,2,15.62,8.45,0
1517.89,17,5,0,0,0,402,0,1,16.44,1.95,0
35122.31,12,5,1,0,0,292,0,4,8.49,5.54,0
5962.92,5,3,0,1,0,1576,0,2,12.09,11.57,0
7697.47,22,3,0,0,0,189,0,2,18.99,10.68,0
672.77,1,5,0,1,0,1180,0,2,12.91,6.67,0
1534.81,21,3,3,0,0,397,0,2,20.0,3.31,0
13356.76,17,2,3,0,0,734,0,2,17.75,5.52,0
4920.85,2,5,0,0,0,82,0,1,20.32,7.28,0
488.11,6,6,1,0,0,330,0,6,6.84,3.76,0
10831.4,8,4,0,0,1,293,0,2,19.65,9.46,0
2057.05,22,6,1,0,0,1239,0,1,7.25,2.4,0
16024.64,12,3,0,0,0,923,0,1,20.55,5.13,0
3320.17,6,3,0,0,0,96,0,0,11.83,3.99,0
4514.01,22,2,1,0,0,662,0,1,16.65,1.07,0
12555.35,2,3,0,0,0,747,0,1,19.75,4.44,0
1418.89,19,3,0,1,0,125,0,3,26.1,2.99,0
1283.71,19,6,1,0,0,854,0,2,24.17,9.62,0
2962.17,9,2,1,0,0,100,1,4,17.0,7.87,0
8677.87,1,5,0,0,0,224,0,0,22.11,3.12,0
900.17,21,3,0,0,0,399,0,1,16.6,5.1,0
631.79,23,3,0,0,1,1325,0,1,22.31,10.71,0
8646.47,9,5,0,0,0,692,0,2,23.41,7.13,0
1933.09,4,3,0,0,0,125,0,2,12.04,16.68,1
2411.88,6,4,0,0,1,677,0,3,22.28,24.52,1
518.19,3,2,1,0,0,1097,0,4,21.4,1.12,0
1784.82,14,3,2,0,0,864,0,2,26.1,24.88,1
3612.14,12,2,0,0,0,18,0,3,10.94,3.39,0
9671.09,8,3,0,0,0,322,0,1,6.54,1.11,0
1620.04,15,4,2,0,0,1204,0,1,17.07,3.21,0
20748.83,14,6,2,0,0,1188,0,1,14.1,23.43,1
1774.4,0,6,1,0,0,439,0,1,9.38,5.9,0
1777.13,9,2,2,0,0,407,0,1,21.86,2.01,0
18292.12,20,1,1,1,0,416,0,0,25.59,5.79,0
4546.14,19,4,2,0,0,1138,0,3,12.21,1.56,0
2039.32,20,4,2,0,0,275,0,1,23.8,7.04,0
3093.66,22,5,1,1,0,74,0,3,17.57,0.93,0
15074.01,1,2,0,1,0,216,0,1,15.2,1.86,0
16975.27,6,5,0,0,0,719,0,3,10.15,13.83,0
1544.36,11,1,2,0,0,212,1,1,26.99,7.39,1
3482.29,12,5,5,0,0,1212,0,0,21.28,16.01,1
4002.46,18,3,3,0,0,23,0,1,31.38,4.41,1
1292.65,17,2,0,0,0,611,0,0,21.34,7.01,0
3434.17,16,1,0,0,0,148,0,0,30.65,1.89,0
3661.36,3,3,0,0,1,428,0,1,29.08,2.86,0
12054.82,16,1,0,0,0,742,0,1,19.87,8.49,0
12936.35,19,2,1,0,0,698,0,2,14.36,0.8,0
2576.87,18,3,0,0,0,750,0,2,16.85,5.54,0
2908.37,13,0,0,0,1,514,0,3,14.22,10.01,0
7313.72,2,3,0,0,0,83,0,1,14.09,1.05,0
1969.53,3,8,0,0,0,550,0,1,14.9,2.62,0
6755.23,17,8,3,0,0,623,0,3,17.18,1.01,1
3319.93,20,2,1,0,0,289,0,2,22.5,3.75,0
1315.71,19,6,1,0,0,779,0,1,7.74,2.16,0
1333.18,10,5,0,0,0,1424,0,3,12.49,1.76,0
16637.45,14,2,1,0,0,971,0,1,16.26,3.07,0
3089.48,4,5,1,0,0,152,1,3,20.99,5.56,1
20381.27,14,3,0,0,0,259,0,2,17.5,8.04,0
2123.2,4,4,2,0,0,676,1,0,12.27,3.09,1
4943.19,19,1,2,0,0,67,0,2,16.14,11.02,0
44905.28,18,2,0,0,0,324,0,1,17.81,3.35,0
1199.6,1,2,1,0,0,718,0,1,10.19,10.28,0
496.36,22,3,0,1,0,262,0,1,19.8,1.61,0
14057.62,19,2,1,0,0,101,0,2,8.44,16.76,1
1528.21,9,1,0,0,0,134,1,2,15.61,6.55,0
3562.64,10,0,0,1,0,340,0,2,17.01,8.15,0
1968.03,1,1,0,0,0,435,0,1,23.56,6.73,0
4825.02,22,3,0,0,1,344,0,1,15.82,8.93,0
1342.03,2,5,2,1,0,593,0,0,23.96,2.78,0
3014.12,22,3,0,0,0,165,0,1,24.4,3.42,0
5838.95,15,2,2,0,0,62,0,1,21.1,7.28,0
1263.04,22,2,0,0,0,455,0,2,16.66,5.79,0
1745.7,8,4,1,1,0,415,0,1,21.37,6.28,0
2528.16,21,2,1,1,0,318,0,1,25.04,1.88,0
812.2,10,3,1,0,0,619,0,2,15.37,2.11,0
2336.27,8,1,1,1,0,297,0,0,10.9,3.73,0
4124.65,8,6,1,0,0,310,0,1,15.89,8.88,0
2393.41,22,5,1,0,0,669,0,1,23.4,9.89,0
2738.2,11,2,0,0,0,337,1,1,31.46,13.35,1
3565.66,11,3,0,0,0,354,0,4,19.36,4.73,0
1828.9,15,3,2,0,0,929,0,1,14.84,15.77,1
7522.21,13,3,2,0,0,113,0,3,15.25,3.65,0
16445.0,12,3,1,0,1,678,0,2,4.96,3.26,0
2235.9,9,3,1,1,0,420,0,2,13.36,2.89,0
6059.96,3,2,1,0,0,410,0,0,14.61,2.41,0
2831.05,23,3,1,0,0,166,0,4,23.57,3.56,0
5344.17,11,0,1,1,0,150,0,1,20.34,8.55,0
18846.24,23,3,0,1,0,46,0,2,25.56,2.31,0
6211.1,11,2,0,0,0,371,0,1,20.59,5.2,0
565.62,14,3,0,0,0,583,0,1,17.55,3.92,0
5864.63,13,0,1,0,0,188,0,1,17.74,1.98,0
13286.54,23,5,0,0,0,703,0,2,11.84,8.69,0
2885.13,2,4,0,0,0,306,0,6,19.07,2.57,0
10356.99,12,4,0,0,0,222,0,0,24.84,4.93,0
1764.07,3,4,0,0,0,218,0,1,11.78,5.04,0
765.24,20,2,2,0,0,156,0,2,20.17,2.6,0
4222.69,12,3,0,0,0,392,0,1,14.49,5.49,0
575.76,22,1,0,0,1,287,0,1,15.48,2.97,0
2830.59,6,2,0,0,0,527,0,0,12.77,5.7,0
14061.34,3,2,0,0,0,442,0,0,20.15,4.56,0
490.17,15,2,0,0,0,78,0,1,21.7,6.41,0
950.06,3,4,0,0,0,320,0,2,17.45,3.78,0
1231.97,8,3,1,1,0,123,0,0,19.33,0.35,0
3406.75,7,3,0,0,0,294,0,3,23.0,4.58,0
2479.96,5,2,0,1,0,965,0,0,30.07,16.93,1
15821.0,3,2,2,0,0,517,0,3,19.67,7.44,0
9917.6,15,3,0,0,0,500,0,3,14.44,1.87,0
6124.4,18,3,1,1,0,185,0,1,20.42,10.77,1
4242.52,9,3,1,0,0,621,0,1,7.15,8.13,0
5502.13,6,5,2,0,0,93,0,2,19.82,4.05,0
1472.8,3,1,0,1,0,555,0,0,13.75,11.74,0
8955.93,16,3,0,0,0,362,0,1,25.77,10.81,0
1132.69,19,1,0,0,1,243,0,1,18.13,3.01,0
8752.95,13,1,0,0,0,405,0,0,15.31,3.36,0
12650.47,10,2,0,0,0,261,0,0,13.56,9.15,0
4543.3,15,3,1,0,0,561,1,1,15.65,4.47,0
3025.94,21,2,1,0,0,636,0,3,12.94,8.86,0
5543.19,23,4,1,0,0,551,0,5,14.68,12.38,1
180.44,4,3,2,0,0,872,1,1,8.1,5.96,1
5000.89,11,2,0,0,0,343,0,0,30.78,0.79,0
3232.39,21,1,1,0,0,463,0,2,18.41,8.18,0
3452.45,15,1,2,0,0,778,0,4,19.5,0.37,0
7645.4,19,2,1,1,0,298,0,0,14.01,4.35,0
3366.04,23,2,0,0,0,202,0,1,7.2,3.84,0
1099.69,2,2,0,0,0,367,0,2,9.15,6.21,0
3138.58,14,1,0,0,0,665,0,0,14.3,1.06,0
3908.6,12,5,0,0,0,469,0,1,16.73,1.51,0
4107.95,6,4,0,0,0,179,0,2,18.84,18.07,0
4315.7,15,1,2,0,0,158,1,1,18.89,8.38,1
10843.68,2,2,3,0,0,442,0,1,15.42,4.74,0
1164.05,11,0,0,0,0,273,0,0,11.74,3.68,0
4378.61,9,5,0,0,0,521,0,1,12.03,5.72,0
14107.0,9,5,0,0,0,392,0,1,13.61,7.18,0
589.14,14,6,0,0,0,246,0,0,6.07,2.35,0
4396.79,22,3,3,0,0,97,0,2,12.53,5.36,0
1969.14,22,2,3,0,0,259,0,1,6.37,15.45,1
2466.99,16,5,0,1,0,167,0,1,4.44,8.34,0
1408.04,7,5,0,0,0,855,1,3,24.14,7.51,0
3047.18,23,3,0,0,0,178,0,1,25.24,7.02,0
25167.74,23,4,0,0,0,1094,0,3,26.2,14.52,0
965.21,20,4,0,0,0,976,0,0,18.02,4.6,0
1066.26,20,0,1,0,0,1156,0,4,23.68,6.41,0
927.94,19,2,0,0,0,1263,0,0,21.83,8.71,0
22332.3,18,5,1,0,0,406,0,2,8.23,0.47,0
2240.7,17,0,0,0,0,606,0,1,6.38,6.66,0
3544.24,15,6,0,1,0,574,1,1,18.81,3.07,0
2385.29,15,2,1,0,0,505,0,1,14.26,1.72,0
1350.67,9,3,0,0,0,686,0,0,12.91,2.07,0
2844.36,21,3,0,0,0,440,0,1,13.57,7.76,0
48105.69,15,4,0,0,0,724,0,0,11.77,7.89,0
15704.06,14,2,2,1,0,312,0,1,17.44,7.44,0
1486.85,17,4,2,0,0,114,1,3,23.54,3.01,0
7186.45,1,2,2,0,1,199,0,5,13.95,8.07,1
1520.66,22,7,0,0,0,459,0,2,15.32,3.45,0
563.86,13,5,1,0,0,846,1,1,19.79,8.8,1
10619.92,22,3,1,0,0,935,0,3,16.39,5.24,0
12309.14,2,5,0,0,0,211,0,2,16.68,11.87,0
10920.04,5,6,0,1,0,46,1,1,21.47,9.43,1
2223.06,22,2,1,1,0,195,0,1,16.6,2.2,0
3056.07,16,0,1,0,0,347,0,1,16.6,5.07,0
8000.46,15,4,0,0,0,528,1,2,10.28,1.08,0
5492.13,9,1,1,0,0,130,1,2,25.36,1.2,0
2408.31,13,2,2,1,0,162,0,4,14.24,7.95,0
665.12,13,6,0,0,0,525,0,1,11.68,4.9,0
4103.39,4,2,2,0,0,342,0,1,23.58,4.93,0
11304.54,13,0,0,0,0,237,0,1,17.36,13.75,0
1035.39,12,4,0,0,0,384,0,2,10.91,5.95,0
7120.24,7,0,0,1,0,358,0,1,12.31,4.91,0
5157.04,8,4,0,0,0,318,0,1,13.24,5.93,0
8003.67,18,3,1,0,0,1039,0,2,13.93,7.37,0
9095.86,16,1,1,0,0,122,0,2,8.73,3.2,0
1756.03,11,2,0,0,0,655,0,1,6.56,2.16,0
666.6,14,6,2,0,1,339,0,1,16.37,15.47,1
2079.34,5,3,1,0,0,974,0,2,20.17,8.96,0
9261.15,11,3,4,0,0,334,0,1,22.02,4.0,0
2060.9,13,0,0,0,0,1008,0,0,30.3,2.26,0
1756.81,6,2,1,0,0,268,0,1,25.59,8.64,0
537.85,4,1,0,0,0,567,0,2,18.71,14.92,0
22931.8,12,2,0,0,0,306,0,2,16.96,4.12,0
8664.59,22,5,1,0,0,383,0,1,13.0,0.14,0
8171.36,11,5,2,0,0,74,0,1,12.37,4.3,0
10057.88,21,4,1,0,0,239,0,1,13.59,3.1,0
6671.12,20,4,2,0,0,564,0,0,8.16,3.96,0
2817.08,17,1,0,1,0,1095,0,0,17.24,14.63,0
3065.75,21,3,1,0,0,204,0,1,19.7,4.21,0
2324.03,9,4,2,0,0,361,0,2,15.16,10.38,0
57900.3,18,5,0,0,0,918,2,0,23.02,4.49,1
6527.03,3,2,0,0,0,301,0,1,14.34,3.35,0
2237.27,7,1,1,1,0,896,0,1,15.26,6.33,0
5935.89,13,1,0,0,0,792,0,0,29.35,3.78,0
1259.65,0,2,0,0,0,729,0,1,20.64,1.24,0
17671.92,18,1,0,0,0,173,0,1,22.47,14.82,0
1818.7,22,3,1,0,0,751,0,3,15.25,15.87,1
6161.9,2,1,0,0,1,90,0,1,18.1,3.62,0
11150.91,23,6,1,0,0,632,1,1,18.5,11.22,1
5453.47,2,2,0,0,1,79,0,2,19.12,2.09,0
4020.63,3,2,0,0,0,409,0,1,12.93,7.74,0
3682.48,18,4,2,0,0,253,0,3,26.49,3.55,0
3431.45,16,2,1,0,0,1101,0,1,17.03,0.71,0
1987.17,22,1,1,0,0,411,0,2,24.03,19.62,1
2271.15,10,2,0,0,0,696,0,0,9.94,5.74,0
17215.58,13,1,1,1,0,528,0,0,14.75,2.99,0
3248.79,3,2,0,0,0,348,0,2,20.45,0.61,0
1595.45,16,1,0,0,0,901,0,0,14.9,2.45,0
2117.28,23,3,0,0,0,213,0,2,17.88,1.16,0
11560.96,14,5,1,0,0,218,0,2,16.7,5.62,0
7401.12,22,4,0,0,1,677,0,2,16.32,17.34,1
6557.37,9,2,0,0,0,380,0,2,17.46,7.92,0
2778.32,23,4,1,0,0,340,0,1,24.87,9.35,0
6647.73,12,1,1,0,0,594,0,1,17.45,14.5,0
1852.44,3,2,1,0,0,745,1,0,14.72,5.05,0
2772.22,8,4,1,0,0,1309,0,0,10.83,9.64,0
10079.86,11,1,0,0,0,166,0,3,24.72,10.92,0
9117.87,1,3,1,0,0,460,0,0,14.09,9.94,0
1298.54,21,2,0,0,0,619,0,1,18.36,1.17,0
1482.81,5,2,0,0,0,415,0,0,14.09,6.07,0
4081.16,16,5,0,1,0,396,0,2,23.35,2.95,0
22302.16,22,4,0,0,0,58,0,0,23.18,6.12,0
487.19,10,7,0,0,0,989,0,2,15.68,8.29,0
4876.82,14,4,0,0,0,74,0,2,11.59,4.79,0
858.47,12,0,0,0,0,330,0,1,21.2,3.28,0
1870.48,18,5,1,0,0,266,0,0,20.63,11.95,1
2483.32,0,2,3,1,0,386,0,2,28.53,8.23,1
2341.31,8,2,1,0,0,502,0,1,18.67,8.72,0
2078.73,14,3,0,0,0,162,0,1,15.8,5.94,0
3668.61,2,3,0,0,0,209,0,0,20.45,0.53,0
2075.55,20,2,0,0,0,547,0,2,26.72,4.41,0
784.01,15,1,0,1,0,447,0,1,18.94,10.94,0
8257.38,0,4,1,0,0,625,0,1,16.23,12.0,1
8026.6,0,5,0,0,1,874,0,1,21.76,6.15,0
8824.9,3,5,0,0,0,1068,0,0,13.19,3.45,0
722.15,15,6,0,0,0,163,0,2,12.19,2.55,0
4983.38,12,2,1,0,0,651,0,1,5.64,7.03,0
7404.02,11,2,0,0,1,480,0,1,25.93,15.79,1
1233.04,13,1,1,0,0,705,0,1,25.24,11.72,0
3676.19,11,4,0,1,1,543,1,1,24.84,3.41,1
3222.52,8,3,1,1,0,161,1,2,17.36,11.16,1
25191.41,0,2,3,0,1,296,1,3,27.07,9.17,1
27466.46,0,2,1,0,0,861,0,1,18.61,3.41,0
634.24,16,3,0,0,0,209,0,3,17.7,11.11,0
49942.29,17,5,1,0,0,1144,0,1,22.61,1.24,0
1392.72,5,2,1,1,0,111,0,0,28.55,1.1,0
10195.55,5,0,0,0,0,214,0,2,21.8,2.95,0
10087.2,9,2,1,0,0,343,0,1,15.32,18.78,1
1279.88,15,2,0,0,0,271,0,1,24.46,2.72,0
6111.52,14,3,1,0,0,342,0,2,5.99,4.77,0
3252.21,13,0,0,1,0,633,0,0,8.78,1.78,0
6516.2,0,3,0,0,0,292,0,2,9.41,0.91,0
4638.78,10,3,0,0,0,792,0,0,17.25,8.18,0
12786.64,18,2,0,0,0,93,0,2,11.26,9.5,0
3940.92,14,5,1,1,0,123,0,3,23.83,0.93,0
3052.55,19,2,0,0,0,143,0,0,18.4,10.78,0
11508.8,16,6,1,0,0,226,0,1,7.53,5.04,0
6697.01,21,3,0,0,0,279,1,1,2.25,11.22,0
7851.06,13,2,1,1,0,123,0,2,12.83,13.34,1
1812.0,13,6,0,0,0,280,0,1,21.14,9.17,0
1214.97,13,2,0,0,0,264,0,3,14.44,5.01,0
2005.99,6,1,0,0,0,205,0,1,17.17,5.88,0
1897.21,10,2,0,0,0,448,0,1,16.09,9.05,0
8312.45,4,7,2,0,0,427,0,3,20.36,8.58,1
10145.48,10,2,1,0,0,91,0,0,24.89,0.45,0
3093.67,3,4,0,1,0,158,1,1,24.68,2.37,0
16357.88,11,2,1,1,0,538,0,1,15.5,3.41,0
15319.67,22,3,1,0,0,276,0,1,21.01,1.2,0
4701.18,10,3,1,0,1,150,0,0,17.43,6.74,0
1536.12,17,1,0,0,1,376,0,0,13.36,14.49,0
19037.11,10,5,1,1,0,240,0,3,21.12,1.71,0
3415.0,21,2,0,0,0,397,0,5,16.89,5.54,0
4156.69,5,6,0,0,0,260,0,1,19.75,1.39,0
2548.89,20,3,0,0,0,1047,0,0,22.17,2.59,0
1430.42,17,4,0,0,1,627,1,1,16.16,19.85,1
778.94,21,1,1,0,1,288,0,0,17.72,6.02,0
7076.34,3,5,0,0,0,101,0,1,17.47,8.99,0
1599.47,21,4,2,0,0,331,0,0,15.38,8.14,0
90445.96,21,1,0,0,0,172,0,3,14.71,12.27,1
1164.01,7,4,1,0,0,136,0,0,13.19,7.2,0
972.38,14,3,0,0,0,330,0,2,15.47,6.14,0
6220.75,14,2,0,0,0,602,0,0,25.3,6.06,0
18138.27,1,3,1,0,0,151,0,1,29.06,2.68,0
3896.44,12,3,0,1,0,674,0,1,26.08,8.93,0
6639.92,15,2,0,0,0,683,0,3,9.93,4.77,0
525.46,4,2,2,1,0,636,0,1,10.58,7.02,1
1787.57,8,1,1,0,0,716,0,1,21.82,5.99,0
1179.33,14,2,1,0,0,267,0,3,18.65,1.58,0
497.8,22,7,2,1,0,240,1,2,32.19,10.34,1
4116.79,1,5,0,1,0,810,1,0,17.93,5.38,0
345.51,22,1,1,0,0,537,0,0,25.94,2.0,0
908.41,19,3,0,0,0,112,0,1,11.44,11.16,0
2071.33,20,1,0,1,0,69,0,0,23.77,15.74,1
1521.04,1,0,2,0,0,247,0,2,23.82,12.55,1
5520.53,13,1,0,0,0,304,0,1,20.44,9.77,0
5018.36,8,3,2,0,0,366,0,0,24.26,8.97,0
9306.69,22,4,1,0,0,751,0,1,16.3,10.86,0
8022.48,17,1,2,1,0,193,0,1,11.3,4.87,0
12062.46,15,3,0,0,0,283,0,1,7.91,4.14,0
3633.62,0,2,1,1,0,348,1,0,22.11,10.85,1
5007.24,21,2,1,0,0,357,0,1,16.64,8.3,0
6229.74,11,1,0,0,0,248,0,2,16.02,9.82,0
4224.85,3,0,0,0,0,728,0,1,11.69,1.57,0
2399.33,20,2,0,0,1,465,0,2,29.37,4.02,0
2568.14,21,3,0,0,0,121,1,3,24.55,9.91,0
1543.12,11,2,2,0,0,196,0,1,22.68,5.81,0
5668.6,15,1,0,1,0,92,0,3,9.28,4.22,0
3298.7,14,2,1,0,0,470,0,2,18.64,4.35,0
1814.69,7,2,1,0,0,519,0,1,13.13,1.11,0
1816.46,17,6,0,0,0,612,0,3,27.91,4.55,0
1021.56,23,1,0,0,0,76,0,2,16.88,2.12,0
10175.96,22,0,1,1,0,149,0,1,23.31,5.74,0
3954.26,16,5,0,0,0,350,0,0,8.68,6.16,0
1471.53,8,3,1,1,0,510,0,3,18.9,4.9,0
8509.81,21,0,1,0,0,20,1,2,13.54,4.09,0
2021.37,22,2,0,0,0,346,0,2,11.07,1.57,0
831.45,0,4,0,0,0,669,0,0,7.78,0.56,0
10639.02,8,2,1,0,0,361,0,2,8.8,3.87,0
2071.54,13,6,2,0,0,383,0,2,8.31,1.91,0
2370.03,13,1,0,0,1,179,0,2,7.64,5.8,0
3801.83,17,3,1,0,1,348,0,3,22.08,2.49,0
12084.98,12,3,1,0,0,430,0,1,7.91,3.81,0
3718.36,0,3,2,0,0,483,1,2,24.09,10.81,1
1033.73,3,1,0,0,0,1256,0,1,18.33,6.95,0
6445.07,18,5,0,1,0,234,2,1,25.73,4.91,1
2188.04,16,5,1,0,0,632,0,2,8.1,5.44,0
26431.72,15,2,0,0,0,635,0,3,14.92,2.66,0
3636.67,10,3,0,0,0,537,1,3,15.94,8.77,0
348.35,6,5,2,0,0,281,0,0,21.3,1.39,0
5298.79,7,3,0,0,0,481,0,1,25.21,8.64,0
28052.35,16,1,0,0,0,191,1,2,33.65,6.56,0
19047.98,12,4,2,0,0,298,0,1,9.27,5.46,0
24896.99,3,1,0,1,0,817,0,0,23.26,6.3,0
1247.94,9,6,1,1,0,833,0,0,9.01,6.27,0
9487.78,19,4,0,0,0,624,0,4,24.72,3.62,0
1706.0,14,2,1,0,0,239,0,0,12.45,10.88,0
4607.79,20,4,0,0,0,477,0,0,23.69,3.83,0
956.61,12,1,3,0,0,376,0,0,21.49,4.99,0
1850.7,11,4,0,0,0,564,0,1,18.11,13.48,0
1789.95,22,3,4,0,1,35,0,5,15.63,3.54,1
9353.29,12,1,1,0,0,552,0,0,15.68,3.45,0
8440.15,3,2,3,0,0,683,0,2,16.88,12.23,1
4869.08,9,1,3,1,0,513,0,1,18.65,6.18,0
881.88,15,1,1,0,0,448,0,1,20.01,3.51,0
2624.85,8,1,2,0,0,635,0,3,13.11,2.3,0
1663.33,9,3,2,0,0,463,0,1,20.52,11.07,0
9073.92,20,4,1,0,0,247,0,3,21.31,2.86,0
12545.21,10,2,0,0,0,1181,0,2,21.08,5.03,0
11039.17,7,3,0,0,0,169,0,1,24.94,5.12,0
1647.51,2,1,0,0,0,182,0,0,20.51,12.29,0
205.1,9,3,1,0,0,463,0,1,18.38,7.05,0
569.46,18,2,2,0,0,795,0,2,15.94,14.47,1
16199.06,7,4,2,1,0,797,0,1,25.6,1.03,0
2389.12,11,0,2,0,0,373,0,0,21.34,10.12,0
1655.3,15,2,1,0,0,477,0,0,12.16,4.58,0
20430.69,22,4,1,0,1,125,0,0,12.74,12.52,1
13744.83,19,4,0,0,0,216,0,3,8.19,5.6,0
3735.63,6,3,0,0,0,432,0,4,10.79,9.69,0
2675.59,3,1,1,0,0,438,0,1,23.57,2.85,0
3169.39,16,5,0,0,0,423,0,0,14.12,11.38,0
4621.71,6,4,0,0,0,640,0,0,10.98,5.68,0
19536.69,9,2,0,0,0,394,0,1,13.65,2.37,0
5673.67,2,2,0,0,0,731,0,3,8.42,11.53,0
7803.52,18,1,0,1,0,51,0,2,27.54,15.76,1
12428.33,3,4,1,0,0,124,0,2,28.94,6.53,0
1066.18,9,5,0,0,0,480,0,1,30.11,2.92,0
8043.38,9,2,1,0,0,140,0,3,14.81,11.41,0
2672.32,1,2,1,0,0,681,0,0,18.34,11.54,0
259.33,18,2,0,0,0,146,0,2,31.4,7.71,0
389.72,14,1,0,0,0,460,0,3,16.42,6.16,0
1250.1,12,1,1,1,0,219,0,1,17.85,11.34,1
6360.0,4,1,0,0,0,716,0,2,14.81,1.28,0
4103.07,1,3,2,0,0,428,1,2,13.75,2.71,1
4418.63,1,1,0,0,0,898,1,1,18.97,5.22,0
28239.89,15,0,1,1,0,522,0,2,9.45,1.7,0
960.5,17,0,0,0,0,98,1,3,17.32,3.07,0
3537.57,19,2,2,0,1,443,0,2,25.48,8.75,1
5012.34,19,1,2,0,0,298,1,4,22.25,6.72,0
1680.61,9,4,1,1,0,283,0,3,28.83,5.27,0
3750.87,0,1,1,0,0,301,1,2,34.75,0.75,0
678.61,5,4,2,0,0,928,1,3,25.92,8.93,1
16000.92,18,2,0,0,0,861,0,0,19.92,7.65,0
1779.89,18,1,0,0,1,45,0,2,22.16,4.13,0
30729.25,12,3,0,0,0,97,0,2,24.58,17.61,0
3518.89,0,3,0,0,0,518,1,3,12.08,2.21,0
10715.6,18,4,1,0,0,277,0,1,18.9,7.71,0
3442.77,19,6,0,1,0,639,0,0,17.67,3.79,0
3525.29,5,4,1,0,0,79,0,1,21.59,4.74,0
1971.93,19,2,1,0,1,183,0,1,20.84,10.21,0
4126.07,15,3,1,0,0,415,0,2,22.91,1.22,0
5084.23,21,1,1,0,0,15,0,2,24.14,4.8,0
1598.03,15,2,0,0,0,412,0,2,18.34,7.72,0
3192.96,2,6,2,0,0,430,0,0,10.95,2.1,0
1918.69,15,2,1,1,0,355,0,1,14.68,2.14,0
40727.03,2,6,1,1,1,159,0,0,24.66,2.86,1
3313.57,6,2,0,0,0,537,0,2,12.53,4.23,0
18443.99,20,1,0,0,0,162,0,1,11.45,9.83,0
2964.89,23,2,0,0,0,264,0,0,23.12,14.44,0
4780.27,11,2,1,0,0,481,0,2,18.1,7.61,0
909.2,6,3,1,0,0,266,0,1,19.33,4.86,0
2276.91,9,1,0,0,0,345,1,0,16.43,7.07,0
4541.72,5,3,1,0,0,466,0,1,3.42,10.87,0
19250.73,13,3,0,0,0,563,0,0,20.09,1.05,0
4596.64,10,5,0,1,0,160,0,1,8.74,3.05,0
15566.97,1,1,0,0,0,261,0,0,4.67,3.83,0
7134.99,14,5,1,0,0,201,0,2,24.96,11.38,0
20105.96,15,3,2,0,0,222,0,1,22.34,10.77,0
3422.09,16,3,0,0,0,469,0,1,11.13,6.0,0
44789.72,22,3,0,0,0,129,0,0,19.11,7.35,0
2187.1,16,2,1,0,0,321,0,0,15.94,11.2,0
1628.18,16,2,2,0,0,368,1,2,19.6,4.61,0
1021.93,5,1,1,0,0,276,1,1,20.57,21.96,1
42090.44,11,1,0,0,0,382,0,1,20.91,4.99,0
8607.76,10,1,2,0,0,105,0,3,22.84,5.8,0
2563.61,23,6,0,0,1,262,0,0,24.87,1.02,0
13513.9,11,3,1,0,0,511,0,1,25.91,7.73,0
7495.64,16,6,0,0,0,558,0,1,28.62,15.23,0
28693.73,12,5,2,1,0,91,0,2,34.36,5.4,1
716.78,1,2,1,0,0,529,0,2,17.63,1.84,0
2755.55,22,5,2,0,0,312,0,4,25.33,15.97,1
2240.27,16,0,0,0,0,734,2,1,16.56,13.0,1
458.35,5,1,1,0,0,69,0,3,20.57,3.32,0
11084.95,1,2,0,0,1,213,0,0,21.77,4.94,0
2741.02,22,2,0,0,0,372,0,0,21.37,5.21,0
7915.77,7,3,0,0,0,715,0,0,11.57,0.94,0
43380.29,0,2,1,1,0,183,1,0,19.42,3.15,1
2512.65,14,2,0,0,0,437,0,0,7.31,10.17,0
2339.73,0,3,0,0,0,522,2,1,8.05,10.26,1
4124.08,5,1,1,0,0,238,0,0,10.94,2.1,0
10266.17,21,2,0,1,0,286,0,2,18.38,4.84,0
2008.11,0,3,0,1,1,613,0,2,16.68,5.56,0
1877.11,18,4,0,0,0,382,0,1,13.61,5.04,0
11048.49,14,6,1,0,0,170,0,0,24.13,2.86,0
5418.48,7,3,1,0,0,225,0,1,25.08,2.11,0
425.4,6,1,1,0,0,243,0,2,10.1,6.31,0
1005.6,11,3,0,0,1,530,0,0,18.63,1.99,0
17611.33,12,3,0,0,0,614,0,3,13.63,4.18,0
5552.62,21,4,0,0,0,1129,0,1,23.86,1.28,0
1635.48,6,2,1,0,0,191,0,1,11.23,9.71,0
3044.43,14,4,0,0,0,338,0,2,7.22,8.09,0
3691.91,16,5,1,0,0,171,0,1,15.3,1.5,0
7883.44,0,4,2,0,0,130,0,2,22.27,10.78,1
874.65,21,4,0,0,0,202,0,2,10.14,2.6,0
1505.69,23,1,0,1,0,803,0,1,22.69,3.58,0
4849.37,2,1,2,0,0,1038,0,1,20.4,8.75,0
3278.61,6,1,0,0,0,56,0,3,16.72,1.66,0
6637.24,18,2,1,1,0,387,0,0,20.39,4.79,0
1001.26,19,3,1,0,0,154,0,5,25.26,9.25,0
5297.47,3,0,0,1,0,120,0,1,14.65,4.98,0
11454.78,22,5,0,0,0,66,0,0,9.98,14.43,0
6070.28,7,2,0,1,0,176,2,3,14.54,9.05,1
4213.58,7,1,1,0,0,211,0,2,8.99,4.2,0
3292.24,8,6,1,0,0,742,0,1,34.99,5.27,0
1515.36,16,6,1,0,0,221,1,1,23.66,7.27,1
3375.85,4,3,1,0,0,949,0,2,22.78,4.81,0
13666.34,13,1,2,0,0,35,0,1,16.54,2.57,0
3213.19,1,3,0,1,0,810,0,1,11.88,7.59,0
1430.39,3,3,1,0,0,357,0,1,9.97,4.31,0
2171.43,18,5,0,1,0,1227,0,1,23.01,8.28,0
4495.77,9,2,0,0,1,529,0,2,19.15,5.53,0
2459.74,19,4,1,0,1,11,0,0,11.88,6.49,1
6060.63,17,4,3,0,0,191,0,1,9.35,13.93,1
6304.29,23,2,0,0,0,258,0,0,16.46,8.56,0
9259.75,3,1,0,0,0,447,0,2,11.45,5.69,0
16231.96,22,1,1,1,0,916,0,2,17.18,2.14,0
10359.42,21,1,0,1,0,348,0,4,25.5,0.99,0
1365.19,10,7,1,0,1,169,1,0,4.21,2.83,1
1409.92,3,4,1,0,0,593,0,1,16.39,14.04,1
3362.5,3,2,0,0,0,301,0,0,25.0,5.51,0
2267.12,12,5,0,0,0,322,0,2,19.82,7.87,0
1101.86,0,4,1,0,0,146,0,1,30.7,1.7,0
2289.81,2,3,1,0,0,106,0,1,18.03,11.81,0
2212.24,12,3,1,0,0,394,0,2,28.16,7.18,0
1798.23,13,2,0,0,0,565,0,3,20.73,16.27,0
2613.44,20,0,2,0,0,369,0,1,15.31,12.34,1
12548.71,23,0,0,0,0,451,0,0,17.51,6.45,0
4488.17,6,1,1,1,0,750,0,0,22.26,4.77,0
48795.8,7,2,2,0,0,481,0,0,18.51,1.27,0
4354.8,4,4,1,0,0,530,0,0,21.91,3.72,0
2684.99,5,3,0,0,0,1278,0,1,10.23,11.71,0
3656.78,10,2,0,1,0,285,0,1,21.05,3.9,0
4766.26,23,3,2,0,0,391,0,2,13.8,1.22,0
5750.35,21,2,0,0,0,364,0,0,12.77,3.98,0
32226.58,21,7,1,0,0,372,0,1,19.82,0.44,0
1498.79,10,1,1,0,0,483,2,2,13.11,5.43,1
8973.21,15,2,0,1,1,1123,0,1,27.97,5.87,0
4528.46,17,3,0,1,0,504,0,1,16.55,5.95,0
699.49,5,0,0,0,0,259,1,0,9.75,9.6,0
8178.25,11,3,0,0,0,373,0,2,5.43,21.13,1
13780.43,13,8,1,0,0,175,0,2,16.3,2.26,0
1480.25,8,1,0,1,0,463,0,0,17.19,19.76,1
3606.96,11,1,1,0,0,196,0,2,10.31,7.83,0
594.89,10,5,0,0,0,856,0,1,19.3,3.41,0
970.93,1,4,1,0,0,465,0,2,16.61,6.0,0
10942.74,18,2,0,1,0,271,0,5,14.5,12.81,0
2231.13,21,0,2,0,0,281,0,2,8.64,4.74,0
1136.55,18,3,0,0,0,67,0,3,2.0,4.3,0
4632.88,22,2,1,1,0,405,0,1,16.69,12.99,1
2103.73,10,3,1,0,0,149,0,2,21.17,11.88,0
2220.83,1,3,0,0,0,246,1,2,17.73,5.77,0
7913.24,6,1,1,0,0,226,0,2,18.61,6.48,0
1075.11,20,4,2,0,0,978,0,1,13.44,11.91,0
1407.21,3,2,1,0,0,535,0,3,16.66,4.24,0
4280.32,13,1,0,0,1,313,0,2,4.76,6.06,0
10075.68,0,2,1,0,0,806,0,1,24.79,4.13,0
13360.64,7,1,0,0,0,401,0,0,9.97,4.7,0
1811.09,2,2,0,1,0,355,0,0,22.43,2.98,0
9742.43,2,1,1,0,0,34,0,2,18.82,8.66,0
1598.23,3,3,0,0,0,61,0,0,13.0,1.91,0
24773.25,12,2,1,0,0,209,0,0,21.33,4.91,0
1107.15,16,2,0,0,0,525,0,1,22.06,15.19,0
14689.71,6,3,2,0,0,1013,0,0,17.93,7.32,0
1827.47,19,4,0,0,0,1254,0,1,13.49,5.85,0
30149.05,9,2,1,0,0,793,0,0,11.75,2.41,0
6774.27,17,4,0,1,0,417,1,2,8.95,0.69,0
1252.86,12,0,0,0,0,526,0,2,14.31,4.62,0
2104.11,17,4,2,1,0,1142,0,1,17.41,2.29,0
8268.76,23,6,1,0,0,373,0,1,21.5,4.12,0
10995.89,23,2,0,1,1,324,1,1,22.1,15.1,1
3380.4,14,2,0,0,0,320,0,1,15.5,5.57,0
3815.74,23,2,1,1,0,201,0,1,16.96,2.43,0
8072.92,16,5,0,0,0,524,1,0,20.74,5.28,0
4181.35,6,2,0,0,0,247,0,0,13.13,3.06,0
936.19,22,2,1,0,0,294,0,1,19.71,7.16,0
1550.57,3,3,1,0,0,226,0,0,21.59,3.18,0
4660.49,11,3,0,0,0,78,0,3,17.04,0.63,0
13046.26,3,2,0,0,0,860,0,1,15.57,2.34,0
19866.33,18,0,2,0,0,318,0,1,26.94,8.97,0
8254.43,21,2,0,0,0,395,0,0,13.46,8.97,0
4922.91,19,2,0,1,0,238,0,0,16.15,12.61,0
7992.47,2,4,0,0,0,345,0,2,21.29,8.33,0
1807.88,6,5,0,1,1,394,0,1,11.81,4.01,0
3099.85,8,2,1,0,0,1036,0,1,11.46,8.68,0
1532.51,2,3,1,0,0,179,0,1,18.83,1.81,0
981.24,12,6,0,0,0,370,0,1,14.12,8.12,0
5167.92,0,1,0,1,1,888,0,1,26.98,11.39,1
4423.95,14,4,3,0,0,50,1,2,25.93,10.84,1
7495.33,13,4,0,0,0,274,0,2,16.33,2.47,0
6460.21,14,2,0,0,0,523,0,0,20.34,9.42,0
4697.46,21,1,1,0,0,621,0,0,16.23,1.79,0
6531.86,18,4,1,0,1,169,1,0,18.17,2.33,0
3481.38,6,4,0,0,0,608,0,2,24.76,6.25,0
5616.9,13,5,1,0,0,195,1,3,18.21,8.41,1
1698.58,19,5,0,0,0,865,0,3,15.09,4.58,0
5367.9,20,3,0,0,1,808,0,3,2.0,9.28,0
7345.47,15,1,0,0,1,876,0,2,10.33,1.17,0
1802.33,2,3,2,1,0,324,0,0,26.9,10.8,1
3844.6,10,3,3,0,0,264,0,1,25.23,5.32,0
1891.67,20,7,0,0,0,227,0,0,11.18,8.05,0
2094.7,1,4,1,0,0,1215,0,1,14.9,3.96,0
1117.47,14,7,0,0,0,295,0,1,15.58,9.39,0
13753.71,12,2,0,0,1,290,0,2,15.43,3.26,0
11147.49,5,4,2,0,0,328,0,1,10.98,10.74,1
6401.61,8,2,0,0,0,469,0,3,12.08,2.45,0
28877.15,23,2,1,1,0,473,0,1,16.55,2.62,0
2984.81,14,7,0,0,0,229,0,0,18.13,7.61,0
87846.88,22,0,1,0,0,535,0,1,8.03,8.81,1
2867.21,11,2,1,0,0,384,0,1,26.74,5.56,0
4759.76,20,2,1,0,0,875,0,1,18.88,5.1,0
2397.86,14,1,0,0,0,930,0,2,18.0,3.28,0
5382.68,21,1,0,0,0,439,0,3,22.04,2.14,0
8755.14,7,4,0,1,0,414,0,2,14.18,1.69,0
3230.49,9,2,3,0,0,94,1,2,9.52,14.1,1
23518.81,0,1,1,0,0,731,1,1,7.25,2.64,0
4680.25,5,1,0,0,0,483,0,2,22.36,0.07,0
4836.8,3,2,1,0,0,709,0,0,21.72,1.75,0
1401.86,4,2,2,1,0,145,0,1,23.64,7.85,1
5650.07,7,1,2,0,0,302,0,2,25.66,8.02,0
3162.98,20,7,4,0,1,1010,1,1,16.62,3.53,1
1922.44,9,1,1,0,0,206,0,1,31.8,4.68,0
1611.15,19,2,0,0,0,742,1,1,14.8,1.33,0
60195.42,19,3,0,0,1,477,0,2,10.64,13.14,1
2761.0,23,1,0,0,0,1249,0,1,13.06,2.93,0
788.53,12,2,1,1,0,673,0,1,26.93,3.89,0
1749.12,20,2,0,0,1,422,0,2,17.69,11.67,0
3449.05,10,3,4,0,0,511,0,2,24.85,9.05,1
6463.98,15,5,0,0,0,419,1,1,26.47,7.27,0
6519.39,19,5,0,0,0,271,0,0,11.19,5.76,0
7408.96,3,3,0,0,0,51,0,0,14.69,8.37,0
1849.92,1,3,0,0,1,198,0,1,11.83,10.17,0
5205.46,3,2,1,0,0,627,0,2,22.4,3.7,0
1451.19,17,1,1,0,0,26,0,2,21.27,7.7,0
1899.55,11,4,3,0,0,280,0,1,20.66,6.93,1
1389.09,6,2,0,0,0,260,0,1,12.13,2.18,0
1045.44,18,1,1,0,0,617,0,2,22.08,4.01,0
11130.23,0,4,0,0,0,197,0,1,15.76,5.17,0
7502.88,4,2,0,1,0,387,0,0,20.0,1.9,0
10152.74,11,2,1,0,0,236,1,1,16.75,2.84,0
3794.39,21,1,0,0,0,175,0,2,14.54,17.34,0
8230.88,17,1,0,0,0,1102,0,0,19.71,1.95,0
572.86,16,1,1,0,0,111,0,0,22.67,7.46,0
9011.37,17,3,1,0,0,166,0,0,24.27,2.52,0
4385.14,7,4,1,0,0,126,0,3,9.58,1.33,0
7033.68,10,1,1,0,0,253,0,0,12.26,17.02,1
5426.36,21,4,0,1,0,702,0,2,11.44,7.96,0
1291.54,17,3,0,0,0,463,0,0,8.34,6.98,0
755.26,14,5,1,0,0,471,0,3,25.51,15.75,1
1723.9,1,2,2,1,0,359,0,1,9.06,6.06,0
6589.04,17,3,1,1,0,114,0,1,12.61,11.02,0
7514.55,8,2,1,0,0,102,0,3,18.8,4.78,0
865.81,9,1,1,0,0,164,0,0,16.84,2.84,0
1299.64,16,3,1,0,0,75,1,1,23.19,6.59,0
1703.78,9,4,1,0,0,803,0,3,20.87,6.4,0
2501.96,13,4,0,0,0,409,0,3,25.87,14.04,0
871.18,0,3,2,0,0,165,0,1,24.06,10.85,1
817.99,4,3,0,0,1,1220,1,1,17.23,4.95,0
1536.21,12,5,0,1,0,198,0,2,15.79,9.15,0
3986.09,22,4,1,1,0,208,0,0,16.99,3.0,0
1054.03,18,4,1,0,0,371,0,3,11.67,8.22,0
3224.09,10,2,0,0,0,273,0,1,12.15,8.98,0
11064.32,23,1,1,0,0,767,0,3,16.18,1.31,0
928.09,6,4,0,0,0,1072,0,1,2.0,8.24,0
2931.39,21,1,1,0,0,239,0,3,17.35,7.38,0
10678.57,9,1,0,0,0,975,0,3,15.11,2.64,0
2346.82,2,2,0,0,1,362,1,3,17.95,1.29,0
1993.5,0,6,0,0,0,348,1,2,12.52,8.4,1
12353.2,23,2,0,0,1,817,0,2,19.05,5.18,0
2639.88,15,4,0,0,0,319,0,3,9.5,4.85,0
11611.13,3,2,0,0,1,362,0,2,24.59,2.9,0
5712.51,23,3,1,0,0,293,0,1,19.28,6.43,0
2540.24,0,3,1,1,0,88,0,1,15.5,5.35,0
6025.01,8,3,0,0,0,227,0,4,22.35,10.58,0
5097.33,17,4,1,0,0,1390,0,1,11.05,8.96,0
10635.23,1,1,0,0,0,246,0,1,24.12,8.49,0
2047.22,21,1,1,0,0,833,0,2,25.53,5.55,0
3801.94,16,1,2,1,0,99,0,1,21.48,8.62,0
3413.21,22,3,0,0,0,126,0,0,4.04,6.14,0
7626.28,20,2,1,0,0,481,0,3,16.97,7.52,0
1240.86,19,5,0,0,0,79,0,0,10.48,6.48,0
10591.7,5,6,0,1,1,66,0,2,17.07,6.05,0
5941.07,4,2,0,0,0,116,0,1,28.49,6.67,0
913.45,5,4,0,0,0,366,0,0,14.57,8.13,0
12947.73,3,3,1,0,0,192,0,2,11.64,21.08,1
38017.34,15,3,1,0,0,214,0,1,13.68,3.9,0
10424.62,1,3,1,0,0,287,0,0,13.62,4.63,0
16290.44,10,4,2,0,0,99,0,0,11.29,1.45,0
3982.4,13,1,0,0,0,763,0,0,12.66,6.35,0
636.14,12,2,1,0,0,1420,0,2,11.0,10.2,0
525.14,11,5,0,1,0,222,0,0,13.07,4.15,0
4759.21,5,1,0,0,0,563,0,0,4.89,3.95,0
1955.54,2,2,0,0,0,156,0,1,23.69,3.15,0
1393.67,23,1,0,0,0,688,0,1,20.24,4.41,0
3408.8,11,1,0,1,0,904,0,2,27.22,7.9,0
6949.08,14,3,0,0,0,520,0,4,16.86,9.8,0
792.03,13,2,0,0,0,68,0,2,16.65,12.49,0
2272.6,8,2,2,1,0,513,0,3,18.11,2.46,0
17771.73,17,3,1,0,0,248,0,1,13.64,5.1,0
1177.26,9,2,0,1,0,816,0,2,8.45,3.36,0
9074.73,9,5,2,0,0,618,0,1,23.27,6.71,0
2188.63,19,2,1,0,0,556,0,2,18.99,5.55,0
6458.05,7,3,0,0,0,557,1,3,16.06,3.17,0
11524.08,16,0,0,0,0,525,0,3,16.39,3.6,0
7929.5,15,4,0,0,0,442,0,1,16.67,2.9,0
9458.01,0,0,0,0,0,683,1,6,22.45,9.25,0
1086.62,16,5,3,0,0,507,0,1,13.94,2.01,0
11723.41,19,4,1,0,0,715,0,3,11.83,10.99,0
1487.23,6,1,2,1,0,518,0,2,16.93,6.56,0
4781.54,21,5,2,0,0,945,0,0,18.65,5.67,0
4775.04,0,2,0,1,0,33,0,2,17.61,9.26,0
6059.48,4,3,1,0,0,618,0,1,11.65,3.53,0
5186.45,22,3,0,0,1,420,0,2,10.1,2.55,0
1501.17,20,3,1,0,0,73,0,1,21.41,10.8,0
882.39,18,2,1,1,0,617,0,1,18.8,12.32,1
9099.42,14,4,2,0,0,333,1,2,18.27,7.6,1
4425.45,4,4,0,0,0,124,0,0,25.93,2.97,0
12171.42,11,1,0,1,0,846,0,2,14.64,2.02,0
3473.89,13,0,0,1,0,610,0,4,20.46,13.24,0
832.62,2,4,2,0,1,230,0,1,22.71,6.0,0
10041.04,14,0,1,0,0,443,0,1,19.48,11.1,0
2467.87,2,1,2,1,1,501,1,2,17.46,5.4,1
5214.01,3,2,1,0,0,172,0,1,16.17,4.24,0
1844.88,4,0,1,1,0,291,0,2,17.81,3.49,0
20465.93,4,4,0,1,0,275,0,2,12.44,1.82,0
1450.42,1,4,0,0,0,248,0,1,19.61,1.79,0
2554.72,22,3,2,0,0,462,0,1,25.53,1.32,0
4075.8,19,1,0,0,0,138,1,3,9.2,12.27,1
1156.56,12,6,1,1,0,513,0,0,28.75,3.53,0
5151.51,8,2,2,0,0,273,0,1,3.22,7.43,0
19781.57,4,2,0,0,1,95,0,2,16.9,2.48,0
2175.5,22,1,0,0,0,218,0,1,19.76,4.21,0
5513.2,19,3,0,0,0,355,0,2,8.4,4.75,0
202.98,18,3,1,1,0,695,0,3,13.41,2.59,0
3495.12,11,0,0,0,0,248,1,1,8.87,1.18,0
2620.99,0,2,0,0,0,598,0,1,14.72,2.34,0
1541.6,15,3,1,0,0,332,0,2,21.54,2.42,0
11333.55,11,3,1,0,0,527,0,2,25.73,3.48,0
2584.91,7,2,0,1,0,679,0,3,14.56,0.23,0
3021.92,7,2,1,0,0,346,0,2,29.19,2.6,0
2450.26,1,2,0,0,0,81,0,2,9.52,10.15,0
486.55,20,1,1,0,0,300,0,2,24.67,4.96,0
1109.22,3,3,0,0,0,691,0,0,16.83,4.64,0
9988.08,19,2,1,0,0,260,0,3,14.85,0.71,0
397.24,23,4,3,1,0,773,0,2,21.94,3.83,0
1628.43,1,3,1,0,0,229,0,1,23.9,2.62,0
2392.98,14,5,1,1,0,488,0,2,27.04,12.81,1
22715.5,1,0,0,0,0,309,0,0,23.96,0.22,0
8160.28,19,2,0,0,0,242,0,0,17.62,10.41,0
2028.34,12,3,1,0,0,1044,1,1,22.82,3.98,0
14324.68,0,2,1,0,0,744,1,0,15.82,2.87,0
1673.14,18,2,2,0,0,531,0,1,20.18,6.61,0
10504.46,18,5,3,0,0,806,0,3,11.05,4.46,0
874.09,22,1,0,1,0,137,0,0,2.0,1.49,0
11236.48,11,2,0,0,0,259,0,2,26.79,15.28,0
2376.92,22,3,0,0,0,484,0,1,22.67,4.14,0
1236.54,15,4,0,0,1,188,1,0,17.68,4.34,0
2898.65,12,1,0,0,0,614,0,1,29.49,9.7,0
4871.76,8,4,0,0,0,717,0,4,26.37,5.25,0
2165.73,7,3,0,0,1,61,0,1,17.48,9.32,0
6513.62,14,2,2,0,0,407,0,0,7.12,0.77,0
1974.08,17,3,0,0,0,595,0,0,12.63,4.19,0
6984.1,0,2,0,1,0,146,0,0,20.54,9.89,0
5792.58,9,2,1,1,0,223,0,2,8.89,3.61,0
3415.33,1,3,1,0,0,317,0,1,9.43,9.91,0
2290.55,9,4,1,0,0,195,0,1,17.82,6.52,0
4268.93,19,3,1,1,0,809,0,0,16.15,15.31,1
6488.37,16,3,0,0,0,282,0,2,21.0,0.96,0
31725.91,2,0,0,0,0,460,0,0,25.24,10.11,0
9763.36,17,3,1,0,0,450,0,1,22.99,8.57,0
10145.54,0,3,0,1,0,374,0,1,12.33,3.85,0
93240.53,0,2,1,1,1,153,0,3,27.21,1.39,1
6258.88,21,0,0,1,0,1119,0,2,19.0,6.53,0
6056.43,0,6,0,0,0,80,0,3,18.2,0.34,0
7625.22,6,4,1,0,0,230,0,2,24.83,3.15,0
1262.17,3,2,1,0,0,639,0,4,9.09,6.77,0
2284.5,13,4,1,0,0,1012,0,1,25.99,3.63,0
2139.92,12,2,1,0,0,530,0,2,13.62,7.94,0
7186.75,20,1,1,0,0,431,0,5,22.87,4.86,0
3032.42,23,5,0,0,0,34,0,1,19.03,3.33,0
4209.65,17,0,1,1,1,235,0,2,18.47,1.93,0
11405.23,11,4,0,1,0,239,0,2,20.67,2.54,0
9011.96,1,3,1,0,0,688,0,2,10.27,3.3,0
3072.33,22,4,2,0,0,391,0,1,17.17,0.88,0
1801.73,13,6,1,0,0,62,0,1,17.44,8.78,0
11992.52,5,0,0,0,0,1335,0,2,8.28,9.33,0
8205.71,13,3,1,0,0,437,0,2,17.08,11.67,0
674.13,9,4,1,0,0,479,0,2,17.2,2.4,0
2620.68,8,3,0,0,1,265,0,2,26.03,9.53,0
4332.03,10,3,1,0,0,457,1,1,19.61,17.79,1
8248.37,18,2,1,0,0,190,0,1,20.53,8.45,0
9467.37,3,2,1,0,0,273,0,0,26.25,0.67,0
4905.45,23,3,1,0,0,110,0,1,17.97,10.82,0
6731.21,1,3,1,1,0,332,0,0,14.94,13.81,1
3894.59,3,2,1,0,0,513,0,0,18.59,14.03,1
1794.45,16,5,0,0,0,174,0,1,16.49,4.38,0
2767.42,3,2,2,0,0,240,0,2,14.88,1.7,0
3714.28,18,2,1,0,1,169,0,1,19.52,6.31,0
3510.76,17,2,0,0,0,206,0,3,18.89,6.65,0
502.78,10,1,0,1,0,118,0,1,13.77,5.58,0
2398.6,10,5,0,0,0,87,0,0,31.38,23.27,1
3862.29,23,2,0,0,0,428,0,3,19.62,21.74,1
2709.61,19,3,3,0,0,685,1,1,19.2,3.77,0
2809.71,15,1,1,1,0,508,0,1,21.29,9.98,0
6077.76,3,1,1,0,1,517,0,2,33.11,5.96,0
1172.74,14,3,0,0,0,619,0,0,12.08,4.51,0
658.89,0,1,0,0,0,224,0,1,6.15,10.32,0
2526.07,6,3,2,0,0,112,0,4,22.58,12.8,1
8121.91,16,3,0,0,0,255,0,1,25.41,4.68,0
21416.79,9,7,1,0,0,789,0,2,13.36,1.89,0
8276.99,23,5,0,0,1,241,0,3,13.64,1.38,0
779.24,22,5,2,0,0,97,0,2,12.7,2.84,0
2852.68,2,2,0,0,0,715,0,0,27.47,8.97,0
4766.97,21,4,1,0,1,386,0,0,21.9,9.1,0
4387.31,20,7,1,1,0,233,0,0,29.6,5.09,0
6414.2,2,1,1,0,0,150,0,1,15.14,14.83,1
1390.06,9,7,0,0,0,932,0,1,21.43,10.17,0
3897.89,22,1,1,0,0,541,0,1,23.46,10.64,0
5660.9,0,1,0,0,0,505,0,0,19.43,12.08,0
8664.2,1,2,1,0,0,88,0,5,12.3,7.15,0
1562.43,12,5,0,0,1,729,1,2,30.26,10.03,1
2534.08,22,5,0,0,1,57,0,0,24.76,10.32,0
212.94,6,1,3,0,0,524,0,1,22.27,4.18,0
1895.93,18,0,0,0,0,200,1,1,20.9,8.65,0
2099.31,16,5,3,0,0,231,0,1,29.14,8.09,1
1248.17,3,4,0,0,0,285,0,1,17.14,8.6,0
4332.47,6,1,0,0,0,336,0,0,24.21,4.36,0
3433.23,14,3,1,0,0,577,0,4,18.19,5.35,0
339.62,11,4,1,1,0,408,0,2,2.99,6.93,0
4565.5,5,1,0,0,0,61,0,1,12.18,3.29,0
1373.7,4,4,1,0,0,1057,0,3,17.06,4.54,0
6063.08,13,2,0,0,0,136,0,2,17.25,11.21,0
947.72,19,5,0,0,0,152,0,0,10.76,5.25,0
3757.49,9,3,0,0,0,125,0,4,15.94,2.94,0
2704.52,22,1,0,0,0,778,0,1,19.1,21.07,1
5005.32,16,6,0,1,0,254,0,3,27.5,11.15,0
4150.28,9,4,2,0,0,226,1,1,13.67,8.05,1
2785.21,16,4,0,0,0,958,0,1,13.66,15.31,0
725.54,10,2,1,0,0,380,0,0,11.59,10.92,0
771.96,18,4,0,0,0,122,0,1,21.9,7.99,0
1972.23,23,4,1,0,0,1528,0,1,24.74,3.05,0
3609.43,18,3,0,0,0,510,0,0,26.89,8.3,0
1922.42,3,5,0,0,0,387,0,2,20.14,5.91,0
7019.68,1,1,0,0,0,621,0,0,21.35,1.42,0
2715.74,19,1,0,1,0,52,1,1,14.86,5.56,0
1321.78,20,2,0,0,0,190,0,1,8.44,8.42,0
2718.94,13,1,1,0,0,285,0,2,13.39,10.57,0
4615.4,5,4,1,1,0,358,0,0,23.12,11.36,1
5121.12,21,2,0,0,0,644,0,4,20.04,6.02,0
26168.14,10,5,0,0,0,464,0,1,20.01,1.39,0
1803.79,7,0,1,0,0,365,0,1,26.74,7.57,0
3370.6,8,1,0,1,0,893,0,3,11.77,8.06,0
5695.49,7,2,0,0,0,119,1,1,16.29,17.35,1
3552.5,6,2,1,0,0,316,0,1,6.85,8.53,0
2152.43,7,2,1,0,0,1017,0,4,5.66,7.88,0
715.71,16,2,0,0,0,153,1,1,13.26,3.28,0
2129.46,0,2,2,0,0,1032,0,1,26.56,2.11,0
1179.22,8,3,1,1,0,389,0,1,20.43,5.96,0
594.11,4,4,0,0,0,653,0,0,17.5,4.89,0
1578.98,15,0,1,0,0,250,0,2,19.59,0.43,0
1212.64,23,2,1,0,0,1001,0,1,23.68,9.85,0
6720.89,18,2,1,0,1,872,0,2,20.35,5.92,0
6844.13,5,4,0,0,0,79,0,2,19.28,3.2,0
1409.41,12,2,1,0,0,213,0,2,14.17,12.43,0
2770.44,0,4,2,0,0,390,0,1,18.7,3.42,0
517.41,9,7,1,1,0,388,0,2,18.27,1.34,0
2166.66,6,4,1,0,0,854,1,0,14.06,4.1,0
5535.47,12,1,1,0,0,232,0,1,16.83,6.02,0
8657.53,9,1,1,0,0,481,0,1,16.16,0.4,0
1722.1,16,1,2,0,1,476,0,0,24.48,3.25,0
10986.78,13,3,0,0,0,1085,0,1,22.07,7.68,0
741.39,22,5,1,0,0,324,0,2,12.72,2.6,0
982.39,1,4,0,0,0,363,1,2,15.44,11.09,1
7670.56,22,5,0,0,0,614,0,1,16.0,2.47,0
21050.45,18,3,0,0,0,77,0,2,19.72,3.32,0
6112.58,17,4,2,1,0,1111,0,0,21.72,3.69,0
3489.94,19,4,0,0,0,213,1,0,12.1,7.71,0
363.24,1,2,2,0,0,58,0,2,7.15,6.78,0
435.47,5,2,1,0,0,1877,0,0,23.99,2.54,0
4170.87,0,3,1,0,0,1164,0,3,19.68,2.45,0
2499.97,19,5,0,0,0,419,0,2,13.36,4.44,0
1140.1,8,4,0,0,0,696,0,2,15.91,3.2,0
3900.3,8,3,1,0,0,55,1,1,19.03,11.16,1
4108.81,14,6,1,0,0,163,0,1,13.81,4.66,0
9814.7,10,3,1,1,0,220,0,2,17.02,8.8,0
4202.49,15,3,0,0,0,156,0,2,13.35,4.11,0
13224.34,22,2,0,0,1,663,0,0,21.48,5.04,0
3671.64,7,1,2,0,0,706,0,2,22.95,9.06,0
3225.68,21,6,0,0,0,505,0,1,21.03,8.88,0
11131.43,12,2,1,0,0,492,0,0,22.99,3.66,0
1303.28,9,4,0,1,0,459,0,0,7.59,3.86,0
69924.39,22,2,1,1,0,361,0,1,18.33,4.69,1
5399.28,11,5,0,0,0,737,1,3,21.4,11.26,1
5430.96,3,2,1,0,0,78,0,0,18.19,7.11,0
6319.22,6,0,0,1,0,461,0,0,14.02,2.56,0
26134.02,20,4,2,0,0,196,0,1,28.52,5.44,0
8367.69,12,4,1,0,0,421,0,0,23.35,12.67,0
674.99,13,1,2,0,0,525,0,2,15.59,0.97,0
15893.16,16,4,2,0,0,526,0,0,23.75,2.39,0
2545.44,4,2,1,0,0,701,0,1,11.31,10.77,0
4074.54,2,3,0,0,0,419,0,4,18.72,4.59,0
950.31,10,3,0,0,0,646,0,2,7.86,5.2,0
6326.56,22,5,2,0,0,212,0,0,20.75,2.81,0
1837.31,3,2,0,0,0,358,0,3,6.67,2.31,0
4044.76,17,2,1,0,0,560,0,1,18.74,14.23,0
2701.86,23,1,0,0,1,450,0,2,21.15,7.11,0
27481.37,2,2,0,0,0,927,0,3,29.33,8.84,0
29183.92,3,2,0,0,0,20,0,1,11.75,1.2,0
3823.18,20,1,1,0,0,84,0,3,19.97,3.31,0
3893.94,2,6,2,0,0,46,0,0,2.55,6.13,1
2459.92,17,4,1,0,0,603,0,1,27.25,2.63,0
11629.57,19,6,0,0,0,779,0,1,26.31,2.38,0
2577.65,7,0,0,0,0,268,0,0,12.78,5.48,0
2339.27,6,2,2,0,0,607,0,3,9.66,4.05,0
10173.31,12,4,1,0,0,197,0,3,15.59,3.49,0
2068.93,12,5,2,0,1,392,0,1,22.9,8.04,1
3499.44,20,1,2,0,0,423,1,2,13.29,9.13,1
692.03,14,1,0,0,0,192,0,1,9.73,13.66,0
7626.62,23,3,3,0,0,263,0,1,19.11,1.85,0
27942.67,5,5,2,0,0,318,0,1,24.94,11.22,1
7764.26,6,3,1,1,1,299,0,2,27.44,9.93,1
16896.96,5,6,0,0,0,257,0,4,14.49,4.71,0
1497.56,15,1,0,1,0,344,0,1,11.09,1.68,0
4666.39,0,2,0,0,0,788,0,0,13.1,5.3,0
1352.46,20,2,2,0,0,951,0,1,25.79,10.52,0
2866.5,18,1,0,0,0,134,0,1,16.79,4.94,0
8191.25,23,1,0,0,0,445,0,0,16.89,12.49,0
4051.78,23,4,2,0,0,717,0,0,14.74,14.19,1
826.11,1,1,2,0,0,1329,0,0,2.0,1.82,0
915.27,17,5,1,0,0,163,0,0,16.37,1.54,0
853.87,12,3,0,0,0,380,0,1,17.23,7.27,0
6099.89,17,1,0,0,0,501,0,1,22.6,3.31,0
31795.79,20,3,2,0,0,502,0,1,16.68,1.38,0
15223.28,13,2,0,1,0,446,0,1,19.37,9.32,0
497.31,0,1,0,0,0,381,0,0,15.69,19.32,1
16189.69,20,3,1,1,0,113,0,2,23.46,12.29,1
9732.45,10,2,0,0,0,302,0,0,21.05,5.72,0
718.69,11,4,1,0,0,921,0,2,22.29,3.68,0
2648.21,14,3,1,0,0,781,0,1,11.77,3.13,0
11502.26,21,5,2,1,0,127,0,1,20.2,8.05,1
6489.59,12,1,0,1,0,15,0,1,19.91,4.69,0
920.99,4,2,0,1,0,895,0,6,16.93,10.07,1
6913.83,17,3,0,0,0,134,0,0,12.3,11.11,0
385.92,15,2,1,0,0,493,0,1,24.26,7.84,0
2881.41,1,4,0,1,0,664,0,3,16.42,11.97,0
12026.34,12,2,2,1,0,294,0,0,21.58,3.88,0
3711.95,18,4,0,0,0,522,0,2,19.4,3.9,0
2156.23,21,5,1,0,0,504,0,2,22.28,5.13,0
9263.28,6,3,1,0,1,234,0,1,21.24,9.58,0
10132.36,12,2,1,0,0,290,0,3,13.82,10.84,0
14408.04,19,2,0,0,0,608,0,1,12.16,6.47,0
9118.49,14,2,0,0,0,129,1,4,18.27,4.45,0
11332.65,10,3,0,0,1,605,0,1,17.72,1.16,0
7860.1,4,2,1,0,0,272,0,0,15.35,3.08,0
4811.7,1,4,0,0,0,430,0,0,23.27,2.3,0
3999.74,16,2,0,1,0,97,0,1,17.92,3.84,0
2838.06,23,3,1,0,0,192,1,2,29.02,0.86,0
1019.44,14,6,1,0,0,711,0,2,26.87,5.47,0
1335.32,18,5,2,0,1,1203,0,0,30.17,2.27,0
2707.78,16,2,0,0,1,901,0,0,17.47,2.47,0
4691.58,8,3,0,0,0,292,0,2,15.14,6.09,0
16528.69,12,4,0,0,0,222,0,2,12.84,5.62,0
3484.62,6,3,2,1,0,466,1,0,15.74,6.84,1
10442.61,5,4,2,0,0,402,0,2,24.67,11.91,0
11308.18,14,4,0,0,0,477,0,2,18.4,12.45,0
2855.44,15,3,1,0,0,115,0,3,14.45,2.53,0
6798.28,23,2,1,0,0,41,0,1,33.59,10.4,0
2819.45,5,8,1,0,0,193,0,1,21.57,2.79,0
14592.2,6,2,0,0,0,531,0,0,12.82,1.89,0
7098.48,3,0,0,1,0,236,0,0,15.88,5.69,0
1043.14,22,3,0,0,0,498,0,2,13.93,4.0,0
4313.91,18,2,0,0,0,460,0,2,10.8,2.93,0
20547.98,7,1,1,0,0,212,0,2,16.86,5.11,0
3010.04,23,3,0,0,0,1139,0,0,10.5,4.1,0
5826.09,16,5,1,1,0,61,0,1,13.97,8.42,0
6458.63,11,3,2,1,0,123,0,2,8.11,13.06,1
1226.04,9,2,0,0,0,180,1,2,21.19,11.49,0
6224.47,13,5,0,0,0,76,0,0,23.66,5.49,0
842.58,2,3,4,1,0,295,0,3,21.27,2.28,1
1887.66,4,3,1,0,0,206,0,1,21.55,4.13,0
11265.6,22,2,1,1,0,323,0,1,14.82,1.53,0
5295.4,4,2,1,0,0,134,0,1,15.27,4.79,0
2644.66,3,4,1,0,0,339,0,1,13.6,3.66,0
5818.42,20,1,0,0,0,405,0,1,29.87,1.83,0
3418.32,22,3,0,0,0,585,0,1,13.5,4.58,0
3689.36,19,5,0,0,0,369,0,3,12.9,7.15,0
7256.55,2,2,1,0,1,309,0,0,9.41,6.43,0
1696.4,20,2,0,0,0,703,0,2,23.49,2.22,0
3798.47,6,3,1,0,0,723,0,0,22.43,3.76,0
2623.12,0,4,0,0,0,817,0,1,10.68,12.12,0
688.91,22,4,2,0,0,347,1,2,11.53,11.08,1
1385.09,6,0,1,0,0,856,0,1,17.97,13.25,0
18894.32,15,2,1,0,1,88,0,0,18.14,9.1,0
5453.21,1,4,0,0,0,364,0,0,8.62,7.8,0
907.08,4,2,0,0,0,1104,0,2,23.41,5.74,0
722.44,21,2,1,0,0,52,0,0,24.77,2.55,0
3236.44,14,5,1,0,0,235,0,0,11.38,7.09,0
18755.57,23,5,2,0,0,198,0,1,25.69,2.3,0
2992.62,4,2,0,0,0,843,1,1,17.42,9.85,0
14362.12,21,0,0,1,0,556,0,2,16.43,2.42,0
5268.64,20,3,1,0,0,496,0,1,18.33,8.3,0
5971.86,22,2,1,0,0,341,1,3,16.23,3.71,0
895.6,1,3,1,0,0,564,0,0,23.01,7.57,0
9743.92,2,3,0,0,0,124,0,2,30.57,0.61,0
2561.43,12,4,2,0,1,259,0,4,9.83,0.49,0
9011.41,2,1,1,0,0,336,0,1,17.88,3.96,0
1548.62,1,3,4,0,0,857,0,0,11.03,20.16,1
4384.81,19,4,0,0,0,484,0,2,11.32,2.43,0
5269.04,16,4,1,0,0,709,0,2,13.0,1.48,0
3097.23,20,2,1,0,0,1104,0,3,16.03,4.62,0
5567.9,22,2,1,0,0,63,0,1,17.84,1.27,0
2752.55,3,1,0,0,0,521,0,1,15.86,6.69,0
1841.78,19,5,0,0,0,188,0,1,16.03,3.98,0
19648.53,1,2,1,0,0,761,0,3,9.6,4.01,0
10953.35,8,3,1,0,0,110,0,1,19.85,3.71,0
1637.77,7,4,0,0,0,354,0,0,19.49,4.92,0
6613.49,5,0,0,1,1,81,0,1,19.91,3.66,0
1669.35,17,7,0,0,0,474,0,3,14.51,9.58,0
1049.51,2,2,0,0,0,131,0,1,8.21,3.61,0
10780.56,19,7,0,0,1,364,1,1,15.95,3.56,0
608.32,20,7,0,0,0,907,0,2,16.0,1.95,0
9635.4,15,6,1,0,0,338,1,0,7.77,11.64,1
2792.36,1,0,1,0,0,94,1,3,11.87,1.87,0
2915.73,14,4,1,0,0,191,0,2,27.62,1.74,0
5598.41,15,3,1,1,0,213,1,1,19.45,3.7,0
6702.65,8,3,0,0,0,1161,0,0,18.11,8.35,0
1528.95,8,2,0,1,0,637,0,0,15.85,2.72,0
7735.78,11,1,1,0,0,658,1,1,9.54,4.69,0
4101.22,23,2,0,0,0,317,0,2,18.55,7.39,0
973.74,0,2,1,0,0,101,1,2,6.17,3.1,0
3046.14,12,3,1,1,0,312,0,2,23.28,17.01,1
15527.11,7,3,0,0,0,125,0,5,23.37,6.53,0
21171.78,13,6,0,0,0,52,0,1,22.18,13.48,0
7732.72,0,3,0,0,1,232,0,2,15.54,8.08,0
1043.3,22,2,0,1,0,852,0,3,17.73,11.55,0
6094.47,10,2,1,0,0,267,0,1,19.35,5.24,0
8896.42,23,4,1,0,0,364,0,2,30.68,4.11,0
7800.89,3,1,1,0,0,181,1,0,17.87,6.07,0
8301.59,14,1,0,0,0,391,0,2,15.02,4.91,0
5331.7,16,4,0,0,0,246,0,0,16.24,4.01,0
3374.38,19,2,0,0,0,153,0,0,20.0,6.95,0
1922.18,0,4,2,0,0,361,2,0,18.88,2.01,1
496.29,15,3,0,1,0,161,0,3,16.26,13.53,0
5201.09,3,1,0,1,0,126,0,1,29.52,2.86,0
4426.46,10,3,1,0,0,78,0,0,14.35,7.61,0
6538.44,1,1,2,0,0,1680,0,1,19.88,11.7,1
893.89,1,3,2,1,0,338,0,3,21.72,2.06,0
7167.18,18,2,0,0,0,166,0,0,19.36,20.55,1
31485.18,17,3,1,0,0,554,0,3,18.84,7.8,0
3953.56,21,1,1,0,0,1940,2,3,18.26,10.57,1
3412.67,16,1,1,0,0,270,0,0,21.5,1.77,0
5036.43,14,3,2,0,0,430,1,1,21.32,5.78,0
30759.49,2,6,0,0,0,625,0,3,16.38,1.67,0
1242.86,18,2,1,0,0,846,0,4,9.25,17.92,1
4506.91,5,1,2,0,0,249,0,1,12.48,15.06,1
1572.4,2,5,1,0,0,480,0,2,25.24,7.13,0
2050.1,17,1,1,0,0,219,0,1,27.73,14.56,1
3456.22,14,2,2,0,0,504,0,1,11.07,2.37,0
14983.27,3,3,0,0,0,263,0,1,9.65,1.81,0
24125.87,13,2,1,1,0,2003,0,2,23.17,6.55,0
5828.7,16,4,0,0,0,293,0,1,15.0,2.54,0
2451.79,11,6,1,1,0,828,0,3,16.45,2.8,0
49880.02,17,2,0,0,0,62,0,1,7.47,3.31,0
2324.05,12,0,1,0,0,761,0,2,5.39,4.73,0
1998.81,8,3,0,0,0,486,0,2,23.23,0.62,0
564.71,5,3,2,0,0,382,0,1,15.85,2.75,0
15770.5,6,2,0,0,0,432,0,1,22.44,0.84,0
10063.37,19,4,1,0,1,269,0,0,24.23,7.41,0
46105.88,8,4,1,0,1,222,1,0,14.28,4.92,1
846.41,17,1,1,0,0,316,0,2,14.12,1.69,0
16832.71,8,2,0,0,0,1066,0,2,16.29,7.38,0
3919.2,12,1,2,0,0,103,0,0,22.63,3.17,0
8487.97,14,2,1,0,0,51,0,0,12.96,5.39,0
645.38,11,2,0,1,0,77,0,3,10.05,0.55,0
17008.8,17,0,2,0,0,1062,0,0,18.09,9.7,0
8315.22,22,3,0,0,0,596,0,3,26.31,4.8,0
3495.2,20,4,1,0,0,497,0,2,29.88,2.83,0
7167.9,22,3,0,0,0,300,0,1,20.14,4.78,0
1629.83,0,1,1,0,0,415,0,1,7.17,6.62,0
1981.46,18,2,1,0,0,378,0,3,16.67,8.97,0
2238.1,17,2,0,0,1,141,1,1,20.16,9.56,1
520.42,9,0,0,1,0,639,0,1,12.03,17.28,1
8998.8,7,4,0,0,0,120,0,2,23.99,19.98,1
12723.08,1,4,2,0,0,498,0,3,11.93,4.53,0
1743.39,20,4,0,0,0,371,0,1,18.97,5.42,0
5248.06,20,1,0,0,0,363,0,2,23.6,3.27,0
2755.03,1,2,0,0,0,398,0,4,16.51,4.52,0
5139.38,13,5,0,0,0,306,0,0,11.86,11.1,0
1883.8,13,5,2,0,0,113,0,1,22.79,2.1,0
1440.01,4,5,2,0,0,263,0,2,17.59,5.66,0
10989.31,13,0,1,0,0,635,0,1,20.27,10.35,0
3404.78,19,1,0,0,0,414,0,1,14.86,2.36,0
30430.92,7,6,0,0,0,528,1,2,7.37,2.22,0
3822.37,17,0,1,0,0,738,0,1,18.28,9.4,0
1376.94,23,7,2,0,1,602,1,1,17.35,5.46,1
13204.17,10,2,1,0,0,1017,0,0,8.85,8.76,0
7060.99,2,3,2,0,1,285,0,1,27.97,0.94,0
7810.44,7,4,1,1,0,154,0,1,22.11,4.85,0
12709.83,3,3,1,1,0,434,0,1,12.8,5.88,0
1834.57,8,0,0,1,0,588,0,2,24.34,1.86,0
3185.56,15,4,0,1,0,322,0,1,2.0,4.05,0
3041.11,4,4,0,0,0,135,0,0,24.11,6.92,0
938.91,12,4,1,0,0,200,0,2,14.95,4.43,0
2760.67,23,1,2,0,0,210,0,1,13.22,3.27,0
14812.08,6,5,0,0,0,451,0,2,14.76,15.98,0
4671.36,21,5,0,0,0,812,0,1,13.8,6.39,0
885.93,7,4,0,1,0,363,0,2,20.82,12.24,0
710.78,14,6,1,0,0,78,0,2,21.23,11.38,0
20910.67,3,3,0,0,0,752,0,0,7.32,10.71,0
3311.53,6,1,2,0,0,203,0,0,18.82,8.36,0
1844.97,20,2,1,1,1,588,0,3,16.51,5.85,0
2730.69,14,1,1,0,0,420,0,0,22.73,5.62,0
771.88,13,5,1,0,0,477,0,1,13.7,0.53,0
16224.05,12,3,0,0,0,317,0,0,13.22,4.04,0
2409.79,5,5,0,0,0,82,0,2,20.26,1.64,0
15302.5,22,3,1,0,0,1041,0,2,12.71,6.29,0
3843.87,9,3,0,1,0,29,0,2,23.66,8.05,0
16334.07,0,4,0,0,0,139,0,0,12.39,7.75,0
4767.27,21,3,0,0,0,361,0,2,15.62,7.58,0
8918.6,1,1,1,0,0,708,0,2,26.85,1.78,0
7746.9,21,3,0,0,0,906,0,2,12.66,6.0,0
7005.53,6,3,1,0,0,68,0,2,20.53,2.43,0
5246.58,1,0,0,1,1,316,0,3,20.42,7.41,0
2851.23,5,3,2,0,0,543,0,1,20.43,8.23,0
27206.37,15,1,2,0,0,200,0,2,15.12,5.05,0
1404.89,13,3,1,1,0,484,0,1,28.75,15.46,1
3657.46,3,4,2,0,0,828,0,0,20.69,6.56,0
3698.31,7,2,1,0,0,1041,0,2,13.97,6.46,0
5555.61,5,4,3,0,0,655,0,2,13.0,0.97,0
2319.38,15,2,2,0,0,277,1,2,12.33,0.34,0
5066.9,20,2,0,0,0,346,0,1,21.37,9.42,0
3049.45,6,7,0,0,0,159,0,1,21.8,7.17,0
691.56,21,7,3,0,0,577,0,0,17.39,3.85,0
3677.65,9,3,2,0,0,309,0,2,14.9,6.18,0
1146.43,1,4,0,0,0,197,0,0,4.76,0.49,0
589.28,7,2,0,0,0,323,0,2,10.52,2.77,0
4203.69,20,4,0,1,1,143,0,1,26.79,10.59,0
6077.07,19,3,0,0,0,154,0,2,14.55,6.3,0
6329.86,17,1,0,0,0,16,0,2,11.91,8.36,0
6604.65,9,4,3,0,1,354,1,3,18.42,6.58,1
478.56,18,3,0,0,0,429,0,2,20.53,5.03,0
872.12,17,3,0,0,0,447,0,3,12.15,3.81,0
28917.36,19,1,0,0,0,48,0,0,20.43,8.59,0
1212.49,13,2,1,0,0,250,0,4,23.87,5.8,0
6914.55,12,2,1,0,1,436,0,2,23.59,5.26,0
1769.97,23,1,2,0,0,385,0,0,16.75,5.6,0
3958.64,22,5,2,1,0,933,0,0,18.44,3.67,0
1872.6,12,3,0,1,0,333,0,0,10.86,3.57,0
6565.72,4,0,0,0,0,289,0,3,14.18,5.11,0
4203.25,9,2,1,0,0,242,0,0,30.05,3.44,0
2274.0,12,3,0,0,0,361,0,1,11.26,4.57,0
1208.72,16,1,2,0,0,736,0,1,4.39,2.95,0
4823.06,7,2,1,0,0,234,0,1,24.24,9.93,0
1019.07,1,3,0,0,0,400,0,0,13.37,1.2,0
5703.61,19,2,1,0,0,572,0,1,18.28,5.35,0
57400.55,22,1,2,0,0,80,0,1,7.25,7.55,1
15028.12,1,0,2,1,0,168,0,1,16.44,5.26,0
7740.84,7,1,4,0,0,190,0,2,18.26,3.93,0
3327.95,10,0,2,0,0,122,0,0,19.15,11.84,1
475.47,18,5,0,1,0,210,0,0,23.97,6.28,0
908.32,18,2,0,1,0,70,0,0,15.28,1.01,0
14001.68,8,3,0,0,0,633,0,1,13.91,3.54,0
1588.83,7,4,0,0,1,163,0,0,18.03,3.61,0
1747.23,9,2,1,0,0,221,0,0,18.72,4.97,0
3059.68,5,2,0,0,0,188,0,0,18.79,3.11,0
1193.75,10,1,0,0,0,347,1,1,9.78,1.89,0
1004.15,6,5,1,0,0,132,0,0,27.0,6.57,0
3453.01,1,4,0,0,1,740,0,2,29.12,18.89,1
1427.81,17,5,1,0,0,389,0,2,32.72,6.31,0
1672.26,18,8,1,0,0,607,0,2,22.36,2.75,0
1603.19,6,3,0,0,0,828,0,0,11.88,19.08,0
6301.09,9,1,0,0,0,264,0,0,21.25,14.3,0
2853.4,9,1,2,1,0,163,0,3,14.3,6.39,0
3018.45,0,3,0,0,0,599,0,1,24.09,2.83,0
6814.4,13,0,0,0,0,441,0,2,20.41,3.68,0
3136.49,11,3,1,0,0,824,0,1,14.02,1.71,0
2718.49,22,3,0,0,1,197,0,0,21.66,4.47,0
5966.84,8,2,2,1,0,444,0,0,26.65,6.91,0
7343.77,19,4,0,0,0,263,0,2,10.29,3.95,0
3119.95,9,2,2,1,0,543,0,1,13.35,2.3,0
3962.53,4,4,2,0,0,485,0,0,23.49,5.59,0
1602.18,8,4,1,0,1,358,0,0,14.29,2.47,0
1474.81,21,1,0,0,0,145,0,0,2.71,7.53,0
8164.94,6,2,0,0,0,169,0,2,8.82,6.28,0
5809.15,20,0,0,1,0,208,0,2,25.71,6.1,0
5872.66,15,6,0,1,0,786,0,2,23.46,0.97,0
4889.75,17,3,0,0,0,247,2,1,12.81,12.81,1
3821.94,18,3,0,0,0,400,0,1,11.9,4.18,0
7564.58,12,4,2,0,0,706,0,1,22.49,6.22,0
9719.25,14,1,0,0,0,144,1,0,7.87,12.56,0
9478.58,1,4,0,0,0,950,0,2,24.7,3.67,0
3275.36,16,2,3,0,1,391,0,0,18.66,3.7,0
15620.55,17,4,0,1,0,272,0,3,13.75,6.51,0
4628.02,2,1,0,0,0,126,1,2,22.46,11.32,0
7072.68,12,1,0,1,0,976,0,2,17.56,2.42,0
4896.09,12,4,0,0,0,437,0,1,13.61,8.3,0
4719.02,7,2,0,0,0,257,0,4,17.72,9.92,0
1681.53,1,4,0,0,0,394,0,1,26.22,5.85,0
7603.91,0,3,1,0,0,171,0,0,9.1,8.85,0
72226.27,5,1,1,1,0,575,0,2,8.82,12.3,1
2456.43,5,3,1,0,0,457,0,1,21.64,8.15,0
3922.74,5,2,0,0,0,467,0,2,27.44,4.69,0
2278.98,14,0,2,0,0,716,0,0,16.67,1.18,0
2181.09,10,4,2,0,0,201,0,3,28.19,3.5,0
18428.84,2,1,1,0,0,250,0,1,14.15,6.9,0
1796.11,2,7,0,0,1,214,0,1,10.05,8.61,1
2213.25,15,7,2,0,0,626,0,1,24.3,9.63,1
687.55,22,4,1,1,0,712,0,1,12.3,10.19,0
1643.38,19,1,0,0,0,322,0,1,12.74,10.03,0
605.58,18,6,2,0,0,100,0,0,21.99,5.06,0
7068.44,7,1,1,0,0,94,0,0,13.72,3.49,0
68849.76,16,1,2,1,0,187,0,1,24.0,2.2,0
2477.46,1,2,1,0,0,248,0,0,13.43,6.19,0
632.64,4,1,0,1,0,140,0,2,21.98,4.77,0
9367.48,3,3,2,0,0,314,0,1,26.16,6.8,0
1697.19,4,5,0,0,0,195,0,0,18.18,2.23,0
14247.18,8,2,1,0,0,692,0,1,13.59,19.38,1
2707.74,1,2,1,0,0,423,0,0,9.73,3.54,0
1875.43,19,1,1,0,0,952,0,0,25.1,1.8,0
3020.4,17,4,0,0,0,296,0,0,12.19,7.43,0
8068.04,15,5,1,0,0,874,0,2,7.32,5.63,0
2867.54,4,4,1,0,0,329,0,1,25.94,5.86,0
2161.24,20,2,0,1,1,204,0,1,11.62,1.56,0
2954.92,0,1,2,0,0,325,0,1,32.39,9.57,1
957.72,23,2,0,0,0,179,0,2,11.74,21.58,1
5524.14,17,0,1,1,1,277,0,2,19.78,6.95,0
557.76,4,0,0,0,0,183,0,0,17.89,1.55,0
2283.97,4,1,0,0,0,237,0,1,18.18,4.02,0
8081.68,16,5,1,1,0,539,2,1,25.38,10.53,1
5005.04,19,6,1,0,0,311,0,3,9.72,8.49,0
6767.16,11,3,0,0,0,211,0,4,23.13,1.57,0
3400.58,1,3,0,0,0,110,0,3,13.6,3.5,0
12434.54,11,1,1,0,0,279,0,3,23.36,3.97,0
9613.6,11,3,1,0,0,556,0,0,18.59,3.06,0
5816.47,7,2,0,0,0,819,0,1,29.42,10.7,0
9642.38,21,4,1,0,0,201,0,0,13.69,9.93,0
8005.99,8,2,0,0,0,590,1,1,25.24,11.31,0
2295.17,5,2,0,0,0,911,0,2,14.36,9.45,0
887.94,16,2,1,0,0,850,1,2,15.35,4.04,0
5661.14,14,6,0,0,1,631,0,2,15.85,2.39,0
6460.06,14,3,1,0,0,815,0,0,27.24,1.96,0
11441.42,12,5,1,0,0,461,0,0,27.02,13.42,0
1362.21,7,2,1,1,0,1032,0,1,20.05,8.94,0
1405.64,6,6,1,0,0,955,0,2,11.64,11.83,0
5901.11,2,2,1,0,0,537,0,0,27.35,6.63,0
3378.8,4,2,1,0,0,411,0,3,21.98,1.5,0
502.68,13,2,2,0,0,279,2,7,13.77,6.02,1
5398.43,9,4,0,0,0,671,0,1,16.95,7.82,0
520.59,17,5,0,0,0,48,0,1,12.39,4.69,0
1349.49,19,3,0,0,0,67,0,3,11.22,6.56,0
15051.99,13,0,1,0,0,113,0,0,22.2,2.46,0
24738.67,2,2,1,0,0,277,0,0,10.28,12.74,0
1015.93,0,2,0,0,0,521,0,1,15.11,14.63,0
2576.38,5,2,2,1,0,196,0,0,17.26,1.87,0
3807.6,6,0,0,0,0,255,0,0,28.88,1.76,0
23630.38,1,2,0,1,0,1554,0,1,18.36,7.36,0
2170.01,18,1,0,0,0,380,0,1,18.02,8.07,0
2206.74,8,4,1,0,0,1749,0,3,21.92,2.36,0
18511.77,17,2,0,1,0,261,0,2,15.22,3.66,0
2456.45,5,2,0,0,0,248,0,0,10.87,6.12,0
7772.23,0,2,0,0,0,1141,0,1,14.58,16.18,1
772.01,3,3,1,0,0,249,0,1,18.44,1.25,0
3041.8,11,1,0,1,0,246,0,2,14.22,8.17,0
637.42,11,2,2,0,0,54,0,2,19.23,4.23,0
1202.06,10,5,0,0,1,424,0,1,35.03,7.2,1
8788.17,23,4,0,0,0,344,0,2,11.39,0.25,0
3455.07,15,10,1,1,0,230,0,2,15.26,3.07,0
2604.35,17,1,0,0,0,751,0,0,11.62,2.9,0
1658.74,2,4,2,0,0,564,0,2,26.29,12.36,1
2887.98,11,3,1,0,0,176,0,1,16.54,5.7,0
4994.88,14,5,1,0,0,456,0,0,16.42,5.04,0
10219.59,14,6,1,0,0,352,0,0,17.9,0.54,0
231.27,22,4,3,0,0,588,0,1,15.82,2.39,0
1520.28,11,4,1,0,0,1043,0,0,13.37,0.83,0
4302.93,8,0,1,0,0,181,1,1,22.57,5.27,0
3281.95,22,0,0,0,0,225,1,0,12.34,8.94,0
5561.07,8,1,0,1,0,378,1,1,28.67,10.99,1
4821.87,13,1,3,1,0,229,1,2,12.03,4.05,1
2643.58,0,5,0,0,0,580,0,4,13.05,5.29,0
2093.94,3,4,0,1,0,325,0,0,21.69,0.19,0
2813.61,1,3,1,0,0,241,0,2,22.72,4.1,0
12163.31,10,4,1,0,0,439,0,1,16.58,7.43,0
1688.16,22,2,0,1,0,234,0,0,23.02,1.7,0
3408.59,1,5,1,0,0,649,0,1,9.7,10.61,0
4413.88,23,3,0,1,0,220,0,0,11.84,3.1,0
18739.12,20,4,0,0,0,483,0,1,22.0,1.92,0
2656.27,0,3,1,1,0,74,0,4,21.35,3.78,0
9964.13,0,5,0,1,0,634,0,2,18.49,20.73,1
13274.21,21,2,1,0,0,979,1,1,26.52,1.65,0
3405.2,14,5,0,0,1,16,0,1,17.54,5.82,0
2918.27,4,3,0,0,0,200,0,2,4.43,0.6,0
2577.29,22,1,0,0,0,377,0,2,33.54,7.66,0
2783.28,13,3,2,0,0,449,0,1,20.99,1.55,0
8928.04,15,1,1,0,1,626,0,2,16.5,12.54,1
4640.42,16,4,1,0,0,277,0,2,20.96,1.76,0
4661.32,4,6,2,0,0,908,0,1,12.55,0.88,0
1117.13,8,5,2,0,0,448,0,1,26.01,6.85,0
1318.35,3,0,1,1,0,1688,1,2,13.38,5.65,1
34565.77,12,4,0,0,0,286,0,2,17.18,4.6,0
3020.82,23,1,1,0,0,866,0,2,15.39,4.32,0
1614.03,15,1,0,0,0,269,0,0,17.9,2.61,0
16360.97,16,2,0,0,0,178,0,4,10.76,3.67,0
4894.65,4,2,0,0,0,293,0,0,11.61,4.3,0
6681.27,13,2,0,1,0,151,0,1,15.29,15.57,1
3149.66,23,6,3,0,0,583,0,2,15.53,5.0,1
2605.53,2,6,0,1,0,549,0,2,17.68,7.21,0
3047.07,4,1,0,0,0,438,1,2,15.1,10.79,1
852.46,17,4,0,0,0,278,0,0,12.09,3.84,0
3319.85,0,0,2,0,0,101,0,1,24.44,2.39,0
4968.31,4,2,0,0,0,870,0,0,14.3,11.67,0
25412.24,22,2,0,0,0,525,0,2,29.83,13.02,0
3985.03,0,3,1,0,0,330,0,4,17.18,21.12,1
313.91,10,5,2,0,0,504,0,2,20.83,7.24,0
3298.8,7,3,3,0,0,611,0,0,11.01,17.7,1
64632.93,9,6,0,1,0,893,0,1,23.38,2.26,0
9042.44,6,3,0,0,0,520,0,2,15.72,16.64,0
1553.97,6,1,1,0,0,125,0,0,21.46,3.11,0
6772.75,18,3,1,0,0,110,0,1,15.89,4.6,0
1670.51,0,4,0,0,0,273,0,2,18.51,6.01,0
878.75,3,3,0,0,0,523,1,1,16.75,3.02,0
2525.55,6,1,2,1,0,761,0,2,15.32,6.77,0
4008.22,19,5,0,0,1,257,0,0,19.51,7.81,0
509.91,9,2,2,1,0,378,0,1,26.0,12.42,1
1089.4,0,3,1,0,0,148,0,0,26.15,7.08,0
3680.68,12,1,2,0,0,183,0,3,19.12,4.14,0
2371.83,15,2,1,0,0,924,0,0,17.87,7.5,0
5511.28,10,0,0,0,0,731,1,1,16.36,5.26,0
1016.99,2,4,0,0,0,207,0,1,21.33,6.95,0
7706.5,21,0,1,0,0,623,0,4,12.49,5.92,0
1050.53,20,3,0,0,1,161,0,3,18.68,4.14,0
20432.27,21,6,0,1,0,117,1,1,20.18,5.01,1
600.92,23,1,0,1,0,504,0,2,18.77,4.39,0
1156.11,7,4,1,0,0,381,0,0,19.42,2.42,0
5643.39,10,2,2,1,0,290,0,1,25.08,10.04,1
20898.76,23,2,0,0,1,147,0,1,11.82,4.22,0
5068.47,10,5,1,0,0,431,0,1,13.78,7.63,0
6574.81,20,1,1,0,0,231,0,1,20.84,5.17,0
3708.61,15,2,1,1,0,360,0,0,14.38,5.28,0
1239.27,22,5,1,0,0,491,0,0,23.88,7.29,0
2176.24,0,1,0,0,0,592,1,1,17.38,1.58,0
1019.94,16,2,0,0,0,767,0,1,16.51,5.26,0
950.85,19,4,1,0,0,109,0,2,7.25,17.21,1
5551.57,4,2,1,0,1,383,0,2,23.06,6.88,0
1119.53,17,4,0,0,0,654,1,4,13.92,8.55,0
5092.54,4,2,0,0,0,897,0,3,10.02,1.97,0
928.05,21,1,2,0,0,77,2,0,15.61,5.88,1
4970.13,21,1,1,0,1,321,0,3,14.37,7.97,0
2179.57,0,0,0,0,0,329,0,0,6.59,8.86,0
15945.73,12,2,2,0,0,288,0,1,21.12,2.28,0
5114.86,9,1,1,0,0,404,0,1,23.0,1.96,0
13327.33,21,1,0,0,0,359,0,1,30.83,1.12,0
1646.77,7,1,0,1,0,368,0,2,26.76,6.45,0
3862.04,17,1,1,0,0,208,0,0,24.45,8.06,0
1299.66,2,6,0,0,0,331,0,0,19.55,14.28,1
2358.34,5,0,0,1,0,77,0,4,24.92,5.41,0
2764.99,23,4,1,1,0,252,0,2,16.76,7.83,0
1699.09,9,5,0,0,0,207,0,1,16.29,4.85,0
1016.09,18,3,0,0,0,210,0,1,23.39,16.12,0
825.35,23,3,0,0,0,607,0,0,19.69,2.87,0
312.08,23,5,1,0,0,706,0,0,15.66,0.95,0
1200.91,0,4,0,1,0,44,0,1,31.22,13.53,1
7036.52,5,2,1,1,0,156,1,2,6.1,3.58,0
679.65,17,2,1,1,0,241,1,1,17.55,8.4,1
865.64,22,3,0,0,0,343,0,1,20.58,1.61,0
23871.57,23,0,0,0,0,110,0,1,24.63,3.22,0
1866.24,17,1,0,0,0,777,0,1,22.28,4.51,0
5100.52,2,2,0,0,0,374,0,3,19.96,14.56,0
7146.89,17,3,1,0,0,393,0,2,21.98,4.87,0
7300.17,6,4,0,1,0,396,0,0,11.43,6.81,0
736.25,19,3,1,0,0,561,0,0,15.0,12.88,0
2856.6,13,1,0,0,0,209,0,0,16.82,5.97,0
665.71,4,2,0,1,0,178,0,3,15.57,11.87,1
47507.07,20,2,1,1,0,197,0,0,24.34,1.12,0
682.24,23,4,0,0,0,857,0,2,23.73,12.02,0
1211.69,12,2,2,0,0,456,0,1,23.23,1.48,0
1220.93,19,5,1,0,0,79,0,1,21.13,8.12,0
756.35,1,5,1,1,0,157,0,1,19.44,2.3,0
15066.42,6,0,0,0,0,134,0,1,22.65,11.6,0
46331.17,3,2,0,0,0,174,0,2,17.04,2.92,0
2209.37,6,4,0,0,0,16,1,0,17.09,4.66,0
910.1,9,4,1,0,1,1101,1,3,18.99,6.61,1
347.66,10,2,0,0,0,613,0,2,17.13,7.56,0
2817.73,7,5,1,0,0,1653,0,6,16.26,1.02,0
2611.86,13,7,0,1,0,332,0,2,14.05,4.33,0
1837.46,5,8,0,0,0,299,0,2,12.01,3.59,0
4593.71,8,3,0,0,0,277,0,2,14.87,4.01,0
5513.37,20,1,0,0,0,92,0,2,16.2,0.95,0
5111.44,13,3,0,0,0,621,0,0,15.84,0.84,0
2612.52,0,2,2,1,1,1025,1,1,13.94,3.31,1
1145.16,7,3,1,0,1,138,0,1,23.18,15.08,1
7325.56,19,4,1,0,0,324,0,1,18.72,1.27,0
3689.11,4,3,0,0,0,338,0,0,23.79,6.55,0
9253.67,22,3,0,0,0,65,0,2,27.37,3.53,0
8346.35,7,1,0,0,0,792,0,1,12.0,4.89,0
818.24,15,5,0,0,0,418,0,0,16.78,7.16,0
807.6,11,1,0,1,0,838,0,0,23.0,5.5,0
1646.95,15,5,1,0,0,174,0,1,10.84,5.13,0
1201.01,19,3,3,0,0,748,1,1,19.06,2.39,0
8046.68,3,3,1,1,0,800,0,1,17.45,3.47,0
5265.2,8,1,0,0,1,443,1,1,19.71,12.69,1
11546.56,13,2,1,0,0,136,0,5,4.02,9.39,0
5520.98,6,5,0,0,0,143,0,3,31.46,5.5,0
4532.74,9,2,0,0,0,740,1,0,17.52,8.66,0
12832.24,21,6,1,0,0,785,0,2,9.24,1.82,0
5962.31,5,2,0,1,0,141,0,0,20.78,3.93,0
3910.83,4,3,0,0,0,496,0,2,16.02,11.92,0
17231.18,13,0,0,1,1,583,1,0,7.9,6.28,1
4109.02,2,4,0,0,0,715,0,1,27.57,12.36,0
2645.04,0,1,2,0,0,798,0,1,20.03,6.36,0
1510.64,20,1,1,0,0,80,0,1,16.35,6.87,0
7617.3,6,3,0,0,0,318,0,0,17.73,22.05,1
13345.08,2,6,1,0,0,124,0,1,19.23,6.66,0
3452.6,15,2,1,1,0,933,0,2,11.23,7.68,0
14375.94,11,4,1,0,0,167,0,1,21.35,1.29,0
460.12,10,2,0,1,0,54,0,1,17.85,6.25,0
3435.01,10,3,2,0,0,497,0,2,12.66,11.49,0
3490.85,3,5,0,1,0,784,0,0,32.46,3.24,0
1697.07,20,1,2,1,0,343,0,1,13.36,1.32,0
44491.53,0,2,0,0,0,105,0,5,23.21,8.71,0
3396.49,11,2,1,0,1,199,0,1,22.67,7.1,0
2372.93,6,3,0,0,0,438,0,0,16.76,5.14,0
3741.57,15,3,1,1,0,446,0,2,20.7,3.34,0
444.54,13,1,1,0,0,299,0,1,18.82,5.79,0
1639.49,9,1,0,0,0,446,0,2,12.46,14.49,0
10223.07,12,3,0,1,1,358,0,0,20.88,4.7,0
1881.09,5,2,1,0,0,263,0,2,14.36,4.04,0
1524.9,3,2,1,0,0,630,0,0,13.44,10.02,0
14400.27,21,2,0,0,0,249,0,3,16.46,0.7,0
14872.47,14,0,0,0,0,253,0,3,22.11,2.57,0
6265.66,15,2,1,1,0,763,0,1,19.87,3.33,0
2257.76,23,4,0,1,1,1215,0,1,22.02,8.56,0
2831.48,21,2,2,0,0,172,0,1,33.31,7.1,0
1565.0,14,3,1,0,0,263,1,3,16.9,6.3,0
1281.12,19,2,1,0,0,440,0,0,19.97,24.77,1
1216.05,12,4,0,1,1,264,0,0,18.15,6.51,0
1902.73,5,1,0,0,1,302,0,1,15.91,0.35,0
1228.49,14,2,0,0,0,231,0,3,17.28,8.94,0
704.94,21,4,1,1,0,751,0,2,12.43,4.16,0
4584.21,21,3,0,0,0,953,0,0,16.79,5.04,0
4657.93,12,1,1,0,0,357,0,3,13.45,3.7,0
21716.6,22,6,1,0,0,545,1,0,8.18,2.45,0
1804.87,4,4,2,0,1,211,0,1,17.19,2.33,1
4968.66,0,2,0,0,1,114,0,1,7.13,3.5,0
5056.09,9,1,5,0,0,2374,0,2,22.83,16.32,1
2789.09,4,1,1,0,0,256,0,2,15.97,2.84,0
7954.95,22,1,1,1,0,617,0,0,18.49,0.43,0
8217.25,2,3,1,0,0,451,1,1,12.45,5.01,0
5134.73,12,4,1,0,0,1162,0,0,20.14,7.17,0
2783.82,18,1,1,1,0,173,0,0,12.98,5.98,0
2501.37,2,2,0,0,0,290,0,1,18.33,15.06,0
865.98,1,2,0,0,0,161,0,1,12.02,1.87,0
1562.1,13,7,2,0,0,127,0,1,14.11,13.13,1
1894.84,21,1,2,0,1,348,0,1,19.13,12.51,1
1118.6,0,5,1,1,0,74,0,2,21.89,16.2,1
5778.62,0,5,3,0,0,401,0,1,8.09,0.5,1
12790.52,22,2,2,0,1,160,0,0,18.88,12.92,1
1403.23,14,4,0,0,0,754,1,2,16.06,2.08,0
4903.05,16,3,0,0,0,1098,1,2,13.69,7.08,0
1229.28,6,2,1,0,0,46,0,0,25.93,10.94,0
2643.43,7,4,0,0,0,329,0,1,21.19,3.54,0
1763.67,11,7,0,0,0,119,0,0,20.5,1.55,0
6849.91,5,4,1,0,0,167,0,4,10.32,5.25,0
1785.18,10,2,0,0,0,106,0,1,25.97,14.69,0
10532.74,22,3,1,0,1,245,0,1,17.92,8.63,0
2812.96,17,2,0,0,0,259,0,1,12.31,11.33,0
1840.73,20,5,0,1,0,267,0,3,14.57,2.87,0
976.55,11,4,1,1,0,130,0,1,27.36,2.35,0
4749.83,18,4,0,0,0,49,0,1,26.56,6.7,0
9320.57,10,4,2,0,0,404,0,2,26.35,17.53,1
4851.23,14,3,0,0,0,1178,0,2,14.78,0.78,0
38206.97,17,4,1,0,0,539,0,0,18.95,7.81,0
16338.46,19,5,0,0,0,679,0,4,10.8,6.28,0
2636.21,22,2,2,0,0,260,0,0,17.85,14.3,1
2607.3,2,2,1,0,0,388,0,0,10.65,2.49,0
5962.12,19,2,1,1,0,487,0,0,21.09,3.1,0
1510.32,17,2,0,0,0,77,0,2,21.34,0.96,0
12389.48,17,3,5,0,1,220,0,1,12.88,4.47,1
5322.41,0,3,0,0,0,329,2,1,17.07,24.83,1
4766.09,11,2,0,0,0,298,0,1,14.08,8.9,0
7489.83,23,3,1,0,0,141,0,1,11.29,6.96,0
22224.96,21,0,1,0,1,599,0,1,25.83,9.62,0
4356.84,5,5,0,0,0,416,0,2,12.04,4.58,0
3233.46,11,6,0,0,0,479,0,2,19.35,2.59,0
17750.26,20,3,0,1,0,494,0,0,24.72,4.2,0
10056.03,22,2,0,1,0,232,0,0,14.47,5.06,0
2599.23,7,3,0,1,0,1235,0,0,15.47,6.98,0
3660.83,19,2,0,0,0,741,0,1,21.57,1.92,0
4470.03,20,1,1,1,0,311,0,1,26.76,10.06,0
5323.59,3,5,0,1,0,209,0,0,11.67,18.53,1
876.18,0,4,0,0,0,132,0,0,21.26,5.25,0
720.82,1,3,2,0,0,396,0,3,19.44,8.88,0
1434.03,3,6,0,1,0,779,0,0,22.91,0.5,0
1322.16,17,2,2,0,0,167,0,1,16.18,10.06,0
1851.93,9,4,1,0,0,348,0,1,23.51,14.18,1
7090.04,16,2,2,0,0,410,0,2,31.99,5.38,0
3049.17,2,1,0,0,0,236,0,0,22.01,15.12,0
4474.79,14,2,1,0,0,490,0,2,12.09,13.62,0
1006.75,17,1,0,0,0,153,0,0,19.13,1.28,0
2242.34,23,2,2,0,0,66,0,2,24.7,3.41,0
6745.43,7,0,0,0,0,751,0,2,14.51,1.9,0
6800.15,13,2,1,0,0,274,0,2,13.92,19.64,1
1701.38,11,0,0,0,0,396,0,1,18.28,4.7,0
4314.54,8,7,0,0,0,406,0,0,18.14,14.01,1
36636.13,15,1,1,0,0,455,0,3,33.56,2.5,0
3574.29,13,2,0,0,0,570,0,3,18.34,2.16,0
1758.39,19,1,1,0,0,87,0,2,14.79,4.54,0
3033.73,0,2,2,0,0,129,0,1,23.18,3.28,0
4010.96,5,1,0,1,0,95,0,1,9.43,3.74,0
3106.57,13,2,2,0,0,394,0,0,19.04,5.88,0
3523.03,13,2,2,0,1,140,0,2,14.75,12.47,1
799.82,21,5,0,0,0,246,0,1,19.7,3.9,0
1325.09,16,4,0,0,1,252,0,1,12.45,3.92,0
3112.55,0,2,0,0,1,1239,0,2,22.43,4.32,0
3060.91,11,4,0,1,0,58,0,4,23.81,5.15,0
2009.22,20,3,1,0,0,336,1,1,19.08,9.58,1
3023.4,20,2,0,0,0,118,0,2,8.53,1.97,0
3881.84,19,1,1,0,0,1003,0,0,27.25,6.67,0
9263.93,11,2,0,0,0,429,0,5,16.65,10.04,0
3280.75,2,3,1,0,0,126,0,2,20.79,1.27,0
5536.17,5,2,0,0,0,610,0,2,21.45,15.9,0
2061.77,20,3,2,0,0,251,0,2,17.11,5.85,0
6638.89,8,2,4,0,0,1327,0,2,18.22,5.6,0
5401.96,18,1,0,0,0,704,0,3,13.62,8.98,0
9037.23,0,2,1,0,0,910,0,1,11.03,3.93,0
7701.22,11,7,1,0,0,429,1,1,12.96,7.69,1
6755.91,22,0,1,0,0,124,0,1,20.12,14.58,0
3283.49,5,3,3,0,1,43,0,1,25.3,2.09,0
4708.79,0,1,2,0,0,475,0,1,20.19,6.93,0
11122.04,6,3,1,0,1,131,0,0,28.26,10.0,0
1835.96,1,4,1,0,0,294,0,1,22.65,4.15,0
1882.15,14,1,0,0,0,685,0,2,20.5,7.15,0
4405.03,4,5,0,0,0,116,0,2,24.98,3.08,0
5631.01,5,2,0,0,0,262,1,0,17.39,7.56,0
1532.55,14,4,1,0,0,692,0,1,22.85,2.92,0
3366.06,7,4,0,0,0,329,0,0,18.6,6.57,0
3298.76,15,2,1,0,0,108,1,1,20.04,5.47,0
355.65,22,1,0,0,1,349,0,0,20.47,7.8,0
2891.2,22,3,0,0,0,290,0,5,13.44,6.63,0
3086.57,17,2,0,0,0,623,0,4,15.25,7.17,0
3076.94,23,1,0,0,0,129,0,2,28.1,5.02,0
16102.18,17,0,2,0,0,761,0,1,2.14,10.17,0
1015.78,1,4,4,0,0,447,0,0,13.59,7.45,1
1531.72,22,6,0,0,0,318,0,1,27.75,3.71,0
234.44,13,4,0,0,0,268,0,2,12.3,5.5,0
2197.42,0,5,1,0,0,658,0,2,23.84,8.74,0
2403.24,14,4,0,1,0,166,0,1,14.8,3.23,0
2131.38,5,2,0,0,0,391,0,1,25.96,1.91,0
11650.0,12,4,0,0,0,266,0,2,23.01,0.93,0
8988.02,15,4,2,0,0,895,0,0,22.72,9.89,0
3951.1,0,2,0,1,0,623,0,1,19.46,6.05,0
2467.24,10,4,1,0,0,322,0,0,19.05,1.79,0
10694.65,1,1,0,0,0,264,0,1,11.35,5.75,0
3566.19,2,4,0,0,0,69,0,3,16.15,1.18,0
1541.97,5,1,0,0,0,375,0,4,7.46,1.72,0
600.61,18,2,0,0,0,134,1,2,14.54,5.74,0
2290.72,9,3,0,1,0,530,0,4,22.84,1.48,0
8041.54,1,4,1,0,0,142,0,2,22.48,10.31,0
39750.02,17,2,1,1,0,612,0,0,7.99,3.09,0
3884.27,13,2,0,0,0,248,0,3,17.9,8.75,0
1630.07,3,5,0,0,0,169,0,1,22.22,0.27,0
1049.2,13,3,1,0,0,509,0,1,9.23,2.34,0
6499.97,5,1,0,1,0,276,0,1,24.55,6.11,0
570.87,15,2,0,1,1,398,2,4,18.93,5.91,1
6488.99,22,3,1,0,0,436,0,1,23.11,2.89,0
8592.09,7,1,1,0,0,175,0,4,17.35,1.76,0
5756.55,17,4,1,0,0,567,0,2,13.52,10.15,0
2890.99,0,5,1,0,0,73,0,1,12.27,1.32,0
6589.2,9,3,1,0,0,105,0,1,16.89,6.55,0
4356.77,21,2,0,0,0,693,0,2,25.5,8.88,0
1608.36,1,4,1,0,0,200,0,1,28.38,6.86,0
25410.89,22,2,0,0,0,484,0,2,16.34,3.39,0
2516.78,2,2,1,1,0,31,0,0,26.56,1.87,0
8221.76,11,2,1,0,1,888,1,2,25.09,4.58,1
287.28,4,1,0,0,0,339,0,0,18.43,3.74,0
13909.04,0,5,0,0,0,855,1,0,21.85,11.47,1
17020.98,8,1,0,0,0,240,0,2,13.25,6.22,0
3756.81,13,4,0,0,0,270,0,1,20.99,12.98,0
6546.66,17,2,1,0,0,525,0,3,29.26,2.21,0
6544.9,7,1,0,1,0,474,0,1,14.94,2.71,0
1853.96,11,5,2,0,0,879,0,0,13.17,5.64,0
6467.07,4,1,0,0,0,65,0,1,20.48,6.67,0
1557.66,17,1,0,0,0,461,0,3,22.66,12.24,0
1921.39,4,5,1,0,0,145,0,0,23.72,11.22,1
11888.07,20,1,2,0,1,47,0,1,9.57,2.16,0
10131.36,4,4,2,1,0,332,0,1,8.0,7.9,1
1734.21,15,3,1,0,0,647,0,1,9.47,7.04,0
1685.38,7,3,1,0,0,1291,0,1,20.61,2.58,0
1848.49,23,4,0,0,0,642,0,1,19.93,3.21,0
7857.88,6,2,1,0,0,822,0,4,11.09,5.37,0
1274.13,22,0,4,0,0,362,0,2,14.08,6.65,0
5295.16,20,8,1,1,0,216,0,1,12.7,5.51,0
7975.97,11,2,1,0,0,344,1,1,27.53,3.52,0
3318.75,11,1,1,0,0,1074,1,1,20.7,16.0,1
10515.09,8,3,2,0,0,370,0,1,13.1,10.83,0
2645.13,10,7,3,0,0,610,0,2,22.28,6.16,1
2908.67,11,5,2,0,0,453,1,1,24.76,7.33,1
1304.91,3,3,0,0,0,491,0,3,12.84,8.7,0
10593.93,7,4,4,0,0,102,1,2,10.45,5.39,1
1628.07,21,3,1,0,0,401,0,0,18.88,2.7,0
5256.71,23,3,1,0,0,540,0,0,10.33,1.17,0
3378.27,1,3,2,0,0,661,0,1,15.36,11.72,1
1205.41,17,5,0,0,0,90,1,0,15.46,8.25,0
1920.69,5,1,4,0,0,1405,0,0,16.94,6.5,0
15553.11,15,2,1,0,1,814,0,2,19.87,6.97,0
4499.58,14,4,0,0,0,57,0,1,21.43,8.75,0
1261.92,21,5,0,0,1,316,0,1,24.76,2.68,0
5017.04,16,2,2,0,0,244,0,2,15.32,5.55,0
3123.1,19,3,1,0,0,217,0,2,13.24,4.56,0
136864.78,19,1,0,0,1,302,0,3,17.38,6.65,1
4911.72,15,3,0,0,0,238,0,1,8.77,21.17,1
2441.44,9,1,1,0,0,494,0,1,24.35,4.36,0
16171.88,8,5,1,0,0,663,0,4,18.97,2.85,0
526.85,8,4,0,0,0,1037,0,2,19.26,2.38,0
4020.0,8,3,1,1,0,509,0,1,8.92,4.99,0
29559.19,6,3,0,0,0,165,0,2,10.94,3.32,0
3222.75,7,3,1,0,1,147,1,1,12.98,0.11,1
589.95,13,2,0,0,0,399,0,0,28.3,7.05,0
2402.55,6,4,1,0,0,594,0,1,20.49,5.82,0
16768.27,8,1,1,0,0,147,0,3,21.97,3.91,0
5403.88,17,1,1,0,0,285,0,1,14.04,2.25,0
1509.0,7,1,0,0,0,452,0,3,23.12,8.37,0
1773.12,2,3,2,0,1,347,0,3,16.69,5.35,0
2022.96,0,3,0,1,0,513,0,1,17.48,4.22,0
5320.16,18,4,1,0,0,397,0,1,20.29,2.66,0
14840.36,22,3,1,0,0,655,0,1,25.15,10.58,0
10993.33,16,0,1,0,0,288,0,0,21.21,2.44,0
5877.07,1,5,2,0,0,1217,0,0,29.2,5.4,0
899.44,13,6,0,0,0,729,0,0,28.34,10.03,0
902.95,6,2,0,0,0,191,0,1,25.08,5.2,0
6373.57,7,4,0,0,0,405,0,0,19.1,7.34,0
886.48,22,2,0,0,0,263,0,0,26.69,6.59,0
2873.12,19,2,0,0,0,241,0,1,12.26,0.55,0
5010.84,17,1,0,0,0,153,0,1,7.01,3.57,0
1102.71,12,3,0,1,0,173,0,3,21.21,14.54,1
1242.06,13,1,0,0,0,48,0,0,25.0,3.13,0
3298.33,21,1,1,1,0,441,0,5,11.41,1.24,0
6178.51,15,5,0,0,0,801,0,2,12.0,3.78,0
11098.83,13,1,2,0,0,543,0,5,21.95,5.49,0
6887.11,2,7,0,0,0,264,0,2,19.14,5.5,0
3933.71,23,1,0,0,1,514,0,1,18.65,4.26,0
1663.19,19,3,0,0,0,608,0,1,20.95,2.68,0
1182.69,8,0,0,0,0,330,0,2,25.21,1.47,0
2129.36,6,4,0,0,0,657,1,1,14.89,8.06,0
5599.5,23,1,1,0,0,476,0,1,16.38,4.34,0
5184.64,22,1,0,0,1,345,0,1,19.33,16.98,1
401.46,10,2,0,0,0,380,0,1,14.34,2.48,0
1595.65,5,3,0,0,0,390,0,4,10.7,3.51,0
12896.78,19,1,0,0,0,807,0,2,20.1,5.05,0
3956.74,15,2,0,0,0,303,1,2,5.99,2.96,0
822.33,21,3,0,0,0,407,0,2,16.0,4.6,0
43200.71,13,5,1,1,0,138,0,0,16.0,5.62,0
3531.97,13,1,0,0,0,256,0,0,16.93,1.27,0
5450.98,3,5,0,0,0,187,0,3,8.36,1.74,0
5538.62,14,1,2,0,0,410,0,0,15.46,3.82,0
2475.07,8,2,1,0,0,314,0,2,17.07,4.58,0
1696.03,4,5,0,0,0,110,0,0,18.81,14.17,0
33784.55,18,3,0,0,0,515,0,2,17.76,7.9,0
10439.65,8,8,1,0,0,391,1,0,19.0,12.3,1
8630.3,5,3,0,0,0,184,0,0,13.32,4.54,0
6668.19,23,3,1,0,0,323,1,1,12.78,6.02,0
1269.68,23,5,1,0,0,357,0,1,12.07,4.93,0
13924.52,11,4,1,1,0,261,0,5,18.53,6.9,0
1502.24,7,5,0,0,0,87,0,0,25.6,0.99,0
4902.26,3,1,0,0,0,284,0,4,4.71,6.01,0
651.09,15,4,0,0,0,280,0,0,25.42,7.72,0
427.13,14,3,1,1,0,421,0,0,27.04,6.74,0
5085.79,14,3,0,0,0,424,0,1,5.26,11.84,0
1556.89,18,5,0,0,0,412,0,2,24.77,9.77,0
450.96,11,4,1,0,0,90,0,1,20.74,3.72,0
6423.0,16,3,1,0,0,311,0,1,20.15,9.01,0
33728.04,15,2,0,1,0,473,1,2,21.1,13.11,1
15662.71,19,7,2,0,0,935,0,1,8.56,0.36,0
2778.92,17,1,1,0,0,349,0,0,16.49,1.23,0
3674.92,0,4,1,0,0,391,0,3,10.54,9.24,0
9247.34,14,2,1,1,0,1112,0,2,19.04,4.01,0
11828.11,23,2,0,0,0,169,0,3,2.0,2.46,0
2538.4,13,2,0,1,0,120,0,3,20.92,14.06,0
3773.98,12,1,0,0,0,215,0,2,21.15,2.51,0
4992.27,14,5,0,0,0,250,0,2,20.46,3.1,0
6513.1,13,3,0,0,0,461,0,2,7.33,1.02,0
3166.14,9,2,1,0,0,272,0,1,17.67,6.01,0
3209.63,23,0,0,0,0,55,0,4,13.44,1.46,0
15503.54,1,3,2,0,0,267,0,2,17.44,2.22,0
12964.84,19,3,0,0,0,489,0,3,8.94,11.83,0
6010.61,3,6,1,0,0,729,0,0,19.73,4.62,0
22138.3,4,3,0,0,0,334,0,1,6.65,1.62,0
2426.56,14,3,0,0,0,78,0,1,26.13,8.61,0
20012.7,15,3,0,0,0,509,0,0,16.95,7.12,0
6435.86,22,3,2,0,0,281,0,1,19.71,2.88,0
112936.1,7,2,0,0,0,210,0,1,22.49,6.11,1
1040.96,0,2,2,0,0,726,0,3,18.78,10.11,1
1765.5,6,3,0,0,0,167,0,2,25.1,5.23,0
5651.85,13,3,2,0,1,554,0,1,19.4,5.27,0
5525.32,8,2,1,0,1,411,0,3,27.56,8.59,0
28216.04,6,2,0,0,0,389,0,0,15.95,9.84,0
1804.8,21,3,0,0,1,696,0,1,11.94,0.73,0
9415.99,13,5,1,0,0,312,0,2,20.02,9.64,0
12339.81,16,2,1,0,0,1318,0,3,22.61,3.86,0
7630.28,17,3,1,0,0,422,0,0,12.65,6.18,0
1327.37,9,4,0,0,0,1077,0,2,11.92,3.4,0
15964.88,17,2,1,0,0,34,0,4,6.04,1.48,0
13237.26,23,2,0,0,0,844,0,2,23.16,2.74,0
6833.31,17,1,1,0,0,196,1,0,20.64,2.04,0
4512.31,7,4,0,1,0,285,0,1,10.75,3.11,0
4616.6,18,6,0,0,0,498,0,1,12.93,5.93,0
3352.05,5,1,1,0,0,288,0,0,18.26,7.34,0
7135.41,1,2,1,0,0,239,0,1,18.74,2.74,0
3761.95,10,2,0,0,0,129,0,1,26.33,5.17,0
1493.76,12,4,1,0,0,332,0,5,20.0,0.95,0
1210.73,11,3,1,0,0,84,0,3,18.79,9.56,0
1653.02,6,5,0,1,0,453,1,3,9.78,5.0,0
4597.37,6,3,1,0,0,203,0,0,14.43,10.03,0
3539.34,22,1,0,0,0,664,0,3,24.79,8.57,0
4564.71,6,3,0,0,0,685,1,0,11.67,7.19,0
6160.13,18,3,0,1,0,635,0,1,21.46,6.19,0
1884.3,6,1,1,1,0,57,0,2,16.55,10.85,0
16965.6,2,1,0,0,0,350,0,1,16.81,3.49,0
2748.76,1,3,0,0,0,214,0,0,10.96,1.78,0
2309.77,5,5,2,0,0,328,0,2,15.74,13.04,1
6042.09,20,3,1,0,0,670,0,1,17.12,2.29,0
529.36,10,1,0,0,0,747,0,1,8.25,6.67,0
1587.54,16,1,0,0,0,764,0,0,3.81,13.75,0
10199.83,23,4,1,0,0,398,0,1,16.22,7.88,0
587.4,1,1,0,0,0,342,0,1,12.39,5.49,0
11771.69,2,2,1,0,0,319,0,0,16.33,5.83,0
17795.37,22,6,2,0,0,248,0,0,12.56,7.25,0
2470.24,13,3,1,1,0,118,0,1,17.0,2.54,0
4946.34,14,0,0,1,0,297,0,2,13.32,1.82,0
11790.41,8,1,0,0,0,370,0,0,7.74,9.4,0
2230.26,19,3,0,0,0,562,0,0,19.36,0.48,0
9055.83,15,2,0,0,0,442,0,1,9.74,3.39,0
1799.55,6,2,1,0,0,543,0,1,23.76,10.59,0
2205.08,15,1,1,0,0,303,0,5,17.05,4.24,0
1572.93,0,3,1,0,0,374,0,1,26.72,7.9,0
5217.53,5,4,0,0,0,509,0,2,28.24,14.16,0
12281.72,4,1,2,0,0,225,0,3,3.11,8.75,0
3000.94,18,1,1,0,0,367,0,0,9.84,4.86,0
958.33,17,6,3,1,0,219,0,3,15.9,4.08,0
1168.13,2,2,0,0,0,306,0,2,20.08,3.19,0
5510.05,21,2,2,0,1,733,0,4,26.23,5.96,0
25243.46,19,7,0,0,0,556,0,5,25.65,6.08,0
5505.0,10,3,0,0,0,146,0,1,15.02,3.9,0
2425.42,5,4,1,0,1,6,0,2,15.43,8.5,1
8139.57,10,4,0,1,0,55,0,0,14.43,5.42,0
2831.4,14,2,1,0,0,588,0,1,11.77,5.71,0
2447.45,15,3,1,0,0,357,0,1,7.79,4.98,0
1330.91,8,2,0,0,0,822,0,2,14.84,2.65,0
15976.45,2,1,1,0,0,857,0,1,19.35,5.25,0
253.11,14,1,0,0,0,184,0,1,25.19,15.99,0
8414.84,16,3,0,0,0,358,0,4,14.75,6.34,0
2237.4,6,7,0,1,0,928,1,2,16.38,0.35,0
2366.44,15,0,1,0,0,657,0,2,24.69,6.82,0
21524.15,13,2,0,1,0,373,0,1,20.52,1.59,0
1720.14,12,4,1,0,0,131,1,3,17.76,3.03,0
1782.78,0,6,0,0,0,413,0,1,11.03,4.88,0
3175.07,7,6,1,1,0,214,0,2,20.25,1.59,0
5622.55,8,3,1,1,0,728,0,0,19.89,3.3,0
2289.41,20,3,1,0,0,591,0,1,16.98,5.65,0
697.46,19,4,0,0,0,265,0,1,17.67,4.7,0
1467.06,20,3,0,0,0,244,0,0,8.61,16.01,0
13980.25,11,2,0,0,0,538,0,2,13.42,10.94,0
3938.34,7,4,2,0,0,267,0,1,32.19,16.39,1
5846.75,11,2,1,0,0,428,0,1,20.8,4.26,0
2766.97,19,3,0,0,0,1221,0,3,19.92,4.67,0
1821.7,14,2,0,1,0,91,0,3,23.87,14.46,0
21193.46,14,2,1,0,0,411,0,1,16.91,4.37,0
2988.12,10,4,0,1,0,530,0,1,21.53,7.18,0
2285.78,16,6,3,0,1,205,0,1,22.54,5.11,1
11509.75,20,3,0,0,0,77,0,2,29.91,7.44,0
1705.34,16,4,0,0,0,103,0,2,15.89,13.5,0
1949.91,9,4,3,1,0,291,0,1,23.56,8.53,1
3680.33,20,2,0,0,0,187,0,2,16.75,9.64,0
3641.98,22,2,0,0,0,356,0,3,12.34,4.08,0
4781.89,19,4,3,0,0,848,1,2,20.39,4.77,1
32736.72,21,2,1,0,0,688,0,0,29.84,4.68,0
5182.59,6,7,0,0,0,499,0,2,13.92,6.28,0
299.78,10,3,0,0,0,325,0,1,17.94,14.02,0
5128.73,5,2,0,1,0,74,0,0,21.68,0.9,0
3788.68,8,6,0,0,0,154,0,1,19.74,2.77,0
3810.91,17,2,3,0,0,207,0,0,25.31,5.19,0
4713.78,16,1,0,0,0,318,1,2,14.23,12.51,0
3532.95,0,4,0,0,0,844,0,2,11.89,15.89,1
3445.27,18,3,0,0,0,264,0,0,24.14,6.61,0
6930.56,4,3,1,0,0,1525,0,0,18.77,3.07,0
2060.73,4,4,0,0,0,160,0,0,13.83,8.63,0
1346.05,13,3,0,0,0,569,0,1,30.38,3.31,0
87113.79,5,7,2,1,0,192,0,2,18.13,10.65,1
1717.03,23,2,0,0,0,661,0,2,22.89,7.06,0
4044.65,3,1,0,0,0,839,0,0,17.92,5.19,0
757.15,3,2,5,0,0,248,0,0,15.95,3.5,1
4114.58,18,2,2,0,0,175,0,2,11.43,11.52,0
1366.64,6,4,0,0,0,472,0,0,21.96,5.18,0
2287.93,17,2,1,0,0,547,0,3,17.54,1.9,0
10908.72,16,4,0,0,0,647,0,0,16.61,8.2,0
5976.62,4,3,0,1,0,741,0,2,18.74,3.62,0
6613.25,13,3,0,0,0,133,0,0,18.89,4.1,0
566.93,12,4,1,1,0,266,0,0,17.73,18.41,1
25052.78,2,3,2,0,0,509,0,1,17.71,8.31,1
1041.61,18,0,0,1,0,226,0,2,18.19,15.23,1
18123.94,20,4,2,0,0,714,0,0,22.77,2.22,0
10642.61,22,1,3,0,0,259,2,1,19.41,1.87,1
6675.5,2,5,1,0,0,198,0,2,7.67,8.0,0
1483.66,4,2,0,0,0,360,0,1,17.26,1.59,0
4269.15,19,4,1,0,0,323,0,0,20.1,9.88,0
2220.6,7,1,2,0,0,232,0,1,23.69,9.49,0
3753.68,15,2,0,0,0,1059,0,1,18.02,6.08,0
2800.73,8,2,0,1,0,12,0,0,26.5,14.53,1
428.14,5,1,1,0,0,489,0,3,9.06,1.02,0
11823.84,14,4,3,0,0,274,0,1,14.89,9.36,1
3343.71,4,2,1,0,0,892,0,1,20.95,3.85,0
2188.47,3,3,2,0,0,191,0,2,7.33,5.53,0
2021.62,12,2,1,1,0,345,0,0,13.7,5.04,0
5304.88,4,1,0,0,0,1192,0,2,16.74,10.29,0
1424.47,4,5,0,0,0,323,0,2,17.1,3.21,0
341.06,18,5,0,0,0,330,0,1,24.23,1.29,0
5583.03,12,1,3,0,0,258,0,2,21.59,7.01,0
6279.58,13,2,1,0,0,267,0,0,16.14,23.47,1
2952.44,3,1,0,1,0,719,0,2,7.65,2.41,0
1090.84,3,2,0,0,0,1071,0,0,14.39,5.62,0
3997.33,9,5,0,0,0,314,0,1,20.28,3.24,0
782.3,9,5,1,0,0,27,0,1,19.02,13.47,1
1238.19,10,1,2,0,1,555,0,0,18.05,1.16,0
1655.35,3,2,0,0,1,31,0,2,23.62,5.54,0
8831.99,21,3,0,0,0,90,0,0,23.73,10.08,0
2488.06,8,2,1,1,0,282,0,1,21.17,1.75,0
2275.01,19,4,0,0,0,126,0,1,28.82,6.75,0
28351.27,9,1,1,0,0,436,0,1,9.47,2.59,0
5271.58,11,6,0,0,0,304,0,1,15.85,5.73,0
5197.56,2,3,0,0,0,148,1,0,9.6,2.87,0
2469.61,16,0,0,0,0,742,0,2,23.66,5.21,0
1946.54,1,2,1,0,0,193,0,2,17.96,11.03,0
366.6,17,0,1,0,0,51,0,0,15.0,7.38,0
10068.61,21,4,1,0,0,603,0,4,17.9,0.5,0
5829.73,8,1,0,0,0,419,0,0,9.69,13.99,0
3016.57,21,3,0,0,0,538,0,1,28.42,5.3,0
3152.38,16,5,1,0,0,313,0,0,24.58,6.64,0
7886.85,0,6,2,0,0,845,0,1,4.36,2.91,0
711.63,4,5,0,0,0,195,1,0,22.16,1.55,0
1959.85,15,2,0,0,0,143,0,1,17.39,4.84,0
1104.21,16,1,0,0,0,333,0,1,18.83,4.1,0
23390.49,2,0,0,1,0,114,0,3,23.54,5.48,0
9131.07,16,4,0,0,0,379,0,2,15.08,5.89,0
360.38,19,3,1,0,1,547,0,2,26.07,25.0,1
742.89,2,5,0,0,1,795,0,0,13.0,9.33,1
3168.57,21,2,0,0,0,372,1,0,14.83,8.33,0
2217.06,12,4,0,0,0,599,0,2,22.47,0.11,0
906.33,14,6,0,1,0,475,1,4,22.75,6.13,1
28057.19,1,5,0,0,0,273,0,0,8.09,1.91,0
5055.17,14,3,0,0,0,112,0,0,20.28,5.34,0
5994.26,10,2,0,0,0,533,0,2,22.59,8.15,0
1760.55,8,3,1,0,0,74,0,1,19.07,3.99,0
7772.82,18,2,0,0,1,780,0,0,11.62,5.7,0
2441.93,5,7,1,0,0,361,0,0,20.89,5.08,0
2704.01,1,2,0,0,0,162,0,2,6.66,8.77,0
6915.72,11,2,0,1,0,755,0,1,16.64,13.96,0
658.23,17,2,1,0,0,1351,0,2,15.63,0.78,0
19474.85,3,4,0,0,0,445,1,1,12.04,6.19,0
4409.47,23,2,0,0,0,178,0,2,18.36,1.86,0
13974.53,16,2,0,0,1,59,0,2,16.52,6.43,0
1177.1,22,2,1,1,0,569,0,6,24.28,4.33,0
1381.16,11,2,0,0,0,637,0,1,8.87,15.65,0
1074.92,2,5,1,0,0,50,0,1,20.91,6.32,0
4735.36,4,3,3,0,1,412,0,0,16.24,8.81,1
3902.15,12,3,1,0,0,384,1,0,29.24,5.71,0
2235.83,14,4,0,0,0,313,0,2,6.03,2.07,0
1255.42,17,4,2,0,0,495,0,0,13.6,3.84,0
963.02,19,2,3,0,1,328,0,2,15.86,8.73,1
3460.24,18,3,0,1,0,113,0,0,9.8,4.21,0
2233.07,14,4,1,0,0,69,0,2,16.72,3.89,0
1772.44,0,7,1,0,0,42,1,0,23.01,7.06,1
18479.99,12,4,0,0,0,523,1,0,19.09,1.4,0
3339.44,19,4,0,0,0,275,0,1,21.73,7.26,0
13815.48,20,1,0,0,0,124,0,2,16.05,4.51,0
2079.92,20,2,1,1,0,480,0,1,15.98,2.92,0
4707.98,0,2,2,0,0,203,0,1,6.53,3.82,0
3434.92,10,7,1,0,0,264,0,4,14.41,0.89,0
612.47,14,2,0,0,0,911,0,3,20.9,2.43,0
16313.61,5,6,1,0,0,644,0,1,17.39,9.38,0
3159.25,9,1,0,0,0,438,0,2,28.41,1.91,0
7972.39,2,2,1,1,0,1114,0,1,19.02,2.81,0
1653.04,4,4,0,0,0,861,0,1,28.63,3.09,0
3062.28,0,5,2,0,0,811,0,1,16.74,9.65,1
1465.28,23,7,0,0,0,562,0,1,18.09,5.29,0
13330.35,20,4,1,0,0,853,0,0,18.07,4.47,0
5049.17,9,2,1,0,0,356,0,1,17.93,9.42,0
5352.97,0,0,3,0,0,740,0,2,17.45,8.82,1
15155.11,8,5,0,0,0,451,1,0,17.97,7.88,0
12260.75,10,3,0,0,0,113,0,2,17.82,4.7,0
8132.39,4,1,0,0,1,205,0,2,27.01,1.16,0
818.27,15,4,0,0,0,646,0,2,8.63,2.18,0
1753.79,23,5,0,1,0,111,0,0,9.22,4.71,0
1268.91,20,3,0,0,0,507,0,2,23.58,10.61,0
7815.86,20,8,0,0,0,53,0,1,22.58,2.0,0
4355.46,19,4,1,0,0,248,0,2,12.81,2.61,0
845.53,1,4,2,0,0,278,0,1,17.25,9.38,0
2986.38,13,2,0,1,1,137,0,2,13.64,13.72,1
758.38,13,2,1,0,0,187,0,2,9.72,11.45,0
3443.3,2,4,2,0,0,376,0,6,20.07,6.56,0
640.25,3,1,0,0,1,175,0,3,16.8,4.97,0
6344.03,13,1,1,1,0,851,0,1,20.26,3.08,0
5414.64,17,2,0,0,0,636,1,0,18.46,12.65,1
26993.35,5,4,2,0,0,961,0,0,39.18,13.98,1
8868.55,11,4,0,0,0,55,0,1,24.45,1.31,0
2335.4,1,1,2,1,0,95,0,3,23.42,4.12,0
8595.32,2,3,1,0,0,162,0,3,29.16,12.28,1
839.2,13,2,1,1,0,305,0,0,18.21,4.63,0
1325.31,13,4,1,0,0,439,2,0,27.6,17.04,1
5165.72,18,4,2,1,0,331,0,1,19.93,1.46,0
377.6,21,2,1,0,0,577,0,2,18.84,12.4,0
3501.62,4,5,1,0,0,78,0,0,24.79,9.32,0
1247.28,8,4,0,0,1,103,0,1,15.21,5.94,0
4049.6,20,2,1,0,0,702,0,0,20.53,5.85,0
1174.24,1,4,1,1,0,295,1,0,12.03,7.6,1
5684.28,19,4,0,1,0,347,0,5,29.71,14.26,1
3715.59,22,1,0,1,0,252,0,0,25.86,5.24,0
15841.43,2,2,1,0,0,1137,1,1,11.67,6.03,0
3666.79,3,1,0,0,0,428,0,1,9.9,5.66,0
1624.45,16,4,0,0,0,45,0,3,27.18,9.02,0
2809.52,11,2,4,0,1,104,0,2,2.0,1.77,1
887.63,23,5,0,0,0,271,1,0,30.35,4.95,0
5577.21,13,2,0,0,0,148,0,0,18.66,3.96,0
6763.82,15,4,1,0,0,461,0,0,18.29,3.1,0
48662.1,5,2,0,0,0,538,0,2,16.31,4.74,0
1895.19,7,1,1,0,0,636,0,2,17.63,3.14,0
2748.51,4,1,1,0,0,112,1,2,23.67,8.69,1
1989.13,3,1,1,0,0,224,1,4,14.28,6.99,0
4549.26,2,4,1,0,0,417,0,0,20.07,0.66,0
5435.87,21,3,0,0,0,689,0,2,24.49,6.11,0
3442.51,1,1,0,0,0,727,0,0,13.13,1.69,0
11391.72,12,5,1,0,0,406,0,1,21.15,6.57,0
1904.87,12,2,1,0,0,654,1,2,15.15,20.78,1
10254.61,1,3,0,0,1,448,0,0,27.04,11.84,1
6408.77,20,4,0,0,0,377,0,2,12.02,9.16,0
3595.25,12,3,0,0,0,400,0,1,25.93,3.04,0
2615.78,3,2,2,0,0,594,0,0,15.83,6.05,0
46536.91,3,2,1,1,0,469,0,1,22.18,4.45,0
1544.01,16,6,0,0,0,129,0,0,8.7,1.01,0
4978.23,14,4,1,0,0,354,0,2,10.67,3.86,0
1656.18,9,3,1,0,0,327,0,3,13.09,2.97,0
23739.65,9,2,1,0,0,306,0,1,8.87,6.58,0
9238.8,0,2,0,0,0,134,0,3,6.2,10.77,0
1786.0,0,8,1,0,0,283,0,3,23.98,12.31,1
6236.81,12,4,0,1,0,397,0,1,22.46,10.26,0
4772.29,8,2,0,0,0,200,0,2,5.8,2.72,0
2116.55,6,1,0,0,0,506,0,1,9.57,11.16,0
8071.32,9,4,0,1,0,24,1,0,29.97,1.56,1
5479.51,14,1,1,0,0,575,0,3,12.99,9.93,0
4566.41,7,2,2,1,0,811,0,1,19.6,18.72,1
3484.17,8,1,1,0,0,315,0,1,15.92,10.24,0
5725.05,6,4,0,1,0,283,0,0,10.55,4.03,0
4632.52,15,5,0,0,0,135,0,1,16.74,5.14,0
3874.02,1,2,3,0,0,405,0,1,24.63,5.96,0
1857.4,22,4,1,0,0,789,0,2,15.02,1.25,0
21556.97,13,1,1,0,0,702,0,0,15.67,2.6,0
1208.41,5,0,2,0,0,783,0,1,27.95,22.21,1
5704.54,18,7,0,0,1,60,0,1,14.99,2.9,0
2601.25,22,4,0,0,0,420,0,5,18.43,1.84,0
23098.54,1,5,0,0,0,959,0,2,17.98,8.45,0
1410.0,4,1,0,0,0,212,0,2,18.02,5.18,0
1682.39,3,5,1,0,0,75,0,4,14.39,4.12,0
1315.13,1,5,1,0,1,981,0,1,33.73,2.55,1
5113.49,17,1,1,1,1,414,1,0,22.62,14.58,1
861.17,4,0,0,0,0,209,1,0,29.36,12.91,1
2202.93,9,5,1,0,0,463,0,2,10.7,5.31,0
379.94,19,3,0,0,0,322,0,1,19.96,7.67,0
4686.51,14,3,1,1,0,51,0,2,23.85,0.76,0
2153.34,16,2,0,0,0,1095,0,1,13.31,3.81,0
763.22,2,2,0,1,1,90,0,2,18.87,7.5,1
11383.15,23,1,0,0,0,255,0,3,19.91,1.94,0
922.37,1,4,0,0,0,369,0,1,23.3,6.19,0
8406.76,17,4,1,0,1,1273,0,1,20.3,10.55,0
1743.95,15,2,0,0,1,403,0,1,25.56,5.09,0
19567.98,9,1,0,1,0,202,0,0,22.6,5.91,0
7998.65,20,2,2,0,0,291,0,2,5.23,4.93,0
1263.38,21,1,2,0,1,644,0,1,27.15,4.41,0
1390.01,1,4,0,0,0,150,0,1,13.5,4.4,0
6876.06,22,4,0,0,0,510,0,2,18.76,17.6,1
2764.19,5,3,0,0,0,552,0,2,17.07,2.62,0
3047.85,18,5,1,0,0,603,0,1,17.45,7.21,0
13847.37,19,2,0,1,0,90,0,0,17.84,9.02,0
1658.84,13,0,1,0,0,882,0,0,17.11,10.27,0
4007.24,20,3,0,0,0,532,0,1,23.25,11.9,0
9920.51,19,2,0,0,0,607,0,1,11.95,16.98,0
8514.9,12,2,0,0,0,178,0,3,13.67,3.31,0
3079.14,4,3,1,0,1,475,0,4,20.62,2.19,0
2688.26,10,1,2,0,1,698,0,2,10.19,1.63,0
586.54,21,3,2,0,0,361,0,3,30.96,12.14,1
1201.04,4,1,0,0,0,57,0,1,16.21,4.17,0
5086.15,23,5,2,0,0,549,0,0,26.86,11.92,1
3150.21,4,4,2,0,0,453,0,1,17.22,13.57,1
3938.97,15,1,0,1,0,249,0,1,12.55,7.13,0
10842.36,15,3,0,0,0,968,0,1,19.1,5.61,0
1046.61,4,5,1,0,0,286,1,3,21.21,4.98,1
2841.28,11,3,0,0,0,380,1,1,15.92,4.49,0
4438.83,3,2,0,0,0,337,0,2,2.4,5.42,0
1738.25,8,5,1,1,0,47,0,0,16.93,7.88,0
16367.47,23,1,1,0,0,548,1,3,17.15,1.27,0
9452.33,1,5,1,0,0,396,0,1,10.9,2.54,0
4937.63,20,2,1,0,0,78,0,1,26.72,0.86,0
23955.26,16,4,3,1,0,982,0,0,18.77,1.45,0
754.58,17,0,0,0,0,357,0,2,24.39,5.36,0
3611.53,6,3,1,0,0,432,0,0,22.54,2.92,0
5348.94,22,1,1,0,0,755,0,1,11.76,2.08,0
1393.7,6,3,1,0,0,71,0,5,10.35,1.97,0
4992.79,12,2,2,0,1,180,0,1,13.29,2.64,0
1139.21,0,6,0,0,0,197,0,2,21.18,9.16,0
7518.22,21,2,1,0,0,355,0,1,22.19,9.43,0
11055.98,16,2,1,0,1,996,0,3,27.97,2.23,0
4846.2,3,1,2,0,0,555,1,1,19.73,1.76,0
520.38,15,4,0,1,1,315,0,0,20.26,9.54,0
1319.31,4,5,0,0,0,316,0,0,12.9,8.11,0
6587.61,10,0,0,0,0,206,0,0,7.42,1.43,0
3722.9,12,2,0,0,0,163,0,0,21.38,12.02,0
215.14,22,4,1,0,0,448,0,5,8.74,5.08,0
13426.32,7,1,0,0,0,244,0,2,23.19,6.5,0
4202.73,0,1,0,0,1,442,0,2,24.37,6.22,0
1540.67,10,2,0,1,0,665,1,1,20.81,13.13,1
10349.6,22,2,1,0,0,363,0,1,16.12,9.96,0
1787.52,19,4,0,1,0,612,0,4,15.78,4.88,0
1767.15,1,2,0,1,0,429,0,0,16.65,10.68,0
5304.29,1,4,0,0,0,551,0,1,28.84,3.23,0
23625.7,18,3,1,0,0,372,1,2,21.93,3.33,0
20025.6,17,1,0,0,0,299,1,2,22.2,2.08,0
5311.86,13,4,0,0,0,1392,0,1,17.86,4.65,0
5916.53,2,6,2,0,0,202,0,1,24.74,4.75,0
8358.83,6,8,1,0,0,416,0,2,9.35,18.34,1
972.79,20,1,1,0,0,584,0,0,12.8,3.89,0
7160.65,3,3,1,0,0,87,0,1,17.68,7.03,0
1684.5,4,1,2,0,0,606,0,3,19.17,7.96,0
5086.79,10,5,1,0,0,37,0,1,20.99,3.62,0
2867.39,17,6,1,0,0,384,0,1,12.68,0.56,0
6162.69,19,3,1,0,0,913,0,2,9.94,11.44,0
4121.65,14,2,1,0,0,389,0,4,10.42,1.8,0
144.51,11,3,0,0,0,278,0,2,18.36,22.41,1
4393.3,9,5,0,0,0,156,0,1,12.32,3.7,0
7145.66,1,1,1,1,0,458,0,2,10.05,5.43,0
5815.17,6,1,1,0,0,296,0,2,11.71,8.04,0
3269.15,5,3,0,1,0,607,0,1,22.98,9.22,0
20419.99,1,3,1,0,0,471,0,2,13.91,6.1,0
5048.98,17,4,0,0,0,179,0,3,29.83,3.03,0
5764.98,8,1,0,0,0,591,0,1,28.46,11.34,0
10902.16,12,3,0,0,0,347,0,1,16.75,3.03,0
5327.95,4,3,2,0,0,236,1,2,15.6,4.31,1
1418.11,14,3,0,1,0,657,1,5,22.3,6.74,0
281.39,3,4,3,0,0,59,0,5,17.53,11.05,1
2206.19,16,2,0,1,0,1127,1,0,18.91,2.78,0
8094.93,17,3,1,1,0,899,0,1,15.96,4.77,0
2513.04,7,2,0,0,1,291,0,0,9.75,8.76,0
8444.22,5,2,2,0,0,284,0,1,21.62,8.13,0
4256.34,18,7,0,0,0,138,0,3,21.1,4.57,0
14079.42,5,2,1,0,0,200,0,1,22.69,7.34,0
2670.5,4,1,0,0,0,144,0,1,22.09,0.5,0
5949.1,8,2,3,0,0,512,0,3,11.93,1.69,0
6193.03,23,1,0,0,0,347,0,1,21.94,1.6,0
17618.1,11,5,1,0,0,346,0,2,17.01,23.66,1
606.7,6,3,2,1,0,365,0,1,22.44,8.29,0
2249.97,12,3,1,1,0,310,0,1,13.67,1.94,0
8874.54,8,3,0,0,0,198,0,1,27.19,4.43,0
18456.86,15,1,1,1,0,749,1,0,28.49,0.97,0
4684.78,10,3,0,0,0,463,0,0,14.1,5.82,0
2677.56,14,6,0,1,0,347,0,2,18.55,1.77,0
8062.46,10,0,0,0,0,221,0,2,19.57,0.77,0
9064.65,11,2,0,0,0,124,0,3,18.32,0.38,0
2495.78,10,2,0,0,0,772,0,2,13.04,0.51,0
5150.36,9,2,1,0,0,392,0,0,7.38,18.14,1
12576.1,23,2,1,0,0,241,1,0,19.15,12.73,1
26502.17,6,1,1,1,0,406,0,4,14.1,2.46,0
7940.53,19,2,1,1,0,381,0,1,20.05,3.25,0
3813.66,17,3,0,0,0,354,0,2,16.99,1.62,0
3439.98,12,1,0,0,0,188,0,4,31.19,2.81,0
6537.21,7,5,0,1,0,302,0,2,17.09,9.47,0
3224.53,11,2,0,0,0,269,0,0,26.18,4.09,0
4443.17,20,4,0,1,0,274,1,2,12.39,2.29,0
1198.98,4,2,2,0,0,575,0,2,23.32,0.85,0
14212.97,14,3,0,0,0,99,1,1,19.0,10.57,0
1099.71,18,6,0,0,0,304,0,1,17.23,6.5,0
2312.96,15,2,3,1,0,122,0,1,15.08,3.16,0
4033.84,3,5,1,0,0,239,1,1,22.01,7.03,1
29452.56,12,3,0,0,1,171,0,1,23.59,13.7,0
2335.97,4,1,1,0,1,1006,0,0,18.81,12.65,1
1809.28,22,2,2,0,0,858,0,2,21.09,2.44,0
2041.91,8,3,1,1,1,297,0,3,23.72,19.81,1
20781.99,10,2,1,0,0,707,0,1,32.26,5.72,0
190.0,20,2,0,0,0,480,0,2,29.96,0.5,0
1270.45,10,4,0,0,0,215,0,1,14.46,8.22,0
64077.79,4,2,1,0,0,106,0,1,20.48,7.45,1
6771.15,21,1,0,0,0,430,0,1,21.43,1.24,0
1139.92,15,4,0,0,0,230,0,1,18.62,3.72,0
3484.17,14,1,0,1,1,404,0,1,20.08,4.27,0
3908.18,1,3,2,1,0,2047,0,3,11.9,6.5,1
8852.29,10,4,1,0,0,160,0,0,2.0,1.66,0
25121.44,11,4,0,0,0,136,1,1,22.02,13.22,1
5475.17,6,1,2,0,0,523,0,0,26.2,12.33,0
2065.7,13,3,1,0,1,342,0,1,10.37,7.69,0
8320.18,5,4,0,0,0,1073,0,2,9.23,4.64,0
1749.06,11,4,1,0,0,779,0,0,22.18,6.43,0
1230.28,19,1,1,1,0,955,0,0,14.43,11.84,0
573.69,17,3,2,0,1,316,0,0,11.15,4.16,0
703.89,6,1,0,1,1,133,0,0,19.12,4.56,0
1420.46,4,6,0,1,0,359,0,4,20.52,6.75,0
1057.14,0,4,0,1,1,308,0,1,24.91,7.02,1
5058.87,8,3,0,0,0,318,0,2,17.79,4.5,0
1033.42,0,5,1,0,0,940,0,0,16.61,8.61,0
134.18,3,4,2,0,0,221,0,3,20.03,5.78,0
1216.69,23,2,3,0,0,480,0,1,23.1,9.13,0
2218.41,20,3,1,1,0,385,0,2,16.34,2.76,0
1928.08,13,6,0,0,0,366,0,3,23.89,3.75,0
17952.79,18,0,1,0,0,636,0,1,12.91,2.89,0
1911.76,11,4,0,0,0,164,1,2,3.76,8.44,0
9181.72,14,1,1,0,1,97,0,1,17.55,5.55,0
3569.1,22,2,2,0,0,578,0,1,15.87,9.03,0
3482.76,1,3,0,0,0,328,0,3,15.1,4.55,0
1514.52,8,7,0,0,0,1510,0,2,26.97,9.81,0
3423.02,2,5,1,0,0,395,0,1,23.04,5.91,0
1630.51,19,3,0,0,0,39,0,1,7.89,9.87,0
4352.59,19,6,0,0,0,703,0,0,15.37,5.57,0
2841.08,17,3,2,0,0,604,0,1,20.45,4.04,0
1350.38,14,2,0,0,0,519,1,3,14.04,2.09,0
10316.39,11,1,0,0,0,651,0,1,3.78,6.15,0
5699.78,0,5,1,0,0,452,0,0,17.31,8.23,0
2274.54,18,7,1,0,0,324,0,1,26.29,21.78,1
4241.9,21,4,0,0,0,879,0,1,23.31,6.1,0
3334.19,23,2,0,0,0,1653,0,0,14.94,7.93,0
1464.15,8,2,0,0,1,621,0,2,22.78,3.46,0
3920.68,4,7,0,0,0,92,0,3,23.68,8.26,0
1896.83,15,4,0,0,0,185,0,1,23.58,6.13,0
1349.95,0,4,2,1,0,304,0,0,25.83,6.33,0
662.55,1,3,0,0,0,728,0,1,11.69,12.65,0
2498.54,19,2,0,0,0,950,0,1,15.41,3.15,0
6603.26,22,1,1,0,0,452,0,2,17.91,5.49,0
1755.67,9,3,0,1,0,489,0,3,12.63,3.5,0
51366.64,12,3,1,0,0,145,0,2,13.42,1.33,0
9227.74,13,1,1,0,0,307,0,3,22.86,14.16,0
14321.92,3,5,0,0,0,292,0,1,27.97,11.84,0
8391.76,5,2,1,0,1,150,0,2,14.24,7.56,0
25476.41,7,3,1,1,0,70,0,1,17.17,4.61,0
1593.44,20,4,1,1,0,373,1,2,20.1,5.62,1
247.45,10,2,1,0,0,1029,0,1,17.23,6.52,0
2279.17,17,3,0,0,0,101,0,0,19.93,1.77,0
6542.86,4,3,0,0,0,386,0,1,18.69,1.95,0
4268.82,22,5,1,0,0,787,0,0,16.83,2.8,0
4862.2,21,2,1,1,0,112,0,3,9.52,2.48,0
14573.43,11,2,0,0,0,132,0,0,21.06,4.52,0
5437.97,5,4,0,1,0,309,1,1,20.14,11.0,1
8424.16,23,2,0,0,0,667,0,1,27.41,7.38,0
1357.58,19,3,2,0,0,332,0,1,20.48,8.4,0
1152.67,12,4,2,0,1,265,0,2,23.32,2.05,0
19827.39,6,4,0,0,0,87,1,0,5.89,1.15,0
4047.87,14,3,2,1,0,843,0,0,19.8,7.54,0
1892.42,8,7,0,1,0,334,0,5,6.22,5.36,0
1896.06,16,3,0,1,0,545,0,2,19.97,9.53,0
1841.66,19,1,0,1,0,593,0,1,16.45,5.82,0
1729.51,11,6,0,0,0,194,0,1,20.33,4.49,0
946.43,1,2,0,0,0,420,0,1,21.88,4.41,0
753.37,13,5,2,0,0,301,0,2,19.79,7.4,0
2966.82,20,5,0,0,0,122,0,1,11.87,10.42,0
1953.6,5,1,0,0,0,730,0,0,17.03,5.03,0
11643.66,23,0,0,1,0,206,0,0,12.79,3.01,0
4952.91,8,2,2,0,0,1324,0,1,21.69,7.0,0
4810.63,16,0,0,0,0,141,0,1,22.82,2.93,0
1668.57,16,0,0,0,0,150,0,0,21.77,7.13,0
3206.45,4,5,0,1,0,287,0,3,21.4,8.33,0
5319.06,0,4,1,0,0,229,0,2,18.51,9.25,0
7723.37,22,3,0,0,0,750,0,0,15.06,0.74,0
3299.13,16,7,1,0,0,687,0,4,13.73,2.97,0
11305.9,15,4,0,0,0,543,1,2,8.83,2.68,0
3671.62,7,2,3,0,0,732,0,3,14.61,9.29,0
8370.67,2,2,1,0,0,508,0,2,15.26,8.2,0
2176.9,6,3,0,1,0,383,0,3,14.41,2.56,0
542.82,13,0,0,0,0,124,0,0,22.83,0.9,0
4826.02,16,3,0,0,0,53,0,4,20.17,10.5,0
7797.75,7,2,0,0,0,434,0,2,18.72,4.78,0
6661.6,5,0,0,0,0,271,0,0,20.38,14.15,0
5671.99,5,2,0,0,0,106,0,2,20.95,11.24,0
2524.97,23,5,0,0,0,305,0,0,23.94,0.98,0
1560.74,15,1,0,0,0,331,0,1,12.49,5.93,0
6498.42,23,1,0,0,0,54,0,1,6.52,2.49,0
5697.43,0,5,1,0,0,548,0,1,22.43,5.22,0
2020.41,10,2,2,0,0,183,0,1,13.75,8.43,0
11671.39,10,2,0,0,0,526,0,1,17.67,8.56,0
1440.85,9,7,0,1,0,903,0,1,32.23,13.65,1
1972.98,9,2,4,0,0,645,0,0,34.0,6.11,1
20297.37,1,5,1,0,0,917,0,1,21.21,12.95,1
9063.5,0,4,0,1,0,410,0,3,24.69,3.96,0
2500.11,18,6,0,0,0,198,0,1,24.91,6.58,0
4923.38,10,3,1,0,0,249,0,1,10.31,6.87,0
4283.53,3,0,1,0,0,658,0,1,18.93,4.55,0
203.79,8,7,0,0,0,349,1,0,22.36,3.15,0
1405.58,22,3,1,0,0,442,0,1,21.46,19.21,1
3451.66,11,0,0,0,0,389,0,0,20.04,7.75,0
2503.78,23,2,1,0,0,327,0,3,27.3,1.01,0
4719.5,3,0,0,0,0,107,0,4,22.55,7.71,0
11919.8,2,1,0,0,0,178,0,3,4.08,6.64,0
2597.71,13,6,3,0,0,874,0,1,21.02,7.8,0
1199.26,16,2,1,1,0,611,0,1,14.25,1.23,0
5120.94,23,1,1,0,0,848,0,2,14.57,11.44,0
2583.88,11,2,4,0,0,484,0,3,29.75,7.0,1
3090.64,4,3,0,0,0,352,1,3,14.4,10.58,0
2680.18,12,5,0,0,0,606,0,1,16.5,2.33,0
38327.76,7,3,0,0,0,426,0,0,6.71,3.72,0
346.28,4,5,0,0,0,334,0,2,15.76,7.1,0
2421.76,2,4,1,0,0,479,2,1,14.31,6.96,1
3626.87,17,3,0,0,0,43,1,0,30.81,3.24,0
1603.27,15,3,0,0,0,348,0,2,29.92,1.88,0
9365.77,3,4,1,0,0,258,0,0,13.17,6.11,0
8552.0,13,1,0,0,0,617,1,1,27.5,7.65,0
3462.89,21,3,0,0,0,317,0,1,18.58,8.72,0
2740.22,19,4,0,1,0,855,0,1,12.95,5.32,0
3237.14,10,1,0,0,0,1332,0,1,16.4,5.35,0
3261.6,1,3,2,1,0,329,0,2,13.29,3.29,0
3353.33,15,4,1,0,0,167,0,1,10.86,7.06,0
2988.72,12,4,2,0,0,399,0,2,17.45,10.26,1
4746.07,22,2,0,0,1,212,1,4,18.34,5.92,0
8029.46,13,6,0,0,0,444,0,1,16.17,4.12,0
1000.47,17,2,0,1,0,264,0,2,25.85,8.48,0
1208.1,12,2,0,0,0,440,0,1,14.02,2.67,0
580.6,12,5,1,0,0,194,1,0,18.83,6.94,1
9042.74,7,0,2,0,0,461,0,1,27.73,4.81,0
4735.49,9,3,0,0,0,245,0,0,18.24,12.71,0
6189.01,7,4,0,1,0,157,0,1,15.21,1.57,0
811.62,11,3,1,0,0,92,0,3,31.47,13.64,0
23722.89,22,2,0,0,0,238,0,1,23.21,8.7,0
1921.2,8,4,1,1,0,386,0,0,10.71,11.12,1
4344.28,11,3,3,0,0,150,2,1,15.63,5.25,1
8929.39,22,3,1,0,0,268,0,4,21.37,10.19,0
1291.64,3,2,1,0,0,1237,1,0,11.25,6.28,0
2051.57,6,1,1,0,0,595,0,5,23.48,11.98,0
4394.59,11,1,1,0,0,131,0,1,20.17,13.64,0
73155.8,9,3,0,0,0,807,0,3,23.08,1.97,0
4994.94,8,1,0,0,0,395,0,2,16.14,12.9,0
19666.64,18,2,0,1,0,266,0,1,14.33,5.13,0
12912.57,11,5,1,0,0,634,0,4,15.63,8.73,0
5358.35,8,1,0,0,0,529,0,1,15.59,0.75,0
1288.64,11,4,0,1,0,962,0,0,21.05,13.97,0
11078.28,21,3,2,0,0,660,0,1,13.27,3.16,0
755.2,23,0,0,0,0,201,0,1,5.45,1.41,0
19553.68,5,3,0,0,0,449,0,2,7.32,6.33,0
4491.79,0,4,0,0,1,484,0,6,25.98,2.62,0
225.26,0,5,2,0,0,256,0,2,20.62,0.26,0
2546.48,10,2,2,0,0,646,0,0,7.06,6.53,0
7234.71,15,1,1,0,0,388,0,0,22.62,9.72,0
2838.77,1,4,1,0,0,823,0,3,18.98,1.48,0
7713.72,12,3,1,0,0,312,0,1,16.25,5.58,0
1491.41,9,1,0,0,0,245,0,3,30.35,7.67,0
924.01,22,1,1,0,1,427,0,2,14.98,0.79,0
3377.81,14,4,0,0,0,371,0,1,23.9,7.84,0
3763.65,10,2,1,0,0,648,0,1,31.68,10.42,0
2525.51,14,2,0,1,0,456,0,1,18.07,5.64,0
13209.03,3,1,1,0,0,456,0,2,17.78,2.55,0
1491.12,11,4,3,0,0,273,0,2,15.66,4.61,0
5058.49,7,2,2,1,0,235,0,0,17.51,12.22,1
3910.3,4,2,1,0,0,395,0,0,12.23,6.8,0
710.13,9,1,0,0,0,310,0,0,16.36,5.24,0
911.43,15,6,0,0,0,178,0,0,16.08,7.6,0
3686.77,13,2,1,0,0,208,0,3,21.9,7.59,0
29151.45,23,5,0,0,0,619,0,2,16.51,19.12,1
6689.09,6,1,1,0,0,218,0,1,17.31,2.81,0
594.72,16,4,0,0,0,125,0,4,21.0,5.2,0
138.93,13,2,1,0,0,202,0,2,20.8,3.36,0
7861.29,20,2,0,0,0,271,0,1,17.16,5.29,0
3291.1,21,3,1,0,0,578,0,0,5.54,11.1,0
12068.2,16,1,0,1,0,1727,0,2,28.43,6.26,0
1444.11,10,2,1,0,1,1131,0,3,24.12,9.19,0
5259.14,12,4,1,0,0,703,0,1,23.65,4.22,0
8852.74,15,3,0,0,0,385,0,2,18.42,2.87,0
2275.97,19,1,2,0,0,1269,0,0,24.55,13.18,1
2327.64,5,1,1,1,0,317,1,0,24.97,4.49,0
3738.82,20,1,1,0,0,449,0,1,13.8,3.42,0
6436.95,19,0,1,0,0,64,1,0,16.32,1.4,0
3586.56,2,0,1,0,1,238,0,0,18.97,12.58,1
10124.32,6,3,1,0,0,410,0,3,19.19,3.02,0
2241.65,5,3,0,0,0,480,1,0,13.07,6.44,0
902.51,13,0,0,1,0,314,1,0,14.62,5.16,0
29022.43,5,2,1,0,0,788,0,0,22.96,8.04,0
1929.73,7,2,1,1,0,403,0,1,4.82,1.62,0
2004.47,4,4,0,0,0,270,1,2,15.96,3.47,0
3397.88,1,1,0,0,0,642,0,0,18.68,5.74,0
3907.06,11,1,2,0,0,654,0,1,15.79,3.14,0
2425.96,7,2,1,0,0,59,0,1,18.29,12.1,0
3574.91,12,2,0,1,0,603,0,1,14.78,9.36,0
3492.07,5,1,0,0,0,425,0,1,23.05,4.82,0
4374.56,6,4,0,0,0,317,0,1,29.24,1.97,0
306.32,21,2,0,0,0,184,0,0,23.89,13.83,0
26236.85,19,2,0,1,0,270,0,2,27.39,3.0,0
3119.25,6,1,1,0,0,194,0,0,14.12,3.43,0
6698.6,3,4,2,1,0,160,0,4,15.12,1.79,0
856.62,23,4,2,1,0,277,0,0,14.07,2.86,0
2220.42,16,2,2,1,0,748,0,1,24.58,5.78,0
1797.35,11,2,2,0,0,89,0,0,14.56,5.97,0
17038.15,16,1,0,0,0,225,0,3,20.66,6.53,0
1968.24,5,7,1,0,0,976,0,1,21.97,11.13,0
8070.61,10,0,2,0,0,177,0,2,17.77,2.86,0
1839.15,9,6,1,0,0,766,0,3,22.68,7.43,0
2263.69,17,2,0,0,0,423,0,2,17.22,6.79,0
2813.47,4,5,0,0,0,205,0,3,28.27,0.58,0
14017.16,11,2,0,0,0,312,0,2,23.79,5.83,0
500.52,20,3,1,0,0,227,0,1,17.36,2.58,0
914.66,4,2,0,1,0,179,0,1,19.12,1.39,0
471.22,2,5,1,0,0,288,0,3,2.0,11.33,0
1162.26,19,3,1,0,0,371,0,1,20.35,1.52,0
1552.81,20,2,1,0,0,702,0,3,5.24,0.7,0
668.34,10,2,1,1,0,219,0,1,12.74,7.94,0
1684.37,1,4,0,0,0,57,0,1,25.47,6.63,0
439.02,12,4,0,0,0,369,0,0,21.38,2.79,0
1250.27,7,1,1,0,0,591,0,2,20.02,8.45,0
12841.55,14,3,0,1,0,214,0,0,17.2,7.7,0
5562.3,3,5,1,0,0,490,0,2,13.04,1.38,0
4433.04,19,1,1,0,0,31,0,2,12.22,5.01,0
1270.39,16,2,0,1,0,527,0,0,20.28,8.22,0
725.68,15,3,2,0,1,103,0,0,11.54,6.69,0
1100.9,12,2,2,0,0,613,0,1,18.27,4.03,0
3479.45,5,2,0,0,0,434,0,1,19.05,1.5,0
9059.65,22,4,1,0,0,379,0,5,16.44,8.19,0
9390.8,6,2,0,1,0,200,0,0,13.28,10.37,0
7059.6,8,3,1,0,0,1131,0,1,19.11,3.94,0
1678.35,22,0,0,0,0,194,1,3,13.52,2.85,0
3736.02,0,2,1,0,0,102,0,0,18.73,5.24,0
2598.24,3,8,0,0,0,378,0,0,18.3,6.64,0
2947.61,18,5,1,0,0,678,0,2,30.21,2.88,0
30914.61,8,3,2,1,0,341,0,1,22.11,6.64,1
572.44,13,7,0,0,0,584,0,1,11.94,5.48,0
2845.77,13,0,0,0,1,112,0,0,24.19,6.82,0
12995.21,19,1,0,1,0,97,0,4,12.82,6.36,0
781.19,14,5,0,0,1,134,0,4,29.51,11.17,1
1852.08,10,3,0,0,0,303,0,0,15.51,3.82,0
2089.14,13,2,0,0,0,900,0,0,29.11,11.63,0
2880.0,17,4,1,0,1,341,0,3,19.47,5.25,0
681.47,9,4,0,0,0,279,0,1,13.56,6.67,0
6802.53,4,3,0,0,0,106,0,1,12.82,2.31,0
7329.05,11,2,0,0,0,123,0,0,25.2,4.84,0
6209.24,23,2,0,0,1,596,0,0,18.37,3.15,0
1459.88,2,3,1,0,1,366,0,3,14.73,7.71,0
3987.17,4,3,0,0,0,257,1,2,19.92,10.26,0
1416.0,23,7,0,0,0,520,0,1,24.53,2.09,0
2567.72,19,6,1,0,1,28,0,3,24.3,1.89,0
34931.4,2,3,0,0,0,643,0,0,28.37,10.24,0
4025.8,5,5,0,0,0,113,0,2,27.67,8.13,0
1046.39,16,4,0,0,0,550,0,0,24.08,8.28,0
4399.97,18,5,0,0,0,315,0,2,18.09,2.98,0
880.61,17,6,0,0,0,377,0,1,16.92,1.91,0
1033.84,20,5,0,0,0,663,0,0,6.47,14.62,0
1220.26,12,3,0,0,1,430,0,1,28.21,4.97,0
2283.52,21,3,0,0,0,751,0,1,12.13,16.84,0
9738.26,14,0,0,1,0,407,0,3,25.14,10.38,0
6682.97,11,2,0,0,0,320,0,2,20.85,2.16,0
6305.3,15,0,0,0,0,317,0,5,22.34,8.06,0
1148.4,10,3,0,0,0,185,0,3,24.79,4.42,0
2062.39,14,0,1,1,0,1027,0,0,13.88,5.05,0
4844.51,20,3,1,1,0,396,0,0,13.65,14.05,1
1882.33,22,2,3,0,0,558,0,1,18.84,1.54,0
2718.17,13,3,1,0,0,331,0,1,19.47,12.23,0
5787.33,0,6,0,0,0,835,0,1,21.13,2.9,0
2524.48,14,2,1,0,0,400,0,2,20.0,2.8,0
4616.36,6,1,1,0,0,117,0,1,14.93,18.08,1
19387.13,5,6,0,1,0,89,0,1,19.81,13.61,1
3039.8,21,1,0,0,0,259,0,3,21.24,7.28,0
12560.41,10,3,3,0,0,437,0,0,26.49,8.67,1
6550.77,18,1,0,0,0,308,1,2,27.09,6.87,0
780.08,8,0,0,1,0,236,0,5,17.52,3.11,0
1144.54,14,5,0,1,0,483,0,0,23.27,9.22,0
1517.36,15,0,1,0,0,256,0,3,28.32,5.52,0
1483.89,21,2,0,0,0,212,0,1,16.43,3.29,0
3311.63,4,0,1,0,0,207,0,4,13.64,3.38,0
6942.22,13,3,1,0,0,103,0,0,16.71,1.94,0
13601.24,9,3,0,0,0,196,0,2,15.92,8.83,0
5032.06,11,3,0,0,0,250,0,2,25.54,3.56,0
2280.24,20,3,1,0,0,357,0,1,26.23,5.71,0
408.97,3,4,1,0,1,415,0,3,29.03,3.28,0
3921.07,13,3,0,0,0,87,0,2,21.36,4.04,0
3740.81,9,4,1,0,0,457,0,1,24.74,2.7,0
4411.96,21,0,0,1,0,318,0,2,20.31,10.23,0
33241.43,5,4,3,0,0,213,0,1,31.6,2.65,1
13394.86,5,3,0,0,0,313,1,2,25.53,11.93,0
8302.52,2,1,1,0,0,283,0,3,22.69,9.35,0
1325.86,10,3,0,0,0,753,0,1,20.45,1.73,0
2124.64,0,6,0,0,0,579,1,3,21.25,10.67,1
3295.83,12,3,1,0,0,243,0,3,22.24,5.87,0
1612.95,5,3,0,0,0,315,1,4,13.2,2.91,0
6157.88,9,1,1,0,1,220,0,2,10.33,15.81,1
5296.25,14,2,2,0,0,763,0,2,29.55,5.81,0
1161.28,16,3,1,0,0,729,0,2,16.63,3.75,0
12793.05,1,1,0,0,0,673,0,1,16.58,1.69,0
4053.86,3,2,1,0,0,718,0,0,16.19,5.39,0
592.57,7,5,0,0,0,316,0,2,23.35,7.01,0
3449.86,12,2,2,0,1,1013,0,1,13.99,5.05,0
4891.56,21,3,2,0,0,482,0,3,11.72,4.99,0
10111.53,3,4,2,1,0,564,0,1,18.38,8.7,1
2554.6,1,3,0,0,0,697,0,1,11.96,4.72,0
8684.85,15,1,2,0,0,69,0,0,18.04,2.06,0
4431.53,23,0,0,0,1,454,1,0,15.39,4.18,0
915.25,19,0,1,0,0,359,0,0,23.46,9.92,0
823.92,13,3,0,0,1,724,0,3,22.89,5.12,0
11833.48,0,4,1,0,0,955,0,3,5.07,11.42,0
12781.87,13,3,1,1,0,207,0,0,20.51,9.71,0
5110.51,10,4,0,0,0,553,0,0,5.31,11.07,0
17509.38,10,1,0,0,0,277,0,1,23.36,9.32,0
11041.77,11,1,1,0,0,279,0,3,20.5,5.58,0
7463.73,13,3,0,1,0,645,0,1,28.91,1.88,0
1398.45,17,5,2,0,0,176,0,3,31.08,15.1,1
22426.54,4,5,1,0,0,822,0,1,16.03,1.16,0
6394.01,1,3,1,1,0,286,0,2,17.78,8.91,0
2428.11,1,3,0,0,0,485,0,0,16.2,4.86,0
1805.0,9,1,3,0,0,717,0,3,31.88,16.73,1
4767.72,12,2,1,0,0,365,1,0,24.13,16.44,1
629.79,18,0,0,0,0,391,0,1,20.81,4.63,0
7590.53,10,4,1,0,0,292,0,0,13.73,5.4,0
1337.76,12,5,0,0,0,145,0,2,11.39,0.75,0
5372.98,23,3,1,0,0,167,0,3,18.74,10.09,0
2105.48,17,3,2,0,0,382,1,1,25.15,2.11,0
2758.27,16,1,1,0,0,259,0,1,17.81,2.68,0
1644.59,8,3,1,0,0,244,0,3,13.77,3.55,0
3073.92,3,2,0,1,0,58,0,3,26.52,5.22,0
26472.15,22,2,0,0,0,330,0,1,18.37,3.45,0
15588.87,13,1,0,0,0,587,0,0,22.39,2.08,0
5282.75,1,3,0,0,0,645,0,0,24.58,2.91,0
3545.52,11,3,1,1,0,406,0,1,22.52,0.76,0
8834.42,2,3,1,1,0,561,0,1,11.84,6.5,0
11925.91,23,7,1,0,0,681,0,2,21.96,5.62,0
1523.39,12,4,1,0,0,246,0,1,4.32,13.39,0
3356.62,18,3,0,0,0,407,0,0,18.23,3.31,0
537.51,11,7,2,0,0,550,0,1,23.89,8.78,1
11840.22,0,2,0,0,0,211,0,2,15.54,6.97,0
31833.53,15,3,2,0,0,432,0,1,17.89,9.93,1
3960.35,15,0,0,1,0,193,0,2,20.24,5.06,0
391.01,5,3,0,0,1,99,0,2,16.09,2.12,0
6900.4,17,6,2,1,0,425,0,3,12.67,7.26,1
1409.1,5,1,0,0,0,402,0,0,3.4,7.04,0
1814.35,16,3,0,0,0,315,0,2,31.97,0.64,0
7029.74,17,3,1,0,0,119,0,1,18.22,4.7,0
4756.57,3,2,1,0,0,75,0,0,20.59,6.68,0
2180.88,7,4,1,0,0,363,0,3,18.65,9.18,0
1840.72,3,1,2,0,0,334,1,1,12.84,7.11,1
4155.25,17,1,0,1,0,571,0,3,15.22,5.34,0
2368.62,5,1,0,0,0,112,0,1,16.94,3.67,0
1136.04,15,3,1,1,0,208,0,1,27.01,7.25,0
2567.81,10,3,1,0,0,44,0,0,21.6,11.43,0
5200.82,1,3,0,0,0,418,0,3,14.29,6.43,0
3019.94,21,2,1,0,0,266,0,3,14.46,6.5,0
825.36,17,4,0,0,0,327,0,1,24.48,3.16,0
10285.78,6,3,0,1,1,578,0,0,12.72,13.79,1
205.25,21,1,0,0,1,99,0,0,23.24,6.02,0
2278.6,17,2,2,1,0,236,0,3,17.96,5.74,0
1898.45,19,2,0,0,0,126,0,0,17.66,4.86,0
4253.88,4,4,2,0,0,677,0,0,10.63,3.85,0
6566.56,0,4,1,0,0,268,0,2,22.67,5.3,0
11885.84,1,6,1,0,0,762,0,0,24.42,1.73,0
1723.26,12,4,1,0,0,441,0,0,4.04,0.75,0
6740.65,18,4,0,0,0,641,0,0,28.99,7.23,0
4472.08,21,2,2,0,0,223,0,0,17.73,1.23,0
603.58,23,2,0,0,1,835,0,0,25.55,2.89,0
26784.2,14,2,0,0,1,202,0,1,20.23,1.53,0
803.75,15,4,0,0,0,62,0,1,27.44,11.57,0
5656.0,6,2,1,0,0,91,0,3,34.95,5.69,0
5483.28,0,5,0,0,0,228,0,1,19.56,1.09,0
4863.04,4,3,2,0,0,292,0,2,27.46,7.86,1
2166.12,1,2,1,0,1,415,0,1,20.15,2.82,0
8678.6,16,1,2,0,0,512,0,0,23.08,2.81,0
707.41,12,2,1,0,0,341,0,2,8.24,4.39,0
3397.79,18,1,0,0,0,56,0,3,19.44,3.0,0
2014.11,3,6,0,0,1,330,0,1,17.84,0.79,0
1787.97,21,3,0,0,1,728,0,3,15.94,13.01,0
5711.2,17,1,1,0,0,524,0,0,18.49,3.0,0
11286.39,21,4,0,0,0,741,0,1,19.4,1.01,0
2539.14,15,6,0,0,0,958,0,1,16.27,13.52,0
8264.42,8,5,0,0,0,54,0,2,20.75,5.92,0
3836.16,15,3,1,0,0,140,0,1,14.61,6.77,0
1426.0,14,5,1,0,0,671,0,0,4.9,5.61,0
2777.07,4,4,1,1,0,437,0,4,11.24,5.09,0
2658.56,2,1,0,0,0,205,0,0,2.0,2.2,0
1751.99,15,1,0,0,0,651,0,3,13.05,1.01,0
5709.62,2,0,1,0,0,205,0,2,23.49,2.45,0
4658.17,2,6,0,0,0,208,0,2,20.87,1.06,0
685.27,1,2,0,1,0,969,0,1,20.26,0.59,0
642.84,14,3,0,0,0,375,0,2,25.23,2.32,0
5686.89,22,5,0,1,0,520,0,2,11.51,15.24,1
1546.81,11,2,1,0,0,357,0,1,15.61,3.64,0
4999.75,3,1,0,0,0,404,0,2,25.16,4.37,0
8266.6,12,4,0,0,0,153,0,3,13.97,5.16,0
958.62,11,3,2,0,0,202,0,3,25.15,18.88,1
827.07,14,3,1,0,0,1180,0,1,20.26,5.21,0
21123.75,10,2,0,0,0,767,1,4,16.83,7.17,0
5266.65,12,3,1,0,0,1023,1,2,18.41,8.03,0
2344.43,7,5,0,1,0,950,0,1,16.94,2.57,0
1365.62,21,3,2,0,0,134,0,1,16.32,1.67,0
2130.34,12,0,1,0,0,105,0,1,15.78,7.24,0
1043.04,7,3,0,0,0,88,0,1,20.73,7.61,0
9205.74,0,5,1,0,1,164,0,0,23.62,8.65,1
1610.68,16,2,0,0,1,433,0,2,17.08,12.63,0
11478.27,9,2,0,0,0,253,0,1,20.35,5.24,0
2390.7,5,3,1,0,0,1205,0,0,17.59,0.66,0
1217.41,11,1,1,0,0,223,0,2,22.65,8.64,0
2327.11,11,2,1,0,0,415,0,1,15.07,11.19,0
231.51,19,3,2,0,0,234,0,0,14.4,6.42,0
3207.33,13,3,1,0,0,184,0,0,24.41,11.89,0
3045.36,16,4,0,0,0,169,1,0,22.32,3.11,0
8655.76,15,3,1,0,0,110,0,1,22.16,10.43,0
502.39,20,7,1,0,0,1045,0,1,23.54,10.48,1
12332.08,0,3,1,1,0,224,0,1,15.35,6.26,0
8618.18,9,4,0,0,0,599,0,0,21.67,2.16,0
13556.83,17,3,1,0,0,464,0,1,26.11,2.51,0
3444.87,3,2,0,1,0,969,0,2,31.55,20.34,1
10557.5,10,3,2,1,0,9,0,1,21.48,3.28,0
776.81,9,2,0,0,0,679,0,2,18.55,5.0,0
7697.88,19,4,0,0,0,869,0,1,20.47,9.05,0
1620.16,23,6,0,1,1,135,0,2,13.3,3.91,0
642.92,2,0,0,0,0,152,0,0,18.06,1.32,0
1118.4,5,2,0,0,0,588,0,0,9.56,6.96,0
3662.16,18,4,0,0,0,288,1,1,9.46,5.6,0
1532.24,4,3,0,0,0,121,0,1,25.63,1.63,0
5403.91,11,5,1,0,0,38,0,2,11.04,7.13,0
545.31,22,0,1,0,0,598,0,0,11.44,4.14,0
390.16,23,3,1,0,0,143,0,5,18.7,2.83,0
15382.82,22,3,2,0,0,123,0,3,25.08,4.29,0
9404.94,3,5,3,0,0,111,0,2,14.22,10.18,1
1209.83,3,4,2,0,0,675,0,1,8.72,3.7,0
3629.5,4,3,0,0,0,231,0,0,19.9,10.08,0
10619.87,18,2,0,0,0,113,0,1,30.56,8.0,0
5654.24,4,0,2,0,0,300,0,0,6.84,6.52,0
4254.08,10,4,0,0,0,719,0,1,6.19,2.13,0
11497.81,19,4,1,1,0,353,0,1,16.03,3.31,0
1690.45,11,1,1,0,0,347,0,4,31.65,0.99,0
3762.12,22,3,0,0,0,141,0,0,10.85,4.03,0
3573.35,11,2,0,1,0,456,0,0,12.33,7.77,0
2734.22,9,3,1,0,0,907,0,3,21.8,12.25,0
2418.02,23,2,0,0,0,457,0,2,25.04,11.86,0
3930.46,13,2,0,0,0,146,0,1,17.24,4.38,0
3774.9,4,2,2,0,0,199,1,1,33.11,1.97,1
1210.94,15,3,1,0,0,44,0,0,21.88,2.48,0
8449.7,18,3,3,1,0,363,0,0,12.14,7.0,0
1306.09,20,2,1,0,0,307,0,0,19.81,5.85,0
2895.33,0,2,1,0,0,93,0,0,14.75,3.16,0
2670.33,2,3,1,1,0,559,0,0,21.3,6.78,0
5302.9,15,1,0,0,0,170,0,0,19.87,4.48,0
393.44,17,5,2,0,0,202,0,1,19.25,12.56,1
9278.5,15,1,2,0,0,46,0,1,8.13,7.47,0
1788.55,9,2,2,0,0,151,0,3,26.89,7.75,0
13107.78,18,4,1,0,0,294,0,2,22.16,14.85,0
2203.77,13,5,0,0,0,62,0,0,8.41,2.19,0
3458.93,22,4,0,0,0,178,0,1,27.79,3.03,0
27159.31,8,5,0,0,0,607,0,1,17.81,6.77,0
2721.11,18,2,1,0,0,234,0,0,6.6,5.6,0
13370.32,3,4,0,1,0,832,0,0,23.27,9.49,0
3793.32,17,3,1,0,0,124,0,1,31.52,2.12,0
5631.83,17,3,5,0,0,135,0,1,19.51,4.49,1
3918.47,6,4,2,1,0,171,0,2,27.36,4.0,0
8868.35,1,3,1,0,0,295,0,1,18.46,9.06,0
1772.58,23,3,0,0,0,837,0,3,12.22,4.53,0
1295.63,1,2,0,0,0,209,0,2,28.43,1.71,0
1862.16,11,3,0,0,0,43,0,1,17.93,8.76,0
4042.81,0,1,0,0,0,329,0,1,16.38,4.27,0
2887.48,10,3,0,1,0,453,0,1,15.07,14.59,0
7675.5,19,4,2,0,0,1050,0,2,22.31,0.99,0
14327.96,12,3,1,1,0,436,0,1,21.57,8.88,0
1306.84,5,2,0,0,0,498,0,1,19.54,6.53,0
1684.72,9,2,0,1,0,159,0,2,23.74,11.19,0
805.89,2,5,0,0,0,381,0,2,18.62,3.05,0
30696.12,14,5,0,0,0,516,0,0,12.94,5.77,0
5013.57,0,3,0,0,0,93,0,1,14.16,1.46,0
6025.72,8,4,1,0,0,398,0,2,21.59,2.44,0
891.39,1,5,0,0,0,282,0,4,16.45,6.71,0
3636.48,5,3,0,0,0,466,0,1,13.88,6.03,0
6214.93,1,4,0,0,0,540,0,2,18.57,3.35,0
2792.25,22,0,0,0,0,628,0,2,26.32,9.5,0
11265.39,18,3,0,0,0,456,0,2,8.04,4.0,0
41250.67,22,3,1,0,0,440,1,1,27.34,2.3,0
1346.93,16,1,0,0,0,618,1,0,9.56,7.34,0
1244.9,11,2,3,0,0,604,1,0,16.46,8.54,1
1448.6,4,2,1,0,0,572,0,3,24.33,2.9,0
19663.3,23,0,0,1,0,207,0,1,19.73,10.4,0
10877.73,22,1,2,0,0,101,0,2,13.77,1.39,0
3158.01,9,2,2,0,0,526,0,1,19.96,0.84,0
3783.44,5,2,1,0,0,464,0,2,15.76,0.75,0
1544.77,9,1,1,0,0,349,0,1,19.78,10.65,0
9269.91,9,1,0,0,0,304,0,2,23.13,6.8,0
2443.3,22,2,0,0,1,379,0,0,19.37,7.21,0
2770.88,1,0,1,0,0,286,2,1,15.09,13.14,1
6899.67,15,1,0,0,0,367,0,1,9.25,2.14,0
2988.73,18,0,0,0,1,305,2,2,17.12,7.79,1
2844.91,18,2,0,0,0,203,0,1,25.19,7.65,0
3681.6,4,3,0,0,0,199,0,1,22.32,1.81,0
8392.75,9,2,2,0,0,336,0,1,19.06,5.38,0
20513.07,8,4,1,0,0,522,0,2,26.12,3.32,0
6732.9,9,5,0,0,0,716,0,2,19.93,9.47,0
8463.18,2,4,1,1,0,139,0,1,9.23,8.6,1
2951.75,1,1,1,1,1,139,0,0,14.6,2.28,0
1731.62,0,2,0,0,0,184,0,1,17.89,0.98,0
7235.0,23,0,2,0,0,216,0,0,24.47,10.85,0
4358.15,10,3,0,1,0,591,0,1,13.41,1.54,0
817.49,5,3,1,0,0,118,0,1,16.17,3.41,0
2579.95,19,3,1,1,0,214,0,2,17.73,2.95,0
3337.44,11,5,0,0,0,46,0,2,21.09,2.89,0
2130.3,8,6,0,0,0,458,0,0,16.49,2.34,0
17254.4,2,4,1,0,0,123,0,1,14.01,5.95,0
6025.95,9,6,1,0,0,226,0,0,22.32,4.33,0
15395.55,15,1,0,0,0,242,0,0,25.47,1.98,0
4801.08,14,2,3,0,0,435,0,0,21.77,1.72,0
3965.78,9,0,0,0,0,229,0,0,21.67,7.33,0
1361.81,14,2,0,0,0,303,0,3,22.58,6.84,0
3686.84,18,4,0,0,0,454,0,1,26.36,7.55,0
3691.2,22,5,2,1,0,171,0,1,15.68,0.97,0
866.56,12,6,1,0,1,442,0,0,33.55,11.67,1
2066.26,5,0,0,0,0,318,0,2,21.0,2.49,0
2592.95,3,2,0,0,0,1381,0,2,14.46,6.71,0
5620.37,3,0,0,0,0,299,0,0,23.61,6.0,0
5910.1,0,1,0,0,0,586,0,1,22.01,5.11,0
1977.55,13,4,3,0,0,345,0,2,17.86,8.49,0
5956.95,5,1,1,0,0,448,0,0,24.1,2.11,0
3007.36,5,5,1,0,0,251,2,2,22.34,2.84,1
178.91,17,1,0,0,0,598,0,1,12.0,15.15,0
2188.7,7,4,0,0,0,507,0,1,19.94,3.88,0
11304.3,19,3,0,0,0,491,0,1,14.47,9.76,0
622.72,3,3,0,0,0,206,0,1,13.64,9.22,0
4098.29,8,3,2,0,0,437,0,1,8.05,4.6,0
19235.72,1,3,2,0,0,137,0,0,14.76,10.01,0
1638.2,12,3,1,0,0,411,0,0,14.92,8.9,0
3649.18,2,1,0,0,0,520,0,0,20.13,5.61,0
925.92,5,1,1,0,1,407,0,2,19.34,0.72,0
20102.36,17,1,2,1,0,276,0,4,15.01,4.82,0
3335.91,21,1,0,0,0,364,0,0,25.91,10.37,0
3823.64,13,4,0,0,0,501,0,1,11.17,4.78,0
15093.44,23,4,0,0,0,90,0,2,16.58,4.38,0
7292.14,18,2,0,0,1,975,0,3,15.24,5.91,0
1451.84,18,1,1,1,0,86,0,3,17.52,7.2,0
1845.23,23,0,0,0,0,221,0,1,16.25,0.78,0
6122.21,2,7,1,1,0,520,1,1,10.76,3.7,1
1890.64,5,5,2,0,0,408,0,4,14.67,5.62,0
394.21,10,1,2,0,0,72,0,0,11.27,5.27,0
3443.0,14,2,1,0,0,128,0,1,28.11,2.1,0
769.53,23,4,0,0,0,373,0,1,15.63,2.88,0
19872.57,2,5,3,0,0,272,0,1,12.6,7.06,1
4383.61,5,6,1,0,1,116,0,2,29.42,0.98,0
1407.49,7,4,1,0,0,955,1,1,25.75,1.54,0
1748.36,16,5,0,0,0,848,0,1,15.37,8.21,0
500.76,22,2,0,0,1,461,0,1,13.49,1.01,0
1147.76,22,7,0,1,0,811,0,1,25.46,8.58,0
10584.43,17,1,1,0,0,484,0,1,17.59,2.39,0
37925.37,18,1,1,1,0,41,0,1,10.79,7.19,0
7806.53,9,3,1,0,0,255,0,2,24.6,5.9,0
3305.54,14,3,1,0,0,289,0,2,14.35,5.43,0
2313.33,4,1,0,0,0,147,0,3,17.64,5.55,0
1333.66,12,2,0,0,0,409,0,0,22.97,3.23,0
31658.25,7,1,0,1,0,850,0,1,19.21,14.28,1
2986.37,22,4,0,0,0,311,0,3,16.96,7.47,0
33570.78,8,4,0,0,0,300,0,1,20.82,15.44,1
15727.96,9,2,0,0,0,425,0,0,12.02,11.5,0
585.32,9,1,1,1,0,215,0,3,19.19,5.1,0
1809.4,21,1,1,0,0,206,0,1,11.92,9.26,0
1803.53,22,3,0,0,0,375,0,0,6.41,2.92,0
3348.14,10,1,2,0,0,422,0,0,13.29,3.47,0
3417.52,23,6,0,0,0,727,0,1,16.48,12.58,0
84630.59,18,3,0,0,0,401,0,0,17.01,11.37,1
1174.87,20,3,0,0,0,212,0,0,15.94,9.36,0
4630.49,21,5,0,1,0,492,1,1,7.36,10.3,1
6955.81,7,1,1,0,0,342,0,3,25.63,11.25,0
3634.95,13,5,0,1,0,615,1,1,22.41,1.75,0
4087.5,6,2,0,0,0,796,0,0,26.44,5.01,0
1215.55,7,4,2,0,0,678,0,2,24.02,9.83,0
4071.68,11,5,1,0,0,518,0,1,19.41,5.21,0
6228.99,1,6,0,0,0,266,0,1,15.17,1.16,0
5135.75,5,2,0,0,0,538,0,0,11.18,10.12,0
6625.7,19,1,0,1,0,253,0,1,25.45,1.58,0
16046.38,3,1,2,0,0,1192,0,3,15.08,3.05,0
9738.23,14,3,0,0,0,323,0,2,22.56,4.42,0
3923.97,18,2,1,0,0,210,0,2,16.9,24.02,1
1063.85,6,0,0,0,0,1135,0,0,16.42,3.59,0
1939.13,10,5,2,1,0,353,0,2,15.57,13.41,1
2891.09,21,3,1,1,0,130,0,2,21.75,7.51,0
4745.55,20,5,0,0,1,458,0,2,22.33,4.48,0
2203.39,22,4,0,0,0,512,0,1,17.64,1.08,0
1363.05,15,5,0,0,0,562,0,1,19.54,9.99,0
1045.65,21,2,1,0,0,235,0,1,23.4,5.8,0
643.08,9,1,0,0,0,425,0,1,6.51,4.67,0
2844.95,14,3,3,1,0,115,0,0,13.32,6.14,1
778.1,16,3,0,0,0,623,0,0,20.15,11.46,0
1273.4,23,2,2,0,0,166,0,0,13.23,1.58,0
2407.64,8,3,2,1,0,468,0,1,20.31,2.4,0
895.41,20,3,0,0,1,319,1,1,15.5,2.77,0
5424.82,12,2,0,1,0,70,0,4,13.37,2.16,0
7920.69,2,1,1,1,0,146,0,1,18.35,13.03,1
2044.89,15,4,0,0,0,216,0,0,18.64,4.33,0
2301.05,23,5,0,0,0,104,0,0,21.84,7.51,0
6401.59,10,6,2,0,0,124,0,0,22.24,5.87,0
1720.39,13,3,0,0,0,660,0,3,16.82,4.82,0
1600.59,22,6,1,0,0,150,0,1,20.44,1.62,0
12788.78,22,1,0,0,0,242,1,0,11.9,4.37,0
9213.24,9,3,0,0,0,504,0,3,14.71,4.08,0
6847.42,18,1,1,0,0,243,1,3,28.76,8.22,1
9623.15,15,3,1,0,0,905,0,1,34.27,2.57,0
456.62,15,3,0,0,0,748,0,2,15.22,6.01,0
15086.07,17,3,3,0,1,672,0,3,31.19,5.43,1
5495.39,7,3,1,0,0,443,0,3,8.1,4.58,0
10523.02,7,2,0,1,0,915,0,1,12.62,3.93,0
5467.19,0,2,2,1,0,439,0,3,25.41,8.34,1
3832.88,20,2,1,0,0,866,0,1,18.66,5.43,0
2726.91,6,2,1,0,0,561,0,0,23.69,2.47,0
5353.48,16,4,0,0,1,246,0,1,21.29,3.12,0
2624.55,16,5,0,0,0,167,0,1,15.86,4.65,0
9056.79,16,3,1,1,0,150,0,1,16.31,2.75,0
688.3,20,1,1,0,0,1259,0,0,22.05,7.51,0
2061.82,20,1,0,0,0,100,0,1,15.17,1.55,0
31165.42,0,2,1,0,0,245,0,2,19.69,5.0,0
1886.76,20,3,1,0,1,102,0,0,5.93,5.01,0
2833.82,4,3,1,0,0,763,0,1,13.78,10.7,0
1441.28,15,3,1,0,0,884,0,2,11.18,7.98,0
5180.4,16,6,0,0,0,160,0,1,12.65,8.24,0
1680.63,1,1,1,0,0,348,0,1,16.56,12.77,0
2996.23,6,2,0,0,0,335,0,1,14.59,6.91,0
8877.81,21,3,0,0,0,440,0,3,19.85,3.98,0
1748.12,3,0,2,1,0,629,0,0,26.47,8.26,1
8333.52,5,2,1,0,0,679,0,0,13.77,8.42,0
8632.94,1,0,0,0,0,170,0,0,18.43,1.88,0
11022.61,4,1,0,0,0,857,0,0,10.48,4.72,0
4219.91,15,4,1,0,0,144,0,2,22.27,10.11,0
109460.83,20,3,2,0,0,262,1,1,14.81,3.92,1
11017.72,14,4,1,0,0,68,0,0,16.99,8.74,0
5121.08,6,2,2,1,0,195,0,0,9.26,5.57,0
1451.39,20,4,1,0,0,113,0,1,18.42,9.6,0
3288.17,8,4,0,0,1,522,0,1,10.21,4.7,0
16279.2,7,4,1,1,0,117,0,2,4.78,0.39,0
21916.86,12,3,1,0,0,278,0,1,24.43,7.68,0
17192.79,3,2,0,0,0,139,0,3,10.45,6.39,0
8303.66,8,2,1,0,0,504,0,2,12.43,11.76,0
974.14,19,3,1,1,0,588,0,0,19.55,10.94,0
6072.47,14,2,0,0,0,426,0,0,15.32,1.54,0
988.84,23,3,1,0,0,167,0,0,9.43,6.02,0
763.68,18,2,0,0,0,317,0,1,20.99,1.25,0
4680.3,8,5,0,0,0,149,0,2,11.67,12.87,0
6306.65,18,2,1,0,0,503,0,0,15.28,11.91,0
9400.76,20,2,0,0,1,311,0,0,16.47,16.46,1
6136.4,15,2,1,0,0,276,1,0,18.56,9.01,0
6362.43,18,2,1,1,0,696,0,1,19.71,4.94,0
1294.8,12,1,0,0,0,277,0,1,23.92,2.01,0
3260.95,21,1,0,1,1,34,0,2,24.9,7.48,0
748.09,5,2,1,0,0,420,0,5,16.26,13.79,0
444.28,10,1,0,0,1,382,0,1,24.01,15.2,1
7924.19,6,1,2,0,0,143,0,1,19.52,4.73,0
1651.14,2,5,2,0,0,76,1,2,16.56,7.77,1
9100.85,14,2,1,1,0,533,1,1,14.14,4.7,0
11658.2,2,4,1,0,0,320,0,0,20.35,7.56,0
1900.2,5,3,0,0,0,837,0,0,17.47,7.62,0
6767.09,18,2,2,0,0,147,0,0,11.92,6.71,0
1818.53,5,0,0,0,0,492,0,1,2.0,13.77,0
524.18,20,5,0,0,0,625,1,0,27.39,7.16,0
4144.24,1,3,2,0,0,334,0,0,6.32,5.55,0
2220.71,10,3,1,0,0,436,0,2,28.6,9.63,0
2293.67,1,5,0,0,0,718,0,1,21.58,3.6,0
28972.73,1,8,2,0,0,478,0,1,15.32,5.28,1
733.52,18,0,1,0,0,160,0,2,25.66,6.98,0
5442.61,1,4,2,1,0,468,0,2,27.32,4.88,1
1281.07,21,0,2,0,0,119,0,3,25.67,4.6,0
9449.1,14,3,1,0,1,437,0,1,13.49,9.49,0
4980.83,11,5,0,0,0,894,0,4,19.14,14.33,0
5422.5,22,3,0,1,0,389,0,1,12.85,1.56,0
1350.01,9,3,0,0,0,590,0,2,21.58,10.62,0
1629.67,9,3,2,0,0,611,0,0,16.95,6.43,0
9639.39,9,0,0,0,1,706,0,1,16.14,3.29,0
23373.02,15,1,2,0,0,59,1,0,9.91,5.13,0
6028.92,20,4,0,1,0,378,0,1,22.63,2.02,0
1419.0,13,4,0,0,0,594,0,0,28.15,3.6,0
5197.25,6,3,1,1,0,22,0,0,20.4,9.06,1
46576.23,21,4,1,1,1,291,1,0,19.87,2.62,1
4054.34,14,2,0,0,0,433,0,1,21.74,2.1,0
16897.7,19,3,1,0,0,180,0,0,31.84,12.82,0
1673.47,10,4,0,0,0,82,0,2,32.74,5.84,0
3483.56,4,1,1,1,0,634,0,5,22.17,7.34,0
6978.18,22,3,0,0,0,623,0,1,13.49,2.88,0
5525.86,16,3,0,1,0,337,0,1,12.99,8.72,0
1628.3,7,1,0,1,0,296,0,1,20.13,5.19,0
1556.21,20,1,3,0,0,1112,1,0,24.91,6.59,1
10277.36,0,3,2,0,0,1055,0,1,20.66,2.98,0
12722.51,22,1,1,0,0,109,0,1,23.46,3.06,0
17814.19,13,2,2,0,0,154,0,2,22.09,6.45,0
24200.46,14,4,2,0,0,448,0,3,7.19,0.43,0
4193.75,0,4,0,1,0,141,0,0,9.74,8.01,0
2626.06,4,1,3,0,0,208,0,0,9.85,6.33,0
15041.08,17,3,0,0,0,554,0,0,12.97,6.71,0
7698.05,13,3,2,1,0,260,0,0,24.51,4.01,0
1297.8,3,1,1,0,0,246,0,4,14.47,3.65,0
1229.89,15,2,0,0,0,358,0,2,15.66,5.31,0
6102.94,17,2,0,0,0,100,0,3,16.8,8.41,0
3022.57,6,4,1,0,1,886,0,3,18.76,5.6,0
3541.3,16,0,1,0,0,353,1,2,14.89,6.72,0
11227.93,23,3,1,0,0,310,0,1,15.32,3.41,0
8078.72,11,2,1,1,1,213,0,2,23.21,5.51,0
14711.24,5,4,0,0,0,282,0,3,17.43,8.28,0
479.09,23,5,1,0,0,905,0,2,16.19,2.25,0
4750.8,21,5,2,0,0,337,1,0,18.74,2.21,0
7550.91,10,2,0,0,0,651,0,3,22.22,0.76,0
732.96,10,4,1,1,0,904,0,2,25.58,10.33,0
1830.53,20,2,0,1,0,910,0,3,17.31,7.24,0
1506.42,0,3,1,1,0,238,1,0,21.14,0.5,1
3724.85,7,2,0,1,0,334,0,0,13.84,8.34,0
20115.51,13,2,0,0,0,840,0,1,11.99,7.86,0
30446.27,15,2,1,0,0,508,0,1,16.82,7.07,0
1548.43,15,3,0,0,0,270,0,1,19.08,2.13,0
6328.92,8,1,0,1,1,77,0,3,24.37,4.14,0
6546.84,20,1,1,0,0,188,0,4,25.87,11.09,0
5469.85,15,3,1,0,1,621,0,2,18.73,6.6,0
5535.45,12,1,0,0,0,539,0,0,17.97,6.94,0
5008.69,22,2,1,0,0,380,0,2,19.41,8.28,0
21417.18,2,3,0,0,0,232,0,0,15.1,4.83,0
11586.43,17,2,1,0,0,256,0,1,15.48,1.84,0
1196.12,22,4,2,0,0,34,0,2,21.71,13.73,1
8395.97,15,4,0,0,0,210,0,2,22.14,8.55,0
9292.77,13,0,0,1,0,351,0,1,18.03,2.13,0
5068.07,8,4,1,0,0,316,0,2,24.91,4.88,0
11944.13,6,0,0,0,0,1569,2,1,18.71,8.34,1
4435.86,13,7,1,1,0,387,0,2,15.3,4.66,0
4493.97,21,3,0,0,1,541,1,1,18.73,18.14,1
4135.25,11,3,1,0,0,460,0,1,28.34,2.38,0
437.4,2,2,0,0,0,387,0,1,16.63,3.72,0
3346.2,11,0,0,0,1,418,0,3,16.73,5.18,0
1805.04,2,3,0,1,0,1253,0,4,15.59,1.39,0
1047.57,22,6,1,0,0,42,0,2,16.61,19.61,1
16411.2,12,3,1,0,0,206,0,1,16.87,13.05,0
6182.13,5,1,0,0,0,211,0,0,19.43,4.62,0
3528.67,14,1,0,0,0,256,0,1,20.68,10.47,0
2012.14,12,2,0,0,0,86,1,2,18.62,3.97,0
4969.02,12,6,0,0,0,363,0,2,26.51,4.66,0
10311.43,14,1,0,0,0,86,0,1,12.42,8.23,0
1527.96,22,3,1,0,0,766,0,0,22.43,9.1,0
3622.54,20,5,0,0,1,531,0,2,22.97,4.59,0
9058.6,6,1,2,0,0,406,0,2,28.57,9.01,0
476.85,5,4,0,0,0,357,0,1,26.5,5.65,0
3427.38,23,5,1,0,0,66,1,0,24.51,13.05,1
2319.82,15,4,0,0,0,100,0,1,11.53,8.78,0
3163.64,0,1,0,0,0,189,0,1,22.72,7.66,0
2150.14,12,3,1,0,0,162,2,3,11.15,4.82,1
4207.0,2,2,2,0,1,609,1,2,10.21,5.65,1
27441.41,0,0,2,0,0,265,0,3,17.92,1.04,0
2591.21,4,2,0,0,0,559,0,1,9.37,1.24,0
4945.81,6,4,2,0,0,205,0,0,9.6,2.86,0
29569.06,1,2,0,1,0,126,0,4,17.07,12.09,1
2043.63,20,1,1,0,0,336,0,0,16.5,3.44,0
24475.04,10,5,1,0,0,608,1,0,15.68,7.93,1
3661.36,13,1,1,0,0,89,0,1,8.84,6.58,0
23646.99,20,1,0,1,0,416,0,1,16.18,1.86,0
8004.12,20,2,0,0,0,123,0,2,24.7,0.61,0
5026.42,19,4,0,0,0,105,0,1,16.49,4.58,0
3398.49,4,4,0,0,0,291,0,2,24.38,5.8,0
1890.8,17,2,1,0,0,397,0,0,30.33,10.69,0
3942.54,23,2,2,0,0,268,0,1,23.88,0.8,0
9341.57,0,3,1,1,0,545,0,1,22.15,3.68,0
3591.17,20,3,0,0,0,674,0,2,20.15,9.88,0
2611.15,20,2,1,0,0,115,1,3,15.99,4.62,0
2798.05,20,4,0,0,0,246,2,0,20.85,3.87,1
10322.7,9,2,2,0,0,674,0,2,16.44,14.08,1
13179.52,4,3,0,0,0,1356,0,3,27.53,3.85,0
1807.12,17,2,0,0,0,218,0,1,20.06,1.86,0
1804.4,14,1,3,0,0,96,0,2,19.39,7.16,0
5422.58,17,0,0,0,0,1062,0,1,19.27,5.18,0
18104.37,6,3,0,0,0,410,0,0,17.77,0.7,0
12128.21,4,4,1,0,0,271,0,1,8.88,10.42,0
978.04,21,2,0,1,0,552,1,0,25.65,4.45,0
2759.27,12,2,2,1,0,604,0,1,5.27,0.92,0
1370.41,20,2,0,0,0,834,0,2,17.0,4.58,0
2749.33,22,2,0,0,0,215,0,0,16.91,1.47,0
19626.39,11,1,0,0,0,71,0,0,18.23,9.11,0
817.52,6,2,1,0,0,215,0,0,4.89,5.02,0
665.27,21,5,1,0,0,427,0,3,23.68,4.78,0
1525.41,17,6,1,1,0,273,0,2,20.64,4.26,0
4923.01,15,6,1,0,0,222,0,0,20.25,7.55,0
6986.9,22,2,1,1,0,456,0,2,14.58,8.52,0
5763.62,5,0,0,0,0,181,0,0,23.04,6.67,0
12512.33,8,2,1,0,0,183,0,0,7.98,19.79,1
571.78,0,1,2,0,0,55,0,2,25.14,1.77,0
12679.65,9,2,0,0,1,509,0,1,28.36,2.05,0
2623.59,10,4,2,1,1,320,0,1,26.75,2.55,1
7848.43,10,2,0,0,0,498,0,2,16.69,12.63,0
907.24,3,1,0,1,0,485,1,0,24.98,2.97,0
3659.95,19,2,0,0,0,191,0,2,22.47,4.29,0
4666.13,11,0,3,1,0,1197,0,1,2.0,2.24,0
12253.15,10,1,0,1,0,135,0,6,15.36,10.0,0
689.17,20,3,1,0,0,113,0,0,25.25,3.58,0
3760.44,11,3,1,1,0,106,0,1,13.2,0.6,0
1165.03,21,3,1,0,0,272,0,0,14.93,5.32,0
6190.5,5,3,0,0,0,314,1,1,17.83,4.47,0
8234.41,20,3,2,0,0,627,0,3,24.19,7.79,0
14066.18,23,5,0,0,0,195,0,1,26.77,4.86,0
2076.04,18,3,0,0,0,305,1,1,13.51,2.52,0
9639.15,21,3,1,0,0,424,0,0,17.93,2.72,0
15198.42,17,2,1,0,0,1258,1,4,19.47,16.11,1
648.45,14,4,0,0,0,793,1,1,13.55,5.17,0
6925.48,18,2,0,0,0,203,0,1,21.01,4.36,0
9961.04,23,3,1,1,0,411,0,2,25.74,11.12,1
2774.81,14,3,1,1,0,816,0,2,19.06,4.54,0
1021.15,16,2,0,0,1,223,0,0,9.91,1.78,0
9799.67,1,3,2,0,0,157,0,2,13.45,5.26,0
1033.3,23,3,1,0,0,315,0,2,20.5,3.37,0
3019.15,18,2,0,0,0,325,0,2,18.58,21.17,1
3490.74,3,2,0,1,0,225,0,1,15.64,5.43,0
7718.03,6,2,1,0,0,597,0,1,12.8,13.3,0
1885.67,5,1,1,1,0,215,0,2,19.25,11.95,0
1774.35,7,1,1,0,0,243,0,1,11.35,2.39,0
4039.44,21,2,1,0,0,107,0,1,22.76,9.28,0
10474.62,11,7,0,0,1,505,0,6,17.78,6.17,0
40208.05,10,3,0,0,0,702,0,2,18.51,8.54,0
747.81,18,2,0,0,1,893,0,3,27.4,2.39,0
5070.07,8,5,0,0,0,795,0,0,19.61,8.61,0
1163.44,21,3,1,0,0,917,0,1,29.04,6.8,0
10612.12,18,5,2,1,0,598,0,1,14.88,11.58,1
1359.03,6,4,0,0,0,341,1,4,12.99,20.64,1
1792.95,15,5,1,1,0,278,0,1,12.91,7.05,0
1961.11,11,4,0,0,0,376,2,0,23.42,8.3,1
3360.99,8,0,0,0,0,590,0,3,22.41,4.09,0
5112.06,21,3,0,0,0,922,0,0,23.02,3.2,0
6050.44,9,2,1,0,0,442,1,3,14.67,5.51,0
3618.97,2,2,0,1,0,865,0,2,5.58,9.0,0
901.1,9,1,0,0,0,993,0,2,23.56,4.01,0
7817.93,12,1,0,0,0,1085,0,1,13.55,5.92,0
3444.02,3,5,0,0,0,243,0,2,14.97,4.8,0
12330.38,17,2,0,0,0,846,0,4,8.25,3.06,0
1731.73,5,4,2,0,0,561,0,1,18.25,2.19,0
676.96,2,2,1,1,0,341,0,0,2.36,4.08,0
3513.17,12,2,0,0,0,332,0,1,13.62,8.28,0
14196.49,3,1,1,0,0,140,0,1,21.35,3.84,0
4311.28,18,8,0,0,0,573,0,2,15.94,3.61,0
2952.32,1,2,4,0,0,282,0,0,10.78,10.22,1
1459.92,10,0,0,0,0,384,0,2,14.78,4.39,0
23055.39,1,2,0,0,0,44,0,3,21.9,7.9,0
1235.11,9,3,2,0,0,236,0,3,16.07,5.81,0
1699.92,22,2,0,1,0,707,0,2,20.94,5.24,0
6624.54,15,3,0,0,0,185,0,3,11.16,4.94,0
518.62,12,1,0,1,0,634,0,2,19.88,8.16,0
13881.61,3,2,0,0,0,327,0,2,23.24,5.15,0
7012.17,7,2,0,0,0,1083,0,1,18.77,7.24,0
9359.93,9,3,0,0,0,203,0,1,21.41,4.32,0
6542.16,13,2,1,0,0,372,0,1,15.86,0.78,0
3074.26,4,4,0,0,1,541,0,0,19.46,11.01,0
1192.36,23,2,0,0,0,716,0,0,28.33,13.16,0
3142.96,15,2,0,1,0,120,0,1,18.67,7.97,0
1307.67,7,2,0,1,1,809,0,3,14.66,5.2,0
6066.05,2,0,0,0,0,568,0,2,27.14,6.1,0
8494.03,14,3,2,0,0,691,0,2,26.28,3.88,0
17165.37,10,2,0,0,0,147,0,0,18.42,4.54,0
5379.53,16,0,0,0,0,218,0,0,15.24,8.09,0
9612.35,14,3,0,0,0,465,0,2,17.38,2.83,0
2665.1,15,5,0,0,0,265,0,2,26.36,7.22,0
2203.51,20,5,0,0,0,643,0,2,13.91,6.29,0
5987.06,12,1,2,0,0,656,0,2,31.5,4.14,0
2426.5,17,1,1,0,0,706,0,0,13.08,4.02,0
4830.21,8,1,1,0,0,297,0,2,14.08,11.11,0
1194.82,22,5,2,0,0,297,0,1,12.21,0.98,0
1442.73,9,1,2,0,0,156,0,1,16.03,7.47,0
7095.24,16,3,1,0,0,145,0,0,28.99,6.41,0
9237.48,23,2,1,0,0,62,0,0,14.18,9.39,0
1293.44,8,2,1,0,0,878,0,0,19.08,3.02,0
7362.43,2,4,1,0,0,734,0,1,26.8,6.22,0
2081.05,5,4,0,0,1,137,0,2,26.92,3.03,0
3704.6,5,1,1,0,0,323,0,2,13.46,2.84,0
16119.61,1,2,0,0,0,284,0,2,15.38,11.24,0
8500.34,13,3,0,1,0,414,0,3,28.45,1.6,0
8397.3,6,2,0,0,0,146,1,1,12.7,7.98,0
27017.22,2,5,0,0,0,1403,0,2,30.5,6.33,0
1738.76,3,3,0,0,0,157,0,1,9.31,1.91,0
1293.14,6,0,0,0,0,715,0,1,15.24,1.63,0
1705.77,8,1,1,0,0,158,0,2,9.69,2.39,0
2787.15,23,4,1,0,0,318,0,3,35.58,19.48,1
307.27,16,4,0,0,1,714,0,1,17.44,0.74,0
2928.37,17,3,0,0,0,387,0,0,15.09,13.49,0
2055.35,16,6,0,0,0,30,0,0,34.03,9.72,0
8291.18,19,7,0,0,0,337,0,2,23.14,1.26,0
5271.34,7,4,0,0,0,1039,0,0,19.84,2.39,0
1937.72,2,4,1,0,0,218,0,1,25.49,19.19,1
6764.6,12,1,2,0,0,753,0,2,23.29,17.16,1
7780.89,0,1,0,1,0,307,0,2,27.08,11.64,0
1624.62,5,1,0,0,0,117,0,3,15.67,18.26,0
2169.66,18,0,3,0,0,233,0,4,16.25,1.65,0
351.91,12,6,0,1,0,88,1,1,24.71,3.37,0
1158.41,16,4,2,0,0,359,0,1,13.87,5.51,0
1669.71,12,3,0,0,0,469,1,2,19.07,7.91,0
3935.82,13,3,0,0,0,695,0,0,23.91,5.01,0
1349.31,7,2,1,0,0,308,0,2,24.75,9.89,0
2123.62,5,1,0,0,0,595,0,2,28.87,8.13,0
1005.66,6,2,0,0,0,678,0,4,26.01,5.86,0
4357.57,19,3,0,0,0,396,1,1,19.11,9.81,0
5693.04,23,3,3,0,0,179,0,1,17.13,6.47,0
5555.17,1,2,0,1,0,303,0,2,12.94,3.33,0
3688.51,12,1,1,1,0,35,0,2,21.37,1.67,0
721.89,11,3,1,0,0,1075,0,0,17.87,8.76,0
1898.94,13,1,2,1,0,574,0,1,28.3,8.2,1
2373.99,5,4,0,1,1,310,1,0,19.62,4.61,1
2384.01,0,1,0,0,0,296,0,2,19.53,8.15,0
3939.19,4,3,1,0,0,130,0,1,12.5,5.82,0
16265.77,4,0,1,0,0,140,0,2,9.08,3.86,0
8541.58,1,2,1,0,0,382,0,1,13.24,5.58,0
1290.91,8,4,0,0,0,898,0,3,12.56,1.23,0
7422.88,16,3,1,0,0,373,0,0,16.78,6.56,0
7131.79,23,3,1,1,0,805,0,2,24.25,9.1,0
1561.85,15,4,0,0,0,697,0,1,26.58,12.43,0
8877.8,4,5,0,0,0,213,0,0,21.22,4.96,0
3076.67,8,2,1,0,1,522,0,1,20.25,6.64,0
828.44,7,3,0,0,0,101,0,1,7.92,6.66,0
5872.07,5,1,2,0,1,806,0,4,14.57,5.44,0
4572.48,23,5,0,1,0,1302,0,1,22.23,7.59,0
2866.76,15,3,2,0,0,174,1,2,22.99,1.08,0
3500.55,11,3,1,0,0,380,0,0,9.92,8.6,0
1711.22,10,2,0,0,0,268,0,1,14.24,2.37,0
6909.39,7,4,0,0,0,821,0,1,18.73,3.56,0
3478.57,10,2,1,0,0,708,0,1,8.42,10.49,0
4336.28,15,3,0,0,0,173,0,1,13.53,5.69,0
5297.55,22,2,0,0,0,317,0,2,32.13,8.76,0
1083.21,11,3,0,1,0,211,0,3,29.93,5.13,0
1423.68,4,2,0,0,0,558,0,0,15.46,4.53,0
357.65,22,5,0,0,0,682,0,0,23.27,15.79,1
6587.83,7,0,0,0,0,513,0,1,19.75,7.95,0
1019.61,1,2,1,0,0,632,0,3,19.58,5.49,0
4184.73,13,5,3,0,0,690,0,1,16.36,5.86,0
5375.13,18,6,0,0,0,678,0,2,14.61,8.05,0
6853.2,6,2,2,0,0,254,0,2,13.55,0.26,0
1028.42,6,2,1,1,0,844,0,5,19.65,7.57,0
3400.17,6,2,4,1,0,224,1,1,21.03,5.54,1
21031.88,19,5,1,0,0,376,0,0,23.13,3.13,0
22027.14,22,2,0,0,0,433,0,2,31.44,16.48,0
10266.99,20,3,0,0,1,430,1,0,31.97,7.31,1
5189.37,5,2,0,0,1,306,0,1,21.73,4.08,0
1267.29,20,8,1,0,0,544,0,0,5.21,6.09,0
7743.06,7,1,0,0,0,108,0,2,4.47,15.52,0
3084.29,20,1,0,0,0,641,0,1,19.35,3.72,0
6558.75,23,5,1,0,0,80,0,1,22.86,0.91,0
1873.41,17,2,0,0,0,193,0,4,21.86,10.29,0
3036.38,22,2,2,1,0,424,0,1,6.76,3.82,0
4325.81,3,0,1,1,0,247,0,0,15.64,3.99,0
4715.41,15,5,0,0,0,231,0,2,16.4,5.9,0
6114.44,1,5,3,0,0,62,0,2,21.72,14.99,1
1981.97,15,3,0,0,0,267,0,1,18.74,6.57,0
888.51,8,1,1,0,0,102,0,0,23.55,4.2,0
20050.8,23,4,0,0,1,842,0,4,25.05,12.54,0
49697.85,11,2,1,0,0,303,0,1,12.08,14.89,1
5824.29,18,3,0,0,0,852,0,3,9.08,3.67,0
906.7,7,3,2,0,0,397,0,3,12.51,12.1,0
1616.7,1,0,1,0,0,937,0,3,13.36,3.44,0
6214.08,17,3,1,0,0,1398,0,3,20.42,1.25,0
14885.92,5,1,2,1,0,115,0,0,22.18,0.86,0
1018.89,17,4,0,0,0,903,0,2,26.32,2.66,0
3195.35,11,4,1,0,0,632,0,4,16.02,7.36,0
4472.62,23,1,0,0,0,556,0,0,11.53,11.78,0
9025.48,8,5,0,0,1,160,0,1,20.99,3.28,0
2538.22,9,2,2,0,0,297,0,3,9.84,4.08,0
704.86,17,2,0,1,0,786,0,2,18.4,5.91,0
6990.15,18,1,0,0,0,1237,0,1,24.29,13.3,0
11861.29,3,6,0,0,0,569,0,0,14.85,1.95,0
3338.51,17,0,0,0,0,777,0,2,9.43,4.32,0
5571.96,11,4,1,0,0,488,0,1,28.65,2.2,0
2212.29,23,1,2,1,0,736,0,3,22.14,3.07,0
1498.08,15,3,0,0,1,507,0,0,15.03,8.34,0
10697.3,18,1,0,0,0,322,1,0,27.99,3.99,0
5469.11,8,1,0,0,1,1147,0,2,8.43,3.91,0
6092.95,6,3,1,0,0,174,0,1,30.0,6.32,0
17627.6,18,3,0,0,0,74,0,2,17.08,7.65,0
1202.81,0,3,1,0,0,298,0,1,14.26,10.91,0
2039.32,13,1,1,1,0,374,0,1,8.43,3.81,0
4297.68,23,3,0,0,0,417,1,4,16.4,1.97,0
2013.18,23,3,2,0,0,169,0,2,23.37,22.26,1
8285.76,17,2,0,0,0,92,0,3,20.27,0.47,0
2990.6,11,1,2,1,0,375,0,2,25.37,3.29,0
1284.13,19,4,1,0,1,241,0,1,18.19,0.4,0
3901.28,0,1,2,1,0,168,0,2,22.08,6.47,1
4354.02,19,5,2,1,0,396,0,2,22.18,15.88,1
9714.9,4,5,1,0,0,805,0,2,8.81,9.43,0
5501.62,17,3,1,0,0,542,0,1,21.61,6.75,0
5908.83,8,2,0,0,0,281,1,0,23.18,15.23,1
5096.48,18,2,3,0,0,413,0,1,19.62,15.34,1
2988.02,14,0,1,0,0,127,0,1,18.14,5.05,0
1716.38,22,5,0,0,0,438,1,3,10.59,7.11,0
4930.92,18,5,2,1,0,182,0,2,18.3,2.26,0
2566.3,21,2,1,0,0,364,0,3,7.28,9.31,0
21467.89,3,3,1,0,0,870,1,0,8.71,7.44,0
14902.61,9,2,0,0,0,257,0,0,17.09,13.91,0
7076.12,10,8,1,0,0,125,0,2,12.86,14.99,1
5417.5,0,1,1,1,0,84,0,3,18.23,1.88,0
3319.74,0,0,1,0,1,29,1,2,22.23,14.6,1
968.57,0,1,0,0,0,343,1,2,17.24,8.32,0
2901.6,18,5,1,0,0,509,0,1,13.26,4.55,0
4049.99,10,2,0,1,0,535,1,2,21.35,9.42,0
4632.86,18,2,1,0,0,222,1,1,19.64,3.09,0
5961.12,20,4,1,0,0,646,0,3,12.6,2.69,0
9579.65,0,3,1,0,0,82,0,0,9.84,6.23,0
1760.3,20,2,3,1,0,54,0,2,13.89,3.81,0
1777.16,5,5,0,0,0,613,0,3,21.26,3.8,0
16703.93,9,2,1,1,0,120,0,0,21.42,1.7,0
8180.68,23,5,1,0,0,229,0,3,20.57,6.62,0
2415.57,7,4,0,1,0,405,0,1,18.27,5.26,0
3253.31,22,3,0,1,0,196,0,1,18.18,10.31,0
3268.71,12,5,2,0,0,189,0,2,10.47,4.54,0
3763.68,0,3,0,0,0,600,0,1,20.11,4.18,0
5980.85,19,3,2,0,1,324,0,0,22.08,0.95,0
52142.85,1,2,3,0,1,617,0,1,5.31,5.41,1
4443.71,15,3,1,0,0,102,0,0,16.07,11.72,0
7300.72,11,4,1,1,1,246,0,0,19.35,4.32,0
619.68,3,2,0,0,0,715,0,1,17.45,1.95,0
2188.24,12,5,0,0,0,504,0,1,11.8,2.32,0
13230.18,8,5,2,1,0,328,0,3,6.79,0.9,0
5554.87,2,4,0,0,0,832,0,0,24.87,1.86,0
50.0,13,2,0,1,0,770,0,1,17.18,11.12,0
7388.83,1,7,1,0,0,419,0,2,16.07,3.88,0
27284.46,12,1,0,0,0,503,0,1,14.55,5.44,0
447.78,5,2,1,0,0,73,0,0,24.46,5.7,0
17950.21,19,2,1,0,0,207,0,0,33.69,4.4,0
198.23,22,3,1,0,0,837,0,1,24.92,2.27,0
9748.79,22,6,0,0,0,142,0,2,8.59,4.13,0
3608.04,22,9,0,1,0,153,0,2,18.53,5.82,0
308.75,2,4,0,0,0,252,0,1,17.24,18.39,1
5816.45,12,2,0,0,0,74,0,1,10.27,3.96,0
12190.13,5,2,0,0,0,532,1,2,18.91,6.29,0
5335.2,2,4,1,0,0,112,0,0,28.6,4.77,0
6728.24,9,2,2,1,0,341,0,2,21.86,1.32,0
2363.12,10,4,0,0,0,617,0,0,20.59,2.94,0
515.71,7,2,2,0,0,273,1,4,15.69,3.59,0
7528.55,2,1,0,1,0,697,0,1,13.54,13.38,0
22862.23,9,6,2,0,0,42,0,2,17.14,2.65,0
11921.04,3,1,0,0,0,503,0,0,22.92,4.93,0
451.57,0,6,2,0,1,561,0,0,17.17,5.99,1
742.01,10,4,0,0,0,889,0,3,17.74,0.81,0
1497.77,1,3,0,0,0,5,0,0,18.01,2.64,0
683.6,23,2,1,0,0,662,0,1,22.79,2.84,0
3813.87,20,2,0,0,0,214,0,1,12.41,10.79,0
5503.21,22,4,0,0,0,417,0,1,16.63,1.72,0
810.97,2,1,1,0,0,267,0,1,16.9,13.27,0
8233.65,11,4,1,0,0,366,0,1,14.91,2.04,0
6844.22,19,3,1,0,0,1276,0,1,15.8,7.67,0
2047.62,13,3,1,0,0,198,0,1,14.95,6.93,0
3037.69,7,1,0,0,1,558,0,3,21.48,2.34,0
469.99,19,3,0,0,0,166,0,4,12.92,5.4,0
2568.62,7,1,0,1,0,929,0,2,16.06,6.56,0
3669.29,23,3,0,0,0,311,0,3,6.6,6.42,0
4346.76,2,1,0,0,0,1033,0,4,12.29,12.85,0
5419.84,16,6,1,0,0,176,0,1,26.7,2.58,0
4705.34,0,2,0,0,1,561,0,1,15.07,2.01,0
2758.49,21,3,1,0,0,404,0,1,38.4,7.42,0
4917.25,8,1,1,0,0,478,1,4,13.44,5.69,0
10426.79,0,1,0,0,0,433,0,0,26.71,3.65,0
3293.57,20,3,1,0,1,197,0,1,19.33,10.24,1
5082.07,23,2,0,0,0,149,0,2,16.09,13.91,0
2994.46,22,3,1,0,0,598,0,1,19.67,4.72,0
1846.23,11,3,2,0,0,523,0,1,25.87,5.01,0
6304.53,1,2,0,0,0,165,0,1,22.41,5.2,0
2032.48,5,3,1,0,0,163,0,2,20.98,0.67,0
5461.37,0,2,1,0,0,1269,0,2,9.44,19.89,1
3750.59,1,4,1,0,0,282,0,2,8.47,2.79,0
2646.17,3,5,0,1,0,59,0,2,23.1,5.99,0
2579.76,13,3,0,0,0,590,0,1,5.97,8.08,0
2135.54,18,3,2,0,0,38,0,2,18.46,4.25,0
646.72,14,2,1,0,0,503,0,1,15.03,9.78,0
5442.75,4,5,1,0,0,355,0,1,18.97,7.78,0
4643.04,14,4,0,1,0,295,1,1,21.73,12.72,1
8885.3,5,4,1,0,0,169,0,0,14.01,2.87,0
2083.85,11,5,1,0,0,290,0,1,13.34,5.44,0
26639.57,21,2,1,0,1,266,1,0,18.94,11.56,1
2443.72,3,3,0,0,0,237,0,3,20.06,1.72,0
1452.64,20,1,1,0,0,153,0,0,22.14,8.04,0
1282.58,6,3,0,0,0,1035,0,1,17.88,7.04,0
589.56,16,3,0,0,0,951,0,2,14.25,7.17,0
18201.5,6,2,1,0,0,385,0,0,20.38,0.87,0
15361.52,3,5,1,0,0,244,0,0,17.94,4.71,0
6841.64,10,1,0,0,0,110,0,0,15.92,1.66,0
1420.99,9,3,1,0,0,559,0,0,8.5,4.0,0
24387.62,12,4,1,0,0,1769,0,2,21.77,7.87,0
2516.68,5,4,1,0,0,359,0,1,12.41,6.77,0
2744.96,23,1,2,0,1,229,0,2,25.32,7.28,0
16467.14,16,1,0,0,0,462,0,0,24.28,3.54,0
7272.51,20,5,0,0,0,303,0,0,24.2,3.87,0
36722.99,18,3,1,0,0,291,0,1,24.22,8.32,0
4727.53,17,2,1,1,0,83,0,2,10.86,7.36,0
2399.74,3,1,0,0,0,223,0,0,19.43,9.99,0
1915.25,14,3,1,0,0,114,0,2,14.2,6.48,0
523.56,21,8,0,0,0,556,0,2,18.37,14.5,1
2717.52,2,3,0,0,0,137,0,2,19.25,0.61,0
12110.44,11,3,2,0,0,12,0,3,23.21,3.77,0
6827.92,4,3,2,1,1,481,0,1,17.48,8.07,1
3719.42,19,4,0,0,0,697,0,1,27.72,9.48,0
1280.9,22,4,1,0,1,448,0,1,7.05,2.9,0
4620.31,1,2,2,0,0,258,0,0,6.51,4.45,0
10545.5,19,0,0,0,0,790,0,0,15.47,15.76,0
5723.04,8,0,0,1,0,217,0,0,12.97,10.36,0
4337.58,23,6,0,0,0,443,0,4,26.86,3.52,0
1576.87,0,1,1,1,0,645,0,1,16.92,8.08,0
9050.19,4,3,1,1,1,401,1,2,21.81,2.83,1
135.84,17,0,1,0,1,558,0,1,15.86,6.44,0
5442.47,18,4,0,0,0,268,0,1,15.52,0.94,0
54113.45,1,2,0,0,0,183,0,4,15.5,2.01,0
747.11,3,4,1,0,0,298,0,0,13.42,9.63,0
2825.84,8,2,0,1,0,246,1,1,19.0,5.05,0
3610.83,0,6,2,0,0,163,0,2,15.14,7.77,1
2240.13,18,5,1,0,0,206,1,1,9.45,5.25,0
10809.63,16,2,1,0,0,296,0,2,10.34,1.38,0
5979.39,17,3,1,0,0,644,0,0,13.63,3.75,0
4272.33,11,4,2,0,0,246,0,3,24.46,4.97,0
8409.66,15,3,1,0,0,331,0,0,17.14,6.59,0
3705.55,13,4,0,0,0,415,0,5,23.2,6.89,0
102627.14,16,3,1,0,0,525,0,3,16.6,0.57,0
4268.06,10,3,0,0,0,332,2,2,16.8,10.02,1
4469.56,15,3,2,0,0,1434,0,1,23.19,3.44,0
604.26,15,3,1,0,0,266,0,1,9.22,3.93,0
2057.77,15,2,0,1,1,238,0,4,13.87,4.79,0
12145.9,20,1,1,0,0,196,0,2,3.08,7.45,0
895.85,8,2,1,1,0,567,0,1,12.85,7.89,0
377.88,21,1,1,0,1,258,0,0,20.76,18.95,1
3766.61,0,3,0,0,0,64,1,0,19.78,1.74,0
15356.31,11,5,0,1,0,171,0,4,27.35,18.91,1
3806.63,10,2,2,1,0,118,0,3,16.45,25.0,1
2558.23,20,9,1,0,0,159,0,0,26.22,3.84,0
517.28,1,4,0,0,0,240,1,0,19.81,10.81,1
5853.92,5,2,0,0,0,425,0,1,13.7,6.7,0
7290.58,11,2,0,0,0,348,0,3,11.66,8.03,0
560.7,19,2,0,0,0,200,0,0,27.78,5.57,0
11983.18,11,4,1,0,0,487,0,0,18.4,6.74,0
8135.4,15,7,0,0,1,244,0,2,14.1,2.87,0
11955.32,4,3,0,0,0,613,0,0,14.03,6.45,0
6719.05,22,3,1,1,0,240,0,0,27.13,4.78,0
7232.69,18,0,1,0,0,165,0,0,19.11,8.51,0
6290.26,1,3,1,0,0,128,0,3,12.24,5.25,0
9062.46,16,1,0,0,0,484,0,0,13.29,9.72,0
539.32,3,3,1,0,0,303,1,0,12.88,4.85,0
752.87,13,2,0,0,0,421,0,1,18.23,3.07,0
1681.08,17,3,0,0,0,968,0,0,27.57,8.37,0
3176.99,22,2,1,0,0,480,0,0,9.1,5.91,0
5472.79,1,4,2,0,0,431,0,3,17.1,7.56,0
5120.03,6,4,0,1,0,671,0,1,25.53,5.37,0
11765.9,16,3,0,0,0,208,0,2,17.0,3.38,0
12160.16,6,4,1,0,0,583,0,2,20.65,4.18,0
1456.8,17,2,0,0,0,244,0,1,19.32,1.31,0
4677.43,4,2,0,0,0,350,0,0,6.42,3.51,0
1494.84,3,1,1,1,1,913,0,1,16.81,5.81,1
2987.94,13,4,5,0,0,275,0,0,12.37,4.88,1
5104.52,16,2,0,1,0,517,1,1,24.22,3.25,0
101.58,4,5,0,0,0,437,0,3,26.07,5.45,0
45789.32,20,4,0,0,0,933,0,0,20.66,8.03,0
6599.37,20,6,0,1,0,186,0,4,22.58,12.62,1
1947.91,1,1,0,0,0,73,0,1,14.83,3.89,0
27549.46,7,2,0,0,0,125,0,3,26.31,12.0,0
2528.03,13,3,0,0,0,403,0,1,21.7,4.64,0
4184.51,11,3,2,0,0,246,1,1,13.28,10.47,1
2183.16,6,1,1,0,0,702,0,0,7.1,1.33,0
20631.85,12,3,1,1,0,365,0,3,25.67,2.37,0
3260.92,23,5,1,0,0,180,0,4,11.16,10.85,0
4259.72,7,2,1,0,0,288,0,1,21.47,7.52,0
12886.96,5,6,3,0,0,15,0,4,23.3,2.03,1
6730.44,17,1,0,1,0,414,0,3,12.7,2.1,0
3438.99,13,4,0,0,0,606,0,2,30.1,4.54,0
11683.24,16,3,0,0,0,809,0,0,14.05,11.68,0
52334.31,15,1,0,0,0,154,0,3,13.84,5.64,0
5081.09,18,6,0,0,0,455,0,4,17.95,5.35,0
4115.84,17,0,0,0,0,854,0,0,17.09,3.17,0
4355.34,14,0,0,0,0,74,0,3,14.22,3.97,0
14413.94,10,7,0,1,0,404,0,0,16.96,9.24,0
1940.77,11,2,2,1,0,759,0,0,22.67,4.05,0
2718.31,6,4,0,0,0,1433,0,2,14.96,14.85,0
724.65,10,6,1,0,0,588,0,0,15.43,11.57,0
1050.41,14,5,1,0,0,311,0,2,6.72,6.9,0
2113.94,17,2,1,1,0,344,0,1,11.41,3.44,0
3433.26,18,2,0,0,0,406,0,1,8.58,5.1,0
23330.98,9,1,0,0,0,982,0,3,23.88,3.03,0
6391.94,17,2,1,0,0,379,1,2,20.3,8.41,0
1397.33,10,5,3,0,1,122,0,3,19.36,6.36,1
1695.31,8,5,0,0,0,169,0,3,17.07,2.85,0
15421.01,3,4,3,0,0,428,0,2,19.8,6.55,1
11883.91,6,5,1,0,0,254,1,0,24.32,3.64,0
3750.17,16,2,1,0,0,307,0,0,22.8,6.66,0
2287.8,5,2,0,0,1,562,0,2,13.14,4.87,0
11863.0,1,2,0,1,0,341,1,0,7.19,6.81,1
1283.06,6,2,1,0,0,435,0,2,12.32,7.35,0
5495.21,23,2,0,0,0,175,0,1,12.23,4.38,0
39588.42,3,3,1,0,0,444,0,3,23.13,1.42,0
4517.09,3,3,0,1,0,352,0,1,23.27,6.9,0
1612.61,9,3,0,0,0,545,0,2,32.4,2.05,0
5602.05,9,1,1,0,0,731,0,2,11.23,6.17,0
2222.73,22,1,1,0,0,865,0,2,19.12,5.93,0
842.34,5,3,0,0,0,257,0,3,23.43,0.76,0
7601.4,10,4,0,0,0,217,0,1,23.12,3.81,0
11774.91,6,4,1,0,0,128,0,2,9.83,0.45,0
2626.87,5,4,0,0,0,78,0,0,23.24,4.76,0
2450.15,7,3,2,0,0,302,0,1,19.72,6.99,0
1326.58,6,2,0,0,0,808,0,0,19.62,5.74,0
3110.59,17,0,1,0,0,384,0,4,25.28,1.57,0
2017.3,18,3,0,0,0,469,0,3,12.43,11.38,0
1259.43,4,2,1,0,0,994,0,0,18.15,2.7,0
26549.79,11,2,0,0,0,621,0,2,9.32,9.19,0
5942.1,6,6,0,0,0,951,1,2,23.27,2.88,0
6640.98,20,5,0,1,0,101,0,0,14.49,9.7,0
9205.62,2,4,1,0,0,379,0,0,12.42,5.78,0
8181.15,9,4,0,0,1,242,0,1,9.34,2.39,0
2359.57,7,2,0,0,0,37,0,1,23.77,8.89,0
4847.32,8,3,0,0,0,175,0,1,19.98,2.94,0
2744.95,22,2,1,0,1,177,0,4,27.37,6.81,0
5769.77,12,4,0,1,1,595,1,3,27.47,11.29,1
5212.29,9,4,0,1,0,86,0,1,23.14,5.92,0
2436.23,19,6,1,0,0,90,0,2,12.04,8.42,0
901.66,18,3,1,0,0,266,0,3,15.53,13.81,0
4245.22,3,2,2,0,0,747,0,2,18.54,7.48,0
2938.1,11,2,0,1,1,475,0,3,25.48,9.77,0
500.25,9,4,1,0,0,509,0,1,32.65,2.45,0
6204.59,10,2,0,0,0,251,0,3,20.55,4.69,0
10032.74,8,4,0,0,0,319,0,2,11.73,11.19,0
51780.78,19,2,3,0,0,230,0,2,22.9,2.57,0
2414.49,23,4,1,0,0,160,0,1,22.8,5.49,0
2068.03,0,5,1,0,0,841,0,0,15.56,5.36,0
1135.82,20,2,1,0,0,151,0,2,22.19,3.23,0
4532.7,20,1,1,0,1,314,0,2,12.65,12.47,0
4502.71,8,2,0,0,0,339,0,1,11.86,8.08,0
1553.3,11,2,1,0,0,339,0,0,27.49,4.04,0
3030.02,2,3,0,0,0,176,1,3,18.7,3.37,0
455.96,8,3,1,0,0,366,0,1,27.59,7.76,0
9630.55,5,1,1,0,0,431,1,1,16.77,5.25,0
1620.98,21,5,1,0,0,868,0,2,18.3,7.04,0
3510.84,2,4,0,0,0,449,0,2,24.8,1.3,0
814.01,8,3,0,1,0,365,0,2,9.18,12.04,0
1975.41,11,2,0,0,0,422,1,0,20.85,13.16,1
2714.68,23,3,2,0,0,110,0,2,16.77,7.9,0
3598.04,19,3,1,0,0,301,0,0,12.88,11.04,0
6025.28,22,5,1,0,0,246,0,2,14.68,7.16,0
16498.57,7,2,1,0,0,651,0,1,20.32,0.54,0
7858.46,6,3,0,0,0,1286,0,1,24.54,2.21,0
9999.32,13,2,0,0,0,168,0,4,27.96,5.64,0
16620.79,8,4,0,0,0,532,0,0,17.83,1.49,0
6622.27,0,2,0,0,0,1203,1,2,23.74,5.71,0
3503.29,19,3,0,0,0,694,0,1,30.99,6.06,0
10504.59,2,2,0,0,0,183,0,0,20.94,15.05,0
11233.55,4,4,0,1,0,880,0,2,25.27,2.98,0
7193.94,22,3,0,1,0,92,1,0,18.78,17.27,1
790.48,17,4,0,1,0,5,0,2,32.24,1.02,0
1504.88,15,2,2,0,0,137,0,2,20.61,2.64,0
2728.22,3,1,0,0,0,350,0,1,10.79,4.14,0
8255.23,6,0,1,1,0,425,0,0,26.71,3.01,0
3560.25,4,4,1,0,0,688,0,1,25.93,5.45,0
12012.61,15,3,0,0,0,1247,0,0,27.86,3.44,0
14486.88,12,3,0,1,0,439,0,5,12.57,9.44,0
12824.71,8,4,0,0,0,1474,0,2,18.75,6.66,0
12910.78,17,2,1,0,0,347,0,3,10.18,5.56,0
1225.56,18,3,0,0,0,466,0,1,6.07,12.32,0
6043.67,17,0,1,0,0,69,0,2,16.9,7.36,0
1923.87,2,5,0,1,0,915,0,4,19.34,8.81,0
644.5,14,2,0,0,0,590,0,1,16.39,7.49,0
2692.31,5,3,2,0,0,433,0,1,19.87,9.69,0
14632.11,6,5,0,0,0,461,0,0,22.82,1.54,0
5906.33,23,2,0,1,0,55,0,0,33.47,5.7,0
30293.85,9,4,0,0,0,400,0,3,18.1,4.79,0
4385.64,18,0,3,0,0,161,0,2,6.31,8.17,0
47581.19,5,1,3,0,0,608,0,0,9.18,2.46,0
4386.98,23,1,2,0,0,354,0,0,17.78,15.25,1
3727.91,6,2,0,0,0,181,1,2,17.7,7.38,0
950.17,4,2,0,0,0,413,0,0,16.83,9.45,0
11685.35,7,4,3,0,0,75,1,2,31.53,6.35,1
2149.02,4,4,0,0,0,18,0,3,15.24,9.25,0
1845.67,14,4,1,0,0,500,0,2,17.1,4.08,0
13978.73,3,2,0,0,0,585,1,1,22.35,2.04,0
12284.99,4,3,0,1,0,888,0,0,13.12,8.51,0
11952.0,16,2,0,0,0,491,0,2,13.9,15.3,0
2489.16,1,3,0,0,0,475,0,1,24.98,20.54,1
3451.19,10,3,0,0,0,454,0,0,20.3,8.17,0
3419.17,16,2,0,0,0,133,0,1,19.93,20.13,1
8280.38,10,2,1,0,0,299,0,3,10.74,0.94,0
18606.07,0,2,1,1,0,51,0,1,29.44,1.96,0
5359.11,3,1,1,0,0,596,0,1,32.7,11.47,1
28958.98,23,7,0,0,0,251,0,0,4.24,12.65,1
9339.93,18,7,2,0,0,661,0,2,15.15,1.58,0
2845.4,8,2,2,0,0,239,1,3,14.18,9.45,1
8691.9,20,1,2,0,0,156,0,2,16.1,15.32,1
21834.3,0,2,0,0,0,330,0,1,15.67,22.62,1
29679.25,1,5,2,0,0,199,0,4,11.29,5.99,1
12660.42,21,2,1,0,0,904,0,1,16.8,3.43,0
3740.44,16,1,1,0,0,444,0,0,10.85,1.37,0
2900.02,14,1,0,0,0,224,0,2,13.68,6.45,0
6666.65,8,5,1,0,0,512,0,2,21.82,3.83,0
21113.61,19,3,1,0,0,282,0,2,11.63,24.27,1
5741.4,14,2,1,0,0,358,0,2,18.9,4.39,0
5867.94,10,4,1,0,0,264,1,3,25.92,2.92,0
3842.84,9,7,1,1,0,373,0,1,18.2,6.42,0
2580.44,8,2,0,0,0,328,0,1,19.63,5.01,0
3071.0,13,2,0,0,0,334,0,3,23.0,5.6,0
4197.3,15,2,0,0,0,74,0,2,18.74,7.56,0
22114.86,19,2,0,0,1,327,0,0,15.03,0.54,0
2830.76,9,4,1,0,0,314,0,2,21.3,13.09,0
3847.75,6,2,1,0,1,478,0,2,14.92,10.97,0
1467.56,13,1,0,0,0,795,0,2,10.82,2.32,0
7726.9,14,4,0,0,0,365,0,1,21.53,3.67,0
15290.9,6,1,1,1,0,121,0,0,18.16,6.63,0
20044.75,1,2,1,0,0,520,0,3,14.64,1.38,0
4507.66,7,4,0,0,0,487,0,2,27.12,6.48,0
6654.66,1,3,1,1,0,654,0,2,20.23,7.53,0
3098.81,1,3,2,0,0,144,0,0,23.51,8.02,0
6338.64,23,2,0,0,0,403,0,3,19.3,1.36,0
5062.74,18,3,1,0,0,854,0,3,24.23,6.38,0
3870.65,0,5,1,0,0,140,0,1,15.06,2.83,0
4207.57,8,0,0,0,0,351,0,1,9.74,2.19,0
5851.88,6,2,0,0,0,244,0,1,14.63,5.15,0
2673.49,23,0,1,0,0,460,0,2,23.33,5.19,0
2822.5,10,5,0,0,0,480,0,1,10.0,2.09,0
21866.92,6,1,1,0,0,361,0,3,19.32,4.63,0
62697.33,15,0,1,1,0,108,0,1,20.8,3.57,0
1028.05,11,1,1,0,0,486,0,5,26.2,8.76,0
970.25,4,4,1,0,0,358,0,3,24.8,12.55,0
1332.74,7,3,2,0,0,50,0,2,13.19,3.21,0
3266.74,3,2,1,0,0,578,0,0,12.96,13.52,0
9326.08,16,3,3,1,0,718,0,0,33.71,2.89,0
6773.79,23,2,1,1,0,997,2,2,31.19,8.44,1
4361.77,19,5,1,0,0,358,0,2,11.54,17.69,1
6344.75,9,3,0,0,0,112,0,2,13.93,6.65,0
1760.42,11,4,3,0,0,542,0,1,23.09,8.92,1
2817.69,1,5,0,0,0,326,1,0,9.21,3.98,0
3564.93,8,3,1,0,0,294,0,1,16.56,3.23,0
689.92,0,1,1,1,0,1027,0,3,17.37,21.39,1
1075.59,17,6,1,1,1,669,1,2,20.61,5.06,1
1121.43,21,6,0,0,0,752,0,2,24.94,2.29,0
8121.85,4,5,0,0,0,128,0,2,27.75,3.99,0
4710.85,16,1,1,1,0,497,0,2,15.18,2.2,0
6916.15,14,3,0,0,1,1016,0,0,15.13,11.98,0
527.61,10,5,0,0,0,534,0,1,23.21,4.21,0
766.82,17,1,0,0,0,364,0,0,26.58,4.49,0
7305.45,16,2,0,0,1,783,0,1,19.69,3.67,0
196.84,6,1,1,0,0,1031,0,0,25.93,7.18,0
13172.16,19,0,0,0,0,332,0,1,20.47,3.17,0
536.74,15,2,1,1,0,124,0,1,20.09,1.08,0
8826.48,7,4,1,0,0,331,0,2,16.46,2.97,0
1432.23,17,3,0,0,0,648,1,0,11.85,3.72,0
10952.78,15,3,0,0,1,256,0,1,12.24,12.57,0
105722.07,2,0,1,0,0,37,2,1,14.88,8.53,1
334.68,3,6,2,0,0,438,0,0,21.79,9.02,1
7556.37,7,5,0,0,0,1340,0,1,22.22,10.87,0
545.35,1,0,0,0,0,41,0,0,18.96,11.13,0
5699.35,9,5,0,0,0,217,0,1,13.73,2.23,0
2930.39,11,3,0,1,0,206,0,0,19.65,5.18,0
4172.5,18,3,1,0,0,583,0,1,12.85,6.58,0
1397.9,4,2,0,1,0,178,0,0,15.22,14.26,1
8263.21,13,2,0,0,0,254,0,0,17.59,1.91,0
795.7,15,2,0,0,0,151,0,2,17.2,8.87,0
13409.51,10,3,1,0,0,461,0,1,10.46,9.97,0
2369.15,21,2,0,1,0,660,0,1,18.57,9.22,0
834.79,7,3,2,0,0,113,0,0,17.27,5.45,0
19432.14,9,3,0,0,1,160,0,0,24.76,1.1,0
3392.39,0,1,0,0,0,495,0,1,14.39,4.44,0
26984.5,9,3,0,1,0,414,0,1,23.99,0.83,0
13126.97,0,2,0,0,0,205,0,1,27.31,9.65,0
1574.9,23,2,0,0,0,585,0,2,15.94,3.77,0
3330.11,5,3,2,0,0,299,0,3,21.85,3.63,0
4134.37,19,3,1,1,0,265,0,2,28.47,4.98,0
18081.03,2,0,3,0,1,474,0,1,6.76,18.17,1
5764.04,6,7,1,0,1,634,0,1,15.03,7.11,1
4381.33,2,1,0,0,0,1063,0,0,31.3,0.64,0
2951.67,8,3,1,0,0,101,0,3,21.15,4.85,0
3452.71,14,3,0,1,1,319,0,3,22.2,6.1,0
14325.86,10,8,1,1,0,954,0,2,9.94,2.76,0
3655.14,14,2,1,0,0,272,0,0,19.62,2.82,0
2404.87,19,3,0,1,0,227,0,2,19.98,11.77,0
2012.77,1,1,1,0,0,669,0,1,14.97,9.19,0
2035.6,10,4,1,0,0,539,0,4,19.56,6.3,0
835.31,14,2,0,0,0,228,0,2,6.51,6.18,0
1655.91,12,0,0,0,0,921,0,6,26.25,13.73,0
17559.34,3,2,1,0,0,462,0,1,28.0,3.56,0
2930.92,4,4,0,0,0,578,0,4,10.51,2.28,0
7628.39,9,2,0,0,0,441,0,1,19.61,0.86,0
269.7,15,3,1,0,0,268,0,1,13.08,4.37,0
6612.56,23,4,0,0,0,149,1,1,20.94,1.45,0
3073.52,8,2,0,0,0,231,0,3,17.84,3.08,0
2196.21,12,4,0,0,0,168,0,3,16.7,5.22,0
4402.85,7,2,0,0,0,208,0,0,23.42,1.89,0
2163.29,0,1,0,0,0,105,0,1,24.57,6.13,0
391.48,9,2,0,0,0,851,1,2,9.34,4.32,0
9588.89,8,2,1,0,0,604,0,2,26.92,3.55,0
4699.3,3,3,1,0,0,907,0,1,20.71,7.81,0
2618.51,16,2,1,0,1,23,0,1,11.6,3.8,0
1320.16,6,7,1,0,0,290,0,2,18.68,2.74,0
777.94,5,4,0,0,0,199,0,1,15.98,5.01,0
4605.87,9,3,0,1,0,1193,0,3,18.99,12.79,0
19813.39,23,2,0,1,0,548,0,0,17.66,4.85,0
4506.72,15,1,0,0,0,453,0,2,13.59,8.12,0
852.44,10,1,1,0,0,166,0,1,12.63,10.62,0
4611.8,19,4,3,0,0,534,1,3,14.27,14.46,1
3442.63,0,1,0,0,1,623,0,0,12.07,4.85,0
9020.42,8,1,2,0,0,48,0,1,26.06,2.94,0
6884.79,12,4,0,0,0,771,0,1,16.64,6.58,0
158.36,11,4,0,1,0,190,0,2,17.73,5.91,0
6454.32,16,2,1,0,0,243,0,2,22.21,3.55,0
1269.46,16,2,0,0,0,199,0,1,27.74,8.26,0
818.26,10,5,1,0,0,441,0,3,17.57,7.98,0
2987.23,22,2,0,0,0,381,0,0,22.56,1.79,0
5605.59,22,2,1,0,0,348,0,1,18.82,7.59,0
650.17,11,3,3,1,0,67,0,0,19.74,7.59,1
7629.71,21,0,0,0,0,160,0,0,16.34,1.51,0
8115.29,15,3,0,0,1,480,0,2,17.05,11.86,0
3825.04,3,3,2,0,1,457,0,3,22.9,4.61,0
1464.1,2,2,0,0,0,494,0,1,18.06,4.15,0
1302.0,1,3,0,0,0,70,0,2,13.73,7.8,0
10691.76,5,3,0,0,1,386,0,2,18.21,0.35,0
744.87,7,3,0,0,1,789,0,0,15.0,2.03,0
11133.28,1,3,0,0,0,219,0,1,21.71,0.78,0
3061.13,14,4,1,0,0,166,0,2,8.97,5.11,0
3292.41,9,2,0,0,0,44,0,3,21.92,3.53,0
605.77,14,4,0,0,0,628,0,1,22.32,5.51,0
3121.12,12,1,0,0,0,263,1,2,21.7,11.16,0
6934.5,6,3,1,0,1,576,0,1,13.48,4.41,0
894.95,14,6,0,0,0,51,0,2,17.16,2.96,0
6146.07,22,3,1,0,0,365,0,1,20.63,16.79,1
3997.65,7,2,1,0,0,733,0,4,12.84,3.57,0
1852.07,7,3,0,0,0,366,1,1,11.68,5.06,0
8932.1,12,0,0,0,0,450,0,2,17.93,6.86,0
360.55,19,4,1,0,0,171,0,0,18.52,13.42,0
5239.68,12,4,0,0,0,180,0,0,22.23,4.83,0
19938.48,19,3,2,0,1,629,0,2,19.16,0.24,0
16513.61,1,2,0,0,0,393,0,5,5.48,6.33,0
5482.39,2,6,0,0,1,490,0,3,15.44,16.86,1
2652.44,9,3,0,0,0,958,0,1,20.89,9.04,0
1867.6,5,1,0,0,1,980,0,1,13.67,4.06,0
2648.97,0,3,1,0,0,449,0,0,20.16,5.34,0
6444.6,5,3,0,0,0,93,0,1,12.43,2.64,0
1559.93,6,1,0,0,0,382,0,3,16.85,5.29,0
8065.05,22,4,1,1,0,250,1,0,19.62,11.13,1
34194.45,18,3,2,1,0,289,0,0,28.08,2.0,0
3411.89,8,4,1,1,0,356,0,2,16.49,3.53,0
887.48,22,3,0,0,0,821,1,1,20.42,5.0,0
887.15,20,4,2,0,0,389,0,2,15.09,2.27,0
8228.79,6,5,1,0,0,965,0,0,12.35,2.02,0
3419.56,11,3,2,0,0,121,0,1,15.75,2.47,0
9142.35,22,7,0,0,0,418,0,1,15.59,10.3,0
2079.09,10,4,1,0,0,391,1,3,15.91,8.47,1
8709.37,8,2,0,1,0,573,0,1,19.04,4.72,0
3083.39,21,3,0,0,0,265,0,2,16.09,15.67,0
1687.28,15,5,0,0,0,256,0,0,10.75,9.35,0
2389.77,10,3,2,0,0,127,0,1,16.77,9.16,0
1035.97,20,5,0,0,0,830,0,0,22.32,0.71,0
29402.28,17,3,0,0,0,150,1,1,24.85,12.12,1
3290.51,8,1,1,0,0,587,0,0,22.8,4.03,0
7163.4,10,3,0,0,0,329,0,0,20.68,13.12,0
2072.04,1,1,2,0,0,100,0,1,16.63,9.63,0
1206.5,2,3,0,0,0,234,0,2,6.29,4.86,0
2848.15,22,4,0,0,1,386,1,0,11.28,3.05,0
11570.94,1,2,0,0,1,978,0,1,22.25,12.14,1
2107.45,20,5,0,0,0,531,0,1,28.7,9.5,0
1459.63,4,2,1,1,0,1390,0,0,13.14,9.59,1
4286.55,12,7,2,0,0,884,0,0,23.36,9.77,1
6148.56,17,5,1,0,0,902,0,1,14.31,5.57,0
20434.72,23,3,0,0,0,302,0,2,13.67,9.52,0
5278.72,8,0,0,0,0,122,0,4,20.72,5.01,0
7159.48,22,0,1,0,0,59,0,5,14.99,8.15,0
7748.38,10,5,0,1,0,650,0,3,9.75,2.72,0
1085.0,20,3,1,0,0,226,0,1,15.94,4.13,0
1324.12,2,3,1,0,0,139,0,1,16.02,2.38,0
1166.67,6,3,0,0,0,239,0,1,9.27,5.32,0
898.97,14,3,0,1,0,916,0,3,26.51,1.72,0
8393.67,16,3,0,0,0,889,0,0,20.44,10.08,0
4937.19,19,4,0,0,0,233,0,0,14.91,7.81,0
3957.91,8,3,0,0,1,329,0,0,12.41,4.37,0
239.28,14,8,0,0,1,440,0,2,17.91,3.15,0
31516.0,14,2,0,0,0,114,0,3,11.96,7.22,0
1423.7,23,1,0,0,0,644,0,0,18.69,7.88,0
31394.98,2,2,1,0,0,316,0,0,5.04,1.05,0
794.96,0,3,1,0,0,630,0,1,15.8,10.18,0
1551.5,13,3,4,1,0,257,0,2,32.04,7.95,1
360.33,0,0,1,0,0,446,0,1,18.22,8.21,0
5325.34,4,5,0,0,0,827,1,2,7.57,0.93,0
1145.6,12,3,0,0,0,190,0,1,26.87,6.66,0
1180.09,6,7,0,1,0,513,0,1,21.7,4.07,0
861.66,6,0,1,0,0,349,0,1,16.16,7.63,0
8235.61,8,3,1,0,0,335,0,1,23.15,2.14,0
7685.09,16,3,1,0,0,158,0,2,8.28,4.15,0
24407.25,8,4,4,0,0,300,0,1,14.12,5.55,1
1772.26,19,2,0,1,0,942,0,3,21.23,7.62,0
4581.4,3,3,0,0,0,620,0,3,26.73,9.32,0
940.3,2,3,1,0,0,562,0,1,9.88,2.43,0
2561.14,3,3,0,1,0,458,0,2,2.0,1.22,0
2111.62,22,4,0,0,0,215,0,0,20.52,5.05,0
5929.37,6,3,0,0,0,246,1,2,19.49,5.49,0
10592.2,0,7,1,0,0,186,0,1,12.39,4.11,0
10307.43,7,4,1,0,1,225,0,3,19.96,7.21,0
1502.74,16,5,0,0,0,104,0,2,19.76,4.19,0
10387.84,8,2,2,1,0,642,0,3,23.38,7.56,0
3476.25,9,2,2,1,0,399,0,1,24.31,1.85,0
2589.38,2,2,1,0,0,230,0,4,14.78,3.43,0
1730.32,16,11,0,0,0,458,0,0,18.63,9.23,0
2022.46,5,5,0,1,0,374,0,3,13.97,1.35,0
22684.33,2,2,0,0,0,340,0,2,21.03,6.61,0
5028.02,17,5,0,0,0,1311,0,0,15.49,6.94,0
4373.6,22,1,1,1,0,118,0,0,27.56,4.75,0
2764.57,14,1,1,1,0,342,0,1,17.74,6.91,0
47490.15,22,4,1,0,0,444,0,1,13.06,5.97,0
14332.16,9,1,1,0,0,871,0,2,12.72,5.01,0
1707.67,12,3,1,0,0,283,0,2,15.02,16.21,1
2731.77,8,1,3,1,0,159,1,3,19.25,8.1,1
2907.48,12,0,0,0,0,413,0,4,25.26,2.05,0
4243.59,21,5,1,1,0,603,0,4,20.02,2.8,0
1743.61,15,8,2,0,0,395,1,1,18.91,7.46,1
5771.9,0,2,0,0,0,316,0,1,14.43,2.34,0
16725.55,13,4,0,1,0,550,0,0,12.93,4.26,0
916.62,9,3,0,0,0,915,0,1,7.79,3.31,0
1113.7,13,2,2,0,0,402,1,0,22.5,6.82,1
2192.25,13,1,0,1,0,396,0,1,15.27,4.3,0
2301.61,14,3,3,1,0,584,0,1,22.17,14.81,1
29684.76,20,5,0,0,0,1153,0,3,17.43,10.06,0
10423.26,20,3,0,0,0,322,0,0,9.51,11.58,0
9813.74,23,2,1,1,0,696,0,1,15.26,11.96,0
2758.43,14,3,0,0,0,106,0,0,27.48,3.72,0
2695.59,6,9,0,0,0,484,0,1,23.75,1.41,0
792.91,4,6,0,0,0,174,0,0,10.11,10.09,0
8273.62,20,1,2,0,0,117,0,2,11.56,7.65,0
6097.34,21,2,1,0,0,289,0,2,22.36,7.33,0
14048.87,0,2,1,0,0,730,0,1,17.21,5.8,0
2917.93,5,1,0,0,0,131,0,2,26.04,3.99,0
3137.34,16,5,2,0,0,297,0,0,20.18,2.54,0
4352.68,3,3,0,0,0,359,1,1,2.01,3.3,0
9288.13,1,3,3,0,1,344,0,3,9.37,5.18,1
777.65,23,2,1,0,0,79,0,0,11.98,3.24,0
7886.12,2,4,2,0,0,404,0,3,23.26,3.59,0
3563.43,5,1,0,0,1,97,0,0,30.12,7.65,0
1198.03,23,4,3,0,0,295,0,0,21.2,4.49,0
407.96,2,2,2,0,0,389,0,5,11.48,1.93,0
3154.87,19,2,2,0,1,197,0,1,28.86,3.5,0
16648.89,13,5,2,1,0,366,0,0,16.52,5.65,0
21129.36,12,3,0,0,0,393,0,2,20.9,8.97,0
5287.73,19,6,0,0,0,375,0,4,32.17,4.64,0
28569.81,0,3,1,0,0,240,0,1,15.98,7.4,0
3480.43,1,1,1,0,0,383,0,2,13.36,5.42,0
9906.72,4,5,1,0,0,181,0,2,26.83,14.28,1
2266.99,11,3,0,0,0,133,0,3,13.08,10.77,0
2121.06,23,4,0,0,0,134,0,0,10.17,4.58,0
1787.58,1,0,0,0,1,1089,2,1,26.56,10.42,1
418.4,10,3,1,0,0,200,0,1,18.75,4.31,0
14065.03,10,2,3,0,0,90,0,2,20.3,8.01,0
1856.2,4,3,0,1,0,326,0,2,23.6,6.71,0
1569.46,8,0,0,0,0,384,0,1,33.17,2.82,0
1054.72,4,0,1,0,0,192,0,1,22.55,8.96,0
2937.82,3,1,2,0,0,327,0,0,24.11,2.87,0
23194.42,12,5,0,1,0,83,0,1,6.72,2.89,0
32809.32,22,3,0,0,0,75,0,0,26.71,6.99,0
636.57,9,3,1,0,0,158,0,2,28.14,14.58,0
2509.48,15,3,0,1,0,811,0,3,10.68,9.69,0
1228.96,16,1,0,0,0,208,0,1,16.74,7.89,0
10277.93,20,2,1,0,0,438,1,1,21.58,18.23,1
4919.31,19,3,2,0,1,421,0,0,25.83,4.99,0
1866.09,21,2,1,0,1,234,0,2,6.45,8.35,0
3929.24,19,3,0,1,0,485,0,4,16.97,4.73,0
2205.5,22,3,0,0,0,885,0,1,11.57,8.61,0
19830.14,23,2,0,0,0,299,0,0,2.03,5.04,0
6465.96,17,3,1,0,0,318,0,0,21.49,7.5,0
7356.32,11,1,1,0,0,461,0,2,16.06,4.05,0
221.35,7,3,1,0,0,542,0,2,22.4,5.01,0
3394.36,13,3,0,0,0,527,0,4,14.07,6.67,0
32447.27,19,3,1,0,0,902,0,1,22.38,5.16,0
14653.52,18,4,2,0,0,230,1,0,11.79,13.34,1
523.51,12,2,1,1,0,423,0,1,9.95,4.1,0
2619.93,1,3,0,0,0,184,0,0,19.0,5.1,0
1031.12,6,3,2,0,0,298,0,1,14.78,5.32,0
21952.95,13,3,3,0,0,397,0,2,10.19,6.4,0
4705.52,9,2,1,0,0,210,0,0,15.93,10.72,0
1625.9,10,1,2,0,0,461,0,0,8.6,1.67,0
3773.91,7,7,2,0,0,588,0,0,19.56,0.82,0
235.63,1,3,1,0,0,149,1,1,14.52,4.62,0
1165.37,11,4,0,0,1,486,0,0,16.32,8.37,0
3782.97,10,2,1,0,0,169,0,2,17.26,18.48,1
8848.11,18,4,1,0,0,268,0,2,17.5,5.0,0
474.2,2,4,0,0,0,569,0,3,13.35,4.71,0
2440.08,11,5,2,0,0,390,0,1,10.36,14.31,1
10510.92,20,5,0,0,0,329,0,1,20.21,1.76,0
793.12,6,2,0,0,0,91,0,2,20.57,2.86,0
4631.53,7,2,0,0,0,986,1,3,16.66,1.78,0
3902.11,2,3,2,0,1,274,0,2,13.15,6.86,1
22028.65,13,4,0,0,0,241,0,2,17.8,16.37,0
2859.37,20,3,0,0,0,174,0,2,13.34,12.51,0
3040.63,11,3,0,0,0,765,0,1,18.54,3.61,0
8934.79,10,2,1,0,0,554,0,1,7.05,7.24,0
904.46,17,1,0,0,0,593,1,1,15.3,3.2,0
2887.29,10,2,0,0,0,118,0,1,18.64,3.47,0
2256.32,9,2,0,0,0,435,0,1,24.79,2.77,0
3146.8,18,3,0,1,1,287,0,3,13.53,1.51,0
8873.52,6,2,0,1,0,386,0,3,28.88,1.31,0
6515.05,20,2,0,0,0,412,1,3,25.81,9.39,0
1658.86,6,2,0,0,0,288,0,2,16.53,3.16,0
4202.92,12,1,0,0,0,953,0,0,20.0,1.99,0
17412.85,6,4,0,0,0,756,0,2,19.64,2.79,0
1520.91,15,1,0,1,0,314,0,0,7.19,1.82,0
4240.45,10,5,2,0,0,613,0,1,21.91,3.12,0
2972.57,5,3,0,0,0,152,0,1,12.61,4.32,0
3407.88,17,3,0,0,0,82,0,1,20.85,9.41,0
657.08,22,3,0,0,0,482,0,2,20.0,6.35,0
16015.32,0,3,0,1,0,139,0,2,13.69,2.91,0
1614.74,13,1,0,0,0,68,0,1,18.1,1.09,0
10693.33,17,6,1,0,0,380,0,1,18.4,3.26,0
1896.1,17,4,1,0,0,571,0,2,12.05,3.17,0
1887.9,5,2,1,0,1,200,0,4,8.99,1.19,0
13013.98,2,3,2,0,0,359,0,2,2.0,9.69,1
10337.97,12,0,0,0,0,328,0,6,14.95,2.6,0
4532.82,15,1,1,0,0,485,1,0,20.73,12.83,1
8096.67,6,1,0,0,1,677,0,1,12.88,16.09,1
2689.26,8,2,1,0,0,230,0,1,19.39,6.07,0
3609.1,12,1,1,0,0,187,0,1,26.73,12.06,0
1817.64,10,2,3,0,0,556,0,1,18.78,8.97,0
9407.55,11,1,1,0,0,475,0,1,19.51,3.48,0
1757.97,16,0,3,0,0,302,0,2,12.18,8.93,1
17316.48,23,4,0,0,0,468,0,1,20.07,7.56,0
2613.31,19,8,0,0,0,295,0,2,20.27,2.65,0
3720.2,0,5,1,0,0,163,0,3,19.67,4.06,0
8076.1,8,4,0,0,0,1606,0,2,17.69,5.72,0
3733.34,0,2,0,0,0,166,0,2,24.28,7.31,0
2662.97,20,6,0,0,0,545,0,0,5.84,4.11,0
3527.96,15,2,0,0,0,216,0,3,16.7,9.82,0
9306.88,5,3,0,0,0,260,0,2,18.82,18.17,0
1815.3,20,2,0,1,0,235,0,2,9.34,7.67,0
3188.96,13,3,2,0,0,178,0,1,24.73,6.82,0
3680.49,1,1,1,1,0,145,0,1,15.35,6.17,0
9025.55,3,0,0,1,0,516,0,2,21.57,12.72,0
3278.57,19,3,2,0,0,281,0,0,18.43,13.69,1
24311.73,6,3,1,0,0,608,2,2,14.19,8.89,1
3089.1,12,3,0,0,0,358,0,3,15.56,17.82,0
2836.8,21,1,0,0,0,378,1,1,19.85,7.97,0
3042.44,6,5,1,1,0,616,0,0,9.8,10.85,0
913.72,0,7,0,0,1,296,0,3,16.97,12.4,1
1225.91,2,2,0,0,0,167,0,1,20.05,14.82,0
2085.57,21,1,0,0,0,645,0,2,18.0,8.53,0
11999.51,14,1,1,0,0,170,0,1,9.77,3.96,0
3516.49,7,6,1,0,0,216,0,1,20.52,5.71,0
2188.83,1,4,0,0,0,311,0,1,15.05,4.16,0
13198.54,16,2,1,0,0,802,0,1,23.9,11.68,0
18559.48,0,2,0,0,0,175,0,2,26.59,8.97,0
13604.44,2,4,1,0,0,286,0,1,13.34,1.7,0
1486.61,14,2,1,1,0,160,0,2,12.87,4.7,0
2164.6,15,2,0,0,1,87,0,0,15.55,7.88,0
24450.91,13,4,0,1,0,2309,0,2,20.26,9.66,0
4690.04,21,1,0,0,0,516,0,0,14.84,5.41,0
2749.0,6,2,1,0,0,313,0,7,12.5,1.16,0
7740.84,13,1,0,0,0,623,0,2,20.75,3.92,0
10484.61,7,2,0,0,0,702,0,4,14.08,2.89,0
1998.15,8,2,0,0,0,322,0,3,28.23,4.71,0
4584.39,3,4,2,0,1,464,0,3,12.03,4.9,1
9632.4,19,0,1,0,0,948,0,0,15.56,19.13,1
1076.75,16,4,1,0,0,370,0,1,10.07,10.59,0
3688.45,17,2,0,1,0,281,1,0,20.13,6.22,0
1129.91,3,2,0,0,0,333,1,1,12.5,2.73,0
1296.26,2,1,2,1,0,728,0,1,19.32,2.06,0
2015.75,18,3,0,0,0,148,0,2,27.15,5.06,0
6008.77,15,1,1,0,0,177,0,0,11.17,6.86,0
2596.39,0,3,0,0,0,287,0,1,26.43,12.07,0
1843.02,15,5,0,0,0,797,1,3,29.55,0.69,0
3843.48,23,6,0,0,1,207,0,1,28.87,1.39,0
1091.92,18,3,1,0,0,761,0,3,29.27,11.56,0
5711.54,6,2,0,1,0,160,0,2,23.2,2.56,0
11943.66,7,2,2,0,0,600,0,0,11.25,5.67,0
3350.4,18,1,1,0,0,138,0,1,12.4,10.38,0
2943.1,9,5,0,0,0,201,2,1,9.3,2.4,0
5388.99,17,8,1,0,0,222,0,1,19.61,5.9,0
432.73,23,7,0,1,0,461,0,3,6.99,3.49,0
6397.47,9,2,0,0,0,834,0,0,21.3,4.94,0
94559.08,13,3,2,0,0,134,0,1,24.22,5.27,1
3200.91,11,1,1,0,0,741,1,0,12.01,7.09,0
3212.87,12,0,1,0,0,570,0,2,12.84,4.39,0
7948.89,1,1,2,0,0,199,0,2,2.0,3.23,0
20488.1,23,7,1,0,0,298,0,1,17.47,12.74,1
10134.66,12,6,0,0,0,240,0,3,22.25,0.54,0
378.65,5,4,0,0,0,415,0,3,21.76,5.4,0
6578.54,13,0,2,0,0,549,0,5,8.5,6.58,0
54204.9,9,3,0,0,0,185,1,1,19.01,8.96,1
6999.28,19,2,1,0,0,91,0,1,16.52,3.45,0
1083.19,18,4,0,0,0,147,0,1,11.85,4.75,0
4894.76,9,2,1,0,0,310,0,0,11.91,10.46,0
948.88,17,1,0,1,0,101,0,1,22.24,6.37,0
13285.7,0,6,0,1,0,284,0,0,12.5,12.11,1
1334.52,23,5,0,1,0,70,0,1,19.46,7.47,0
3936.14,12,2,1,0,0,282,0,1,19.96,3.94,0
1479.31,15,3,0,0,0,935,0,5,10.54,7.81,0
2051.3,15,4,0,0,0,372,0,3,30.94,7.05,0
17334.57,7,1,0,0,0,396,0,1,13.71,3.26,0
4058.75,16,2,0,0,0,478,0,3,12.57,5.01,0
2024.01,9,0,1,1,0,305,0,2,10.97,3.95,0
1093.91,16,7,0,0,0,683,0,0,18.1,3.44,0
510.15,2,2,1,0,0,584,0,1,13.59,5.97,0
978.63,3,2,0,0,0,622,0,1,20.81,1.3,0
4095.14,22,6,0,0,0,161,0,0,22.62,3.8,0
10190.85,17,3,1,0,0,186,0,1,20.79,3.51,0
2021.57,3,3,1,0,0,815,1,3,15.73,7.24,1
18940.75,5,2,1,0,0,1109,0,2,6.27,10.96,0
1714.07,13,3,1,1,0,314,0,2,4.78,8.73,0
2835.82,0,2,0,0,0,681,1,0,30.65,8.93,1
1171.97,9,1,0,0,0,151,0,1,24.31,5.52,0
10304.13,7,4,0,0,0,439,0,0,8.09,16.66,0
32938.13,3,1,0,0,0,134,0,0,16.37,3.51,0
572.55,7,3,0,1,0,790,0,1,17.46,6.51,0
2531.41,7,0,0,0,1,489,0,4,29.88,9.27,0
13739.34,1,3,1,0,0,373,1,2,17.72,11.06,1
796.88,15,6,0,0,0,364,0,0,11.16,3.15,0
6601.28,6,1,1,1,0,738,0,0,13.2,0.32,0
13128.57,0,0,1,0,0,264,1,1,21.23,11.18,1
3952.65,0,8,1,0,0,346,0,2,24.81,5.03,0
6488.43,23,4,1,0,0,267,0,3,23.16,11.19,0
23131.43,2,2,0,1,0,246,0,0,11.61,4.67,0
28165.35,21,2,3,0,0,218,0,1,13.17,0.46,0
3411.59,3,2,3,0,0,189,0,0,19.71,6.25,0
2081.83,2,1,1,0,0,820,0,3,23.36,13.29,1
1385.78,13,2,0,1,0,500,0,0,14.43,4.98,0
10155.92,20,3,1,0,1,190,0,2,22.02,7.04,0
862.33,1,2,0,1,0,345,0,1,22.53,4.87,0
2792.79,7,1,2,0,0,483,0,1,18.76,12.62,0
4055.48,18,4,1,0,0,1086,0,0,12.63,14.15,0
2147.04,1,4,1,0,0,555,0,3,11.43,5.51,0
4884.45,4,3,1,0,1,436,0,0,21.75,4.87,0
53784.41,7,2,1,0,0,130,0,2,13.09,3.31,0
3204.53,19,2,2,0,0,606,0,1,20.17,13.56,0
2304.97,19,4,1,0,0,603,0,0,18.59,7.35,0
10573.42,17,4,1,0,0,209,0,3,4.77,5.05,0
4682.38,15,1,2,1,0,412,0,4,18.72,2.93,0
16503.08,0,1,1,0,0,232,0,1,16.93,13.61,1
4328.26,5,1,0,0,0,782,0,0,12.46,11.97,0
2804.99,22,2,0,0,0,698,0,6,11.14,14.55,0
559.53,17,5,1,0,0,600,0,2,28.12,5.57,0
664.66,5,4,1,0,0,31,0,2,15.51,5.0,0
529.81,16,3,1,0,0,422,0,0,14.34,2.48,0
5422.47,17,0,0,0,0,253,0,0,21.48,6.81,0
871.0,17,0,0,0,0,303,0,2,18.8,4.8,0
13607.23,23,2,1,0,0,309,1,3,14.64,5.05,0
3758.44,12,3,1,1,0,433,0,1,22.41,3.01,0
2817.5,1,6,0,0,1,804,0,1,21.38,8.33,0
1501.1,19,0,1,0,0,496,0,1,18.95,4.98,0
6997.94,0,3,2,0,0,1518,0,4,15.89,2.47,0
1564.43,15,4,1,1,0,488,0,1,20.22,5.73,0
1293.82,19,2,2,0,0,137,0,1,20.62,9.52,0
12679.82,3,3,0,1,0,161,0,1,14.58,15.3,1
5283.54,19,2,0,0,0,70,0,1,17.36,8.11,0
2845.02,19,4,2,0,0,700,0,1,21.32,12.29,1
7140.26,15,2,2,0,1,284,0,3,12.26,2.36,0
3675.26,7,3,1,0,0,324,0,1,9.81,4.52,0
5443.43,4,2,2,0,0,251,0,2,11.92,1.9,0
1544.27,16,5,0,0,0,2296,0,0,15.06,2.79,0
32013.68,3,0,0,1,0,80,0,0,18.02,11.34,1
1981.08,16,3,1,0,0,136,0,1,12.05,0.34,0
18654.02,4,3,0,0,0,626,1,1,20.31,2.03,0
2985.99,8,3,1,0,0,156,0,2,8.2,8.19,0
8496.86,12,3,1,1,1,298,0,0,4.91,3.61,0
7870.95,3,3,1,0,1,663,0,0,18.23,1.63,0
12139.19,19,9,0,0,0,431,0,1,29.4,1.44,0
1506.2,16,3,0,0,0,1443,0,0,15.88,2.27,0
11264.56,0,4,1,0,0,425,0,0,14.48,7.07,0
25305.12,20,1,1,0,0,600,0,2,13.68,2.69,0
2774.91,17,1,1,0,0,470,0,1,10.79,10.06,0
3776.08,20,3,0,0,0,1139,0,2,18.81,5.49,0
2101.45,14,3,0,1,0,127,0,2,23.79,4.54,0
2530.68,15,1,0,0,1,77,1,1,9.11,4.94,0
21960.35,9,2,2,0,0,194,0,1,26.45,20.47,1
1268.45,5,5,0,0,0,420,0,0,23.68,2.63,0
1353.94,5,3,0,1,0,495,0,2,13.78,5.15,0
19760.61,7,4,0,0,0,93,0,2,21.2,4.46,0
7014.79,6,6,0,0,0,343,0,1,8.13,4.16,0
33738.29,18,5,0,0,0,607,0,2,28.96,5.49,0
2268.88,12,2,0,0,0,120,0,2,12.07,3.43,0
4157.19,9,4,1,1,0,1549,0,1,18.74,9.97,0
1819.45,17,5,1,0,0,100,0,1,11.99,3.64,0
4232.15,17,0,0,0,0,373,0,3,23.68,11.44,0
565.21,22,1,0,1,0,119,1,1,10.88,5.24,0
7474.12,7,2,2,0,0,1084,0,2,13.39,5.09,0
5113.54,5,4,0,0,0,341,0,1,15.11,3.22,0
3427.44,0,1,0,0,0,936,1,1,18.36,7.26,0
2416.6,3,4,1,0,0,483,1,0,21.41,10.85,1
1422.98,14,0,2,0,0,596,0,1,16.37,2.27,0
7817.33,19,4,0,1,0,612,0,2,13.18,6.54,0
1064.6,14,2,2,0,0,717,0,2,21.15,7.57,0
6232.24,23,2,2,0,0,205,0,2,16.97,1.39,0
32150.2,15,1,0,0,0,748,0,1,11.84,3.84,0
17323.12,21,4,2,1,0,273,0,1,14.96,10.1,1
749.66,6,3,0,0,0,228,0,1,17.52,3.48,0
2072.32,7,7,0,0,1,392,0,2,8.47,10.33,1
5667.61,19,3,0,0,0,188,0,0,12.02,14.24,0
3381.94,15,1,0,0,0,478,0,0,15.55,18.53,0
837.67,11,4,1,0,0,547,0,0,13.43,0.39,0
5456.6,22,3,0,0,0,770,0,2,10.79,2.33,0
3602.86,18,0,1,0,0,344,0,2,26.51,9.64,0
27174.7,7,5,0,0,0,383,0,2,18.62,2.22,0
2790.87,14,2,1,0,0,654,0,0,14.22,8.18,0
12411.81,9,1,0,1,0,384,0,0,23.87,0.84,0
962.52,9,4,0,0,0,116,0,4,20.89,2.19,0
1237.18,19,2,1,0,0,266,0,0,14.99,0.69,0
7767.82,16,2,1,1,0,411,0,1,26.71,25.0,1
11360.72,0,6,2,0,0,653,0,1,19.63,7.12,1
1332.4,13,3,1,1,0,661,0,3,6.72,6.09,0
3734.17,15,4,0,0,0,252,0,0,18.53,3.91,0
853.5,12,3,0,0,0,607,0,1,14.22,15.83,0
3010.07,7,3,1,0,0,286,0,0,10.69,6.55,0
8767.17,15,3,0,1,0,215,0,2,8.76,6.03,0
2306.06,22,3,4,0,0,189,0,1,12.87,13.3,1
2803.19,2,4,0,1,0,474,0,1,17.27,1.57,0
1111.78,14,4,0,0,0,541,0,3,15.4,9.29,0
1843.14,21,4,3,0,0,716,0,2,19.99,3.42,0
23063.73,9,3,2,0,1,588,0,2,24.55,5.18,0
3930.69,8,4,1,1,0,130,0,3,14.95,5.48,0
1271.02,5,1,0,1,0,839,0,2,16.49,2.79,0
2616.23,5,3,0,0,0,511,0,2,21.04,0.95,0
680.41,9,1,3,0,0,1195,0,1,22.18,0.41,0
1255.3,18,3,0,0,0,765,0,1,17.13,11.48,0
15189.46,4,0,0,1,0,194,0,3,15.44,10.0,0
3135.03,5,3,0,0,0,584,1,0,8.76,7.36,0
26509.72,23,0,0,0,0,167,0,1,19.35,3.33,0
3294.09,23,6,0,0,1,396,0,1,24.52,0.77,0
3505.97,5,0,1,0,0,94,0,1,22.39,6.34,0
7136.22,10,2,0,0,0,268,0,3,27.54,1.65,0
220.03,9,4,0,0,0,521,0,0,19.7,6.22,0
4515.12,7,1,0,0,0,167,0,2,24.74,21.63,1
3458.41,3,4,0,0,0,162,0,1,18.79,4.71,0
17332.54,1,2,1,0,0,617,0,2,16.41,0.33,0
10025.76,14,7,0,1,0,265,0,3,8.38,2.59,0
1107.24,1,4,1,0,0,228,0,2,25.83,15.08,1
13416.57,14,1,0,0,0,124,0,1,24.41,4.5,0
2764.37,2,2,3,0,0,577,0,1,12.23,0.59,0
1408.56,3,3,0,1,0,176,0,0,16.87,7.41,0
4478.12,0,4,0,0,0,288,0,3,7.3,4.89,0
2942.73,9,3,0,0,0,830,0,1,12.68,12.91,0
18313.4,7,3,3,0,0,425,0,1,11.98,8.79,1
5206.45,7,2,1,0,0,653,0,1,16.05,3.05,0
4518.53,7,1,1,0,0,875,0,0,27.18,11.15,0
9373.85,22,3,0,1,1,175,1,0,14.94,8.2,1
11470.29,10,0,2,0,0,183,0,0,25.36,6.54,0
8289.84,19,1,0,0,1,186,0,2,19.21,2.99,0
16162.3,5,2,1,0,1,598,0,0,11.56,3.99,0
6898.9,11,3,1,0,0,643,0,2,12.63,10.21,0
4341.76,1,6,1,0,0,156,0,1,11.25,7.18,0
13374.84,6,1,0,0,0,41,0,1,18.97,4.36,0
3309.52,1,0,0,1,0,58,0,7,2.42,9.5,1
3770.3,0,1,0,0,0,929,0,2,25.92,6.09,0
22195.74,4,2,3,1,0,510,1,4,17.4,13.22,1
19990.66,3,0,0,0,0,1015,0,0,19.07,4.66,0
3609.83,7,5,2,0,0,61,0,2,23.38,6.31,0
2261.47,17,4,0,0,0,145,0,1,25.1,7.4,0
16921.36,3,2,1,0,0,531,0,1,19.78,0.99,0
8437.48,14,0,2,0,1,905,0,1,24.85,8.8,1
5071.34,8,1,0,0,0,309,0,2,13.55,6.52,0
2596.8,9,5,1,0,0,243,0,1,23.41,1.65,0
5157.88,22,1,0,1,0,471,0,1,11.69,3.61,0
3558.9,11,4,0,1,0,279,0,0,23.18,2.95,0
1812.47,6,2,1,0,0,301,1,1,21.86,5.14,0
4169.26,5,2,1,0,0,34,0,1,25.33,10.24,0
4811.17,4,3,0,0,0,365,0,2,6.61,1.76,0
2454.88,19,3,1,0,0,340,0,7,24.03,8.28,0
9405.19,15,2,0,0,0,676,0,2,19.72,2.1,0
14090.75,6,2,0,0,1,870,0,0,17.85,10.24,1
10080.85,11,3,0,0,0,387,0,2,15.81,3.0,0
2724.22,12,3,0,1,0,109,0,0,16.68,1.16,0
8051.49,1,5,0,0,0,699,0,2,31.87,2.38,0
3951.54,21,4,1,0,0,151,1,2,17.11,3.82,0
994.73,18,2,1,0,0,921,0,2,20.54,8.16,0
7378.8,12,4,0,1,0,149,0,2,22.32,9.04,0
4244.75,17,0,0,0,0,192,0,2,14.08,0.36,0
55449.36,2,3,0,1,0,640,0,1,24.38,1.23,0
16816.81,23,2,1,0,0,235,0,2,13.63,10.82,0
7682.56,15,0,0,1,1,341,0,2,24.67,10.69,0
4729.76,22,1,0,0,0,527,0,1,13.38,4.9,0
4323.88,20,3,0,0,1,713,0,1,15.31,7.74,0
1269.18,14,0,1,0,0,326,0,1,22.65,10.71,0
586.44,6,1,1,0,0,441,0,1,19.46,0.72,0
1456.53,16,8,3,0,0,355,0,1,21.03,1.97,1
3463.02,12,3,0,1,0,683,0,1,11.95,4.88,0
399.09,9,1,1,0,0,122,0,2,27.78,7.05,0
2055.89,17,5,0,1,0,492,0,2,8.37,1.29,0
2807.38,21,0,0,0,0,321,0,3,24.38,10.81,0
2903.88,4,4,0,0,0,271,0,0,21.56,6.31,0
1817.45,13,2,0,0,0,250,0,3,14.61,1.99,0
2543.79,18,8,2,0,0,255,0,0,20.09,3.89,0
22249.8,7,2,1,0,0,267,0,2,21.55,7.35,0
7297.25,8,4,1,0,1,92,0,2,16.87,11.1,1
2021.68,0,3,1,1,0,640,0,2,15.03,4.85,0
3388.81,7,0,0,0,0,210,0,0,21.59,6.76,0
3534.3,14,2,0,0,0,234,0,2,28.39,3.33,0
1625.62,23,1,1,0,0,183,0,1,14.08,5.56,0
1623.62,12,1,0,0,0,810,0,1,22.83,1.89,0
10520.18,6,4,1,0,0,218,1,1,21.55,4.23,0
2343.09,19,4,1,0,0,294,0,1,29.98,3.4,0
1153.51,4,2,0,0,0,145,0,0,26.33,5.2,0
3479.7,4,5,2,1,0,483,0,1,24.74,7.86,1
4121.24,12,3,0,0,0,475,1,1,28.19,6.8,0
458.82,19,0,0,0,0,444,1,2,20.02,5.87,0
3488.46,5,2,0,0,0,280,1,0,17.21,1.04,0
9057.78,0,1,2,1,0,476,0,0,23.84,0.87,0
5847.62,17,1,0,0,0,355,0,2,14.06,12.93,0
37846.16,14,2,0,0,0,147,0,1,26.72,14.35,0
13543.54,16,3,0,0,0,614,0,1,11.24,4.05,0
16670.25,9,1,1,0,0,945,0,3,11.63,4.39,0
68877.87,2,4,2,0,0,425,0,0,14.21,7.72,1
8071.25,7,3,0,0,0,1140,0,1,12.95,4.42,0
4320.92,11,1,0,1,0,340,0,3,14.19,5.58,0
10121.6,10,4,0,0,0,365,0,2,6.57,11.16,0
2023.94,21,4,2,1,0,184,0,2,13.78,12.79,1
4076.81,5,2,0,0,0,260,0,0,16.67,7.53,0
1844.36,7,3,2,0,0,517,0,1,19.83,3.17,0
5529.67,4,2,2,0,0,245,0,1,17.2,3.1,0
1836.28,13,1,2,0,0,866,0,0,19.84,3.59,0
1769.98,19,3,0,0,0,584,0,1,19.95,4.37,0
5620.34,21,2,0,0,0,426,0,2,9.95,5.62,0
3150.77,5,3,0,0,0,350,0,3,23.59,5.0,0
481.11,10,0,3,1,0,399,0,2,15.01,1.97,0
789.71,17,3,1,0,0,372,0,1,2.95,13.18,0
1091.57,1,2,0,0,0,236,0,1,13.64,7.05,0
1440.69,17,3,0,1,0,200,0,1,19.18,12.67,0
5625.95,3,1,2,0,0,1386,0,1,27.38,3.66,0
4581.98,0,5,0,1,0,599,0,0,25.83,2.48,0
11142.74,2,3,3,0,0,987,0,2,7.29,7.5,1
8026.0,21,4,0,0,0,59,1,1,11.67,1.68,0
11220.5,16,2,2,0,1,14,0,3,20.08,1.06,1
6896.82,18,4,1,1,1,193,0,0,19.61,10.41,1
4537.64,16,3,0,0,1,537,0,4,18.73,2.83,0
11548.6,19,3,2,0,0,193,0,0,20.26,5.34,0
9560.39,11,2,1,0,0,518,1,0,8.18,4.04,0
5404.03,19,3,0,0,0,410,0,2,17.11,2.05,0
13830.42,1,1,0,0,0,250,0,1,17.67,16.82,1
310.11,13,5,2,1,0,562,0,1,11.97,6.18,0
2683.87,18,5,1,0,0,960,0,5,17.44,3.71,0
2641.02,23,4,3,0,0,767,0,3,18.08,3.1,0
12213.74,8,1,0,0,0,610,0,2,17.91,2.42,0
18957.69,4,2,1,0,0,833,0,1,29.48,0.89,0
794.18,17,4,0,0,0,146,0,2,20.05,13.97,0
16022.12,1,1,1,0,0,773,0,2,16.29,1.95,0
1064.2,18,0,1,0,0,303,0,1,12.15,9.52,0
1098.53,16,3,0,0,1,349,1,3,25.28,4.37,0
2846.94,16,0,1,1,0,238,0,1,19.43,7.53,0
2606.81,7,0,0,0,0,756,0,2,14.41,8.61,0
708.86,2,2,0,0,0,239,0,2,9.67,1.83,0
7203.86,14,2,1,0,0,615,1,5,23.32,1.02,0
7430.68,8,2,0,0,0,640,0,2,21.33,8.93,0
11012.03,9,5,1,0,0,218,0,2,13.68,2.49,0
2309.7,4,6,0,0,0,668,0,1,14.19,0.8,0
3492.73,8,3,2,0,0,87,0,1,18.91,4.5,0
3526.47,19,0,1,0,0,807,0,1,24.95,7.9,0
21426.75,21,1,3,0,0,267,0,3,20.22,10.97,1
185.68,8,0,0,1,0,169,0,0,12.86,2.49,0
1333.03,3,3,0,0,0,83,0,0,26.61,2.22,0
3662.19,0,2,0,0,0,628,0,2,19.38,10.96,0
1164.62,4,3,0,0,0,635,0,0,13.99,5.38,0
2775.99,0,3,0,0,0,892,0,2,16.71,12.48,0
3189.5,16,2,2,1,0,391,0,1,19.4,1.14,0
1825.17,15,2,1,0,0,292,0,4,25.19,0.88,0
3895.95,18,1,1,0,0,86,0,3,17.05,9.13,0
7041.36,7,3,0,0,0,372,0,0,9.55,9.77,0
2841.03,19,3,0,0,0,134,0,1,14.37,8.4,0
2262.32,4,2,0,0,0,257,0,1,30.3,12.14,0
3059.32,5,2,0,0,0,827,0,1,29.66,5.38,0
3612.63,21,0,0,0,0,429,1,1,22.04,5.31,0
585.62,21,1,1,0,0,188,1,0,5.54,16.37,1
5911.36,14,1,0,0,0,194,0,1,30.46,5.47,0
2267.54,14,3,1,1,0,290,0,0,13.47,6.01,0
13692.61,16,3,1,0,0,296,0,3,23.37,12.71,0
6772.37,19,3,2,0,0,78,0,1,18.56,7.01,0
12438.72,5,2,1,0,0,187,0,2,22.42,7.06,0
1259.47,1,3,0,1,0,987,1,2,20.79,4.72,0
2465.24,4,2,2,1,0,220,0,1,19.36,7.14,0
987.74,8,3,1,0,0,297,1,0,17.11,3.72,0
1736.37,5,3,1,0,0,316,0,2,11.86,3.32,0
13557.71,12,2,1,0,1,163,0,1,12.78,9.95,0
17358.98,3,3,0,0,0,640,0,1,18.28,3.94,0
1090.57,13,3,0,0,0,249,0,2,15.36,2.04,0
2250.28,17,0,0,0,0,188,0,3,17.97,2.0,0
3361.0,2,4,2,0,1,705,0,2,23.81,1.74,0
6733.74,6,1,1,0,0,216,0,0,22.36,1.11,0
573.75,12,8,0,0,0,535,0,3,20.63,7.82,0
676.44,1,2,0,0,0,170,0,1,20.29,8.97,0
6088.2,15,4,0,1,0,542,0,0,19.65,4.35,0
470.37,18,3,0,0,1,384,0,2,24.75,7.17,0
2277.57,8,3,0,0,0,283,0,0,19.39,3.56,0
4316.48,0,3,1,0,0,124,0,0,13.33,8.9,0
5633.29,12,1,0,0,0,771,0,1,33.28,5.78,0
3137.55,20,3,2,0,0,538,0,1,15.52,7.51,0
2479.86,7,3,0,0,1,680,0,1,8.44,3.23,0
8837.85,20,2,0,0,1,476,0,2,18.25,6.25,0
4912.15,20,2,2,0,0,1622,0,0,11.31,7.35,0
1845.73,6,3,1,0,0,459,0,1,10.66,10.55,0
3788.06,14,2,2,1,0,867,0,0,19.5,6.36,0
5444.32,1,4,2,0,0,308,0,1,20.66,2.4,0
22118.05,13,2,1,0,0,70,0,2,12.85,4.31,0
8313.53,21,1,0,0,0,315,0,0,16.8,8.71,0
13033.58,22,4,0,0,0,27,0,3,25.61,8.35,0
1917.66,4,4,0,0,0,48,0,3,8.12,7.18,0
2099.82,15,2,0,0,0,292,0,0,19.07,4.56,0
2843.67,1,4,1,0,0,276,0,0,14.63,2.08,0
3131.44,6,0,2,0,0,31,0,3,19.79,4.8,0
1263.42,20,4,0,0,0,127,0,1,15.7,7.9,0
13756.0,15,7,2,0,0,715,0,1,10.89,3.08,0
9205.16,9,0,0,0,0,223,0,2,22.06,5.91,0
2641.33,23,2,1,0,0,380,1,1,30.63,5.58,0
7142.34,18,3,0,1,0,473,0,1,22.16,6.28,0
4601.07,0,5,0,0,0,293,0,3,17.87,7.12,0
7752.88,1,1,1,0,0,744,0,1,22.85,18.46,1
887.56,15,5,1,0,0,126,0,1,17.79,2.48,0
3124.58,21,1,1,0,0,506,0,2,28.12,16.98,1
3425.69,3,1,0,0,0,89,0,2,18.94,6.76,0
7008.12,12,0,1,0,0,543,0,1,28.95,1.15,0
1882.09,19,1,1,0,0,318,0,0,23.44,3.63,0
263.77,20,2,0,0,1,310,0,1,21.25,3.94,0
1169.36,15,4,1,0,0,623,0,0,19.89,1.26,0
3414.89,23,2,0,0,0,288,0,1,20.53,8.72,0
3893.56,22,3,0,0,0,355,0,2,10.91,4.79,0
21331.4,20,5,1,0,0,679,0,1,18.33,1.47,0
6713.55,16,2,0,0,0,315,0,0,28.36,6.4,0
3966.37,23,4,0,0,0,466,0,0,15.03,0.79,0
3519.2,0,2,2,0,0,730,0,1,17.11,6.51,0
11607.34,2,1,1,0,0,201,0,0,22.47,13.06,0
1959.38,12,1,0,0,0,501,0,2,9.25,4.35,0
3142.27,16,1,0,0,0,504,0,2,11.97,5.35,0
1160.12,21,2,2,0,0,1089,0,2,27.17,4.72,0
16152.84,16,3,1,0,0,252,0,2,16.79,3.51,0
5497.91,5,5,0,1,1,68,0,3,27.87,3.33,0
1732.12,21,5,2,1,0,455,0,1,23.11,1.07,0
3228.66,1,5,1,0,0,1560,0,4,15.77,12.79,1
6217.56,2,5,1,0,0,375,0,1,25.01,1.36,0
2798.24,17,2,1,1,0,450,0,1,16.4,1.82,0
2077.26,23,4,0,0,0,265,0,2,11.58,6.27,0
1831.72,12,3,0,0,0,196,1,2,27.74,5.89,0
5197.38,3,2,1,0,0,621,1,2,7.99,6.03,1
2499.99,1,2,0,0,0,576,0,1,15.79,6.82,0
2260.98,23,4,0,0,0,368,1,1,10.55,6.16,0
895.28,6,5,0,0,0,229,0,3,18.36,3.8,0
3950.2,15,4,2,0,0,1184,0,2,20.4,6.51,0
3010.06,7,3,1,0,0,338,0,1,22.63,9.37,0
2597.41,5,5,1,0,0,560,0,1,29.97,4.91,0
4485.97,16,2,0,0,1,371,0,3,23.2,4.55,0
7985.66,17,1,0,0,0,372,0,2,18.13,2.7,0
7605.63,11,4,0,0,0,284,0,1,16.73,9.61,0
6505.25,12,2,0,0,0,459,0,1,13.18,12.13,0
2827.92,11,4,1,1,0,254,0,1,19.56,2.34,0
2007.51,14,2,2,0,0,945,0,0,15.44,4.18,0
1216.69,19,1,0,0,0,404,0,2,29.47,6.61,0
1953.12,17,3,1,0,0,660,1,0,20.12,3.01,0
3716.85,6,2,1,0,0,183,0,1,13.77,0.82,0
1594.63,5,1,2,0,0,852,0,2,18.02,6.15,0
4027.33,16,2,0,0,0,278,0,1,24.81,5.5,0
1321.17,15,3,1,0,0,196,0,1,20.27,9.23,0
636.48,8,4,0,0,0,224,0,2,17.47,13.32,0
8607.39,20,3,2,0,0,117,0,2,17.02,4.45,0
2212.47,10,3,1,0,0,437,0,0,21.96,11.82,0
1511.89,8,5,0,0,0,102,0,1,18.64,1.47,0
1154.54,13,3,1,0,0,309,0,1,15.08,7.28,0
5677.05,4,2,0,0,1,228,0,1,19.62,11.67,0
15423.58,16,1,1,0,1,107,0,1,19.37,8.67,0
2384.57,21,2,1,0,0,613,0,0,19.59,7.25,0
2903.46,22,3,1,0,0,102,0,5,24.07,7.32,0
11217.31,10,7,0,0,0,287,0,0,11.46,4.36,0
544.05,6,6,0,0,0,464,1,1,16.34,1.21,0
28716.07,11,5,0,0,0,171,0,1,17.54,7.41,0
47396.58,2,3,1,0,0,510,0,2,14.62,3.23,0
212.37,16,3,0,0,0,87,0,1,13.37,2.03,0
3286.64,10,1,1,1,0,273,1,2,19.34,2.54,0
1711.47,2,2,1,0,0,954,0,1,20.06,10.74,0
2757.25,13,5,0,1,0,961,0,3,15.88,3.15,0
2346.54,17,3,1,0,0,141,0,2,26.9,9.15,0
8538.55,5,1,0,0,0,677,0,2,16.9,0.89,0
3235.06,9,4,0,0,0,279,0,4,9.44,4.14,0
1399.05,21,3,0,0,0,309,0,0,22.43,2.47,0
3038.76,17,3,1,1,0,330,0,1,12.7,1.71,0
6251.17,19,2,0,0,0,437,0,1,29.07,10.38,0
1050.57,10,2,0,0,0,178,0,0,13.8,3.16,0
646.42,11,2,0,0,0,328,0,0,12.66,4.8,0
29506.92,11,2,1,0,0,398,1,1,24.68,3.83,0
1854.65,10,3,0,1,0,362,0,3,16.43,5.66,0
3151.96,3,1,1,0,0,756,0,2,18.12,18.12,1
2397.82,0,4,0,1,0,241,0,2,12.32,11.23,1
6473.63,19,5,0,0,0,209,0,2,17.23,3.34,0
23421.96,12,7,0,0,0,73,0,0,17.06,4.94,0
6693.76,12,1,2,1,0,338,0,0,13.23,0.96,0
739.31,14,4,1,0,0,1620,0,1,25.75,6.62,0
851.22,9,3,2,1,0,1028,0,0,12.9,1.99,0
2394.88,21,2,0,0,0,323,0,4,15.72,16.68,0
2747.25,11,4,0,0,0,316,0,1,13.79,0.58,0
597.02,12,3,0,0,0,332,0,0,15.15,8.45,0
8606.8,12,5,0,1,0,397,0,4,10.68,7.58,0
1163.7,3,4,2,1,0,147,0,1,20.52,12.98,1
17465.22,4,1,0,0,0,500,0,2,26.34,14.85,0
24628.61,4,2,0,1,0,376,0,2,22.39,6.85,0
2805.49,6,2,3,0,1,700,0,3,23.84,1.73,0
5772.85,3,5,0,0,0,593,0,0,20.38,3.1,0
998.7,5,2,2,0,0,894,0,3,12.79,3.18,0
7008.37,22,4,0,0,0,214,0,2,10.85,5.42,0
2157.92,8,3,1,0,0,279,0,2,13.53,0.97,0
1162.59,19,0,3,0,0,497,0,1,21.04,0.86,0
2687.05,9,4,2,0,0,119,0,3,24.45,2.32,0
2232.69,19,2,1,0,0,560,0,1,12.63,7.69,0
2587.85,18,5,1,0,0,150,0,4,19.4,6.31,0
9869.1,20,3,0,0,0,374,0,1,23.87,4.02,0
1596.27,6,1,0,0,0,1122,0,2,26.02,4.26,0
22511.33,2,4,0,0,1,177,0,3,24.97,7.92,0
905.68,7,3,0,0,0,114,0,2,17.66,7.31,0
19854.81,16,5,1,1,0,140,0,1,31.97,4.43,0
1252.21,15,5,2,0,0,246,0,2,29.91,6.64,0
3637.08,16,4,0,0,0,618,0,1,16.43,13.21,0
2176.11,23,0,0,0,0,254,0,2,23.41,4.77,0
2537.88,5,2,1,0,0,352,0,0,19.2,6.97,0
8445.8,10,3,0,1,0,251,0,1,18.29,7.42,0
17585.29,11,1,1,1,0,290,0,4,8.28,3.84,0
12708.81,3,4,3,0,0,56,0,0,35.72,2.25,1
2380.11,15,1,0,0,0,129,0,3,13.48,8.04,0
4418.11,1,3,1,1,0,393,0,1,14.22,7.32,0
1601.7,21,2,1,0,0,716,0,1,16.47,8.07,0
1285.46,2,6,0,0,0,153,0,0,26.37,4.88,0
1092.67,2,3,0,0,0,354,0,2,17.56,3.71,0
2299.73,4,2,1,0,1,261,0,0,6.35,5.44,0
4731.92,21,5,1,1,0,469,0,1,13.31,2.43,0
489.11,20,7,0,0,0,209,0,4,26.95,8.97,0
3467.98,22,2,0,0,0,41,0,0,18.02,0.95,0
17886.94,19,5,0,0,0,460,0,1,15.41,3.05,0
11825.42,22,1,0,0,0,449,0,3,24.15,4.29,0
1969.54,11,4,2,0,0,546,0,2,24.82,14.06,1
839.9,0,4,1,0,1,523,0,1,20.51,2.47,0
5900.67,10,2,0,0,0,458,0,3,20.97,5.2,0
319.48,5,2,0,1,0,820,0,1,31.44,6.05,0
11680.33,5,3,0,0,0,253,0,1,15.18,1.77,0
2909.49,16,1,0,1,0,260,0,2,8.84,16.52,1
24906.03,4,10,0,0,0,161,0,2,14.98,22.95,1
593.89,7,2,0,0,0,976,1,2,16.54,6.06,0
9547.68,9,2,0,1,0,579,0,2,22.86,6.42,0
3276.29,1,4,2,0,0,208,0,0,15.67,4.68,0
2571.89,16,3,0,1,0,268,0,0,7.98,6.13,0
864.08,18,3,0,0,0,286,0,2,19.97,10.3,0
6805.83,13,0,2,0,0,293,0,3,15.17,1.79,0
7405.25,0,4,0,1,0,125,0,2,15.58,4.35,0
23727.36,18,1,1,0,0,607,0,1,12.63,1.5,0
10492.89,10,3,0,0,0,263,0,2,13.26,8.24,0
1951.61,6,4,0,0,0,119,0,1,16.84,9.9,0
1268.95,22,1,2,0,0,180,0,1,13.18,4.3,0
865.31,20,1,0,0,0,302,0,3,25.27,11.37,0
17100.89,10,4,3,0,0,63,1,0,12.02,3.51,1
1608.27,10,3,0,0,0,53,0,0,19.59,3.29,0
17227.14,21,3,2,0,0,270,0,3,19.41,4.99,0
6319.06,4,4,1,0,0,495,0,1,20.24,4.32,0
5148.18,9,0,2,1,0,296,0,2,22.85,4.52,0
2638.03,13,5,0,0,0,338,0,1,22.99,5.0,0
7285.98,8,2,0,0,0,233,1,4,16.63,3.45,0
3582.28,7,7,0,0,0,144,0,0,20.4,6.28,0
2470.87,2,4,0,0,0,465,0,0,9.93,2.48,0
7561.35,6,1,1,0,0,380,0,2,29.89,16.59,1
3130.13,8,1,2,0,0,269,0,0,15.08,12.96,1
1574.59,20,2,0,0,1,34,0,2,9.78,5.82,0
6835.04,8,3,2,0,0,507,0,2,14.59,8.46,0
3404.37,3,6,3,0,0,261,0,2,19.99,5.56,1
6083.62,20,5,1,0,0,211,0,0,24.97,5.09,0
2260.74,8,3,2,0,0,456,0,0,19.74,8.62,0
1022.93,22,5,3,0,0,353,0,0,18.91,2.55,0
22512.54,2,2,1,0,0,551,0,1,24.11,11.52,1
18470.72,0,3,1,0,0,371,0,2,16.96,5.98,0
9209.35,22,2,2,1,0,710,0,1,17.7,5.53,0
2423.09,2,4,1,0,0,503,1,4,21.97,7.9,1
2656.24,0,4,1,0,0,460,0,1,24.46,6.54,0
15544.21,15,4,0,1,0,16,0,0,21.27,1.81,0
2511.11,7,4,0,1,0,98,0,0,10.06,13.82,0
1873.97,11,6,0,0,0,286,0,3,27.55,7.02,0
25999.86,9,4,0,0,0,581,0,0,19.54,7.09,0
3463.17,7,2,1,0,0,505,0,1,5.1,3.41,0
23314.87,11,1,0,0,0,159,0,1,14.84,2.43,0
838.56,6,6,0,0,0,1581,0,0,25.48,9.55,0
6273.53,5,3,1,0,0,271,0,2,11.08,10.26,0
32036.68,5,3,0,0,0,175,1,1,18.54,8.17,0
3756.48,2,1,0,0,0,541,0,5,30.73,6.13,0
2759.47,12,1,0,0,1,401,0,0,22.82,3.14,0
1068.34,13,2,1,0,0,222,0,2,10.24,13.46,0
11344.18,0,2,0,0,0,725,0,1,16.5,6.61,0
1621.92,11,1,0,0,0,117,1,0,13.2,20.0,1
3295.95,17,1,2,0,0,335,0,4,21.91,1.22,0
996.03,0,2,2,0,0,283,0,1,23.85,5.37,0
18671.23,7,4,1,1,0,66,0,2,13.92,2.27,0
12242.02,23,3,0,0,1,209,0,0,10.19,6.34,0
3522.18,10,2,1,1,0,345,0,0,20.69,1.77,0
1083.71,0,5,0,1,0,123,0,2,22.35,1.74,0
18264.28,12,2,0,0,0,199,0,1,22.95,2.76,0
2479.4,9,2,3,1,1,672,0,1,22.05,0.92,1
1140.86,5,4,0,0,0,169,0,2,16.1,6.7,0
572.36,1,1,1,0,0,341,0,1,2.59,5.77,0
1847.77,21,1,0,0,0,219,0,4,14.2,5.33,0
790.47,19,3,0,0,0,230,1,0,22.41,15.03,1
1893.23,16,2,0,1,0,422,0,2,18.17,8.78,0
7955.58,0,3,1,0,1,447,0,2,20.48,3.9,0
2454.87,20,4,2,0,0,603,0,2,8.03,12.8,1
5289.49,11,2,0,0,0,168,0,0,16.41,1.48,0
1703.6,11,4,0,0,0,895,0,2,16.63,9.61,0
3898.81,21,3,0,0,0,305,0,3,20.64,3.08,0
27362.97,10,1,0,0,0,434,0,1,16.89,7.52,0
2525.24,5,4,0,0,0,255,1,0,15.59,4.08,0
5451.53,5,3,0,1,0,40,0,1,9.9,3.18,0
703.59,22,2,0,0,0,429,0,2,19.65,12.44,0
17963.76,13,0,0,0,0,631,0,1,18.62,4.96,0
2205.99,13,7,1,0,0,48,0,2,13.6,3.19,0
10971.54,14,2,0,0,0,353,0,0,10.97,2.18,0
3199.21,5,2,1,0,1,266,0,2,31.99,3.12,0
6919.91,10,4,1,0,0,271,1,3,12.73,8.92,1
7365.51,22,1,0,0,0,281,0,4,22.18,1.13,0
2264.11,3,0,0,1,0,340,0,3,15.68,2.9,0
11458.67,22,6,0,0,0,131,0,0,8.47,0.79,0
1641.01,6,4,1,0,1,347,0,2,24.74,6.49,0
8240.62,7,2,2,0,0,185,0,2,18.5,4.11,0
2417.0,0,6,1,0,0,85,0,1,19.46,2.47,0
5255.53,15,3,1,0,1,444,0,2,17.34,7.33,0
2241.52,7,4,1,0,0,365,0,1,15.52,17.66,1
3837.11,11,2,1,0,0,1031,0,4,19.62,9.17,0
1178.0,13,3,1,0,0,894,1,5,19.75,3.95,0
4721.75,15,4,0,0,1,437,0,2,10.68,6.8,0
3813.86,22,3,2,0,0,82,0,1,7.29,9.85,0
2064.9,13,6,0,1,0,255,0,1,13.64,3.81,0
3436.54,4,2,1,0,0,297,0,3,17.16,2.8,0
4191.04,16,3,1,0,0,376,0,3,24.73,5.12,0
1906.12,1,3,0,0,0,838,0,1,21.93,2.8,0
3180.53,20,5,1,1,0,100,0,1,29.27,6.45,0
1266.7,7,2,1,0,0,136,0,0,18.14,13.13,0
42745.52,17,4,0,0,0,644,0,3,6.75,9.15,0
11070.89,3,2,0,1,0,702,0,1,10.14,5.81,0
4850.07,9,2,0,1,0,210,0,2,14.79,5.77,0
12465.48,16,3,1,0,1,203,0,2,20.98,15.75,1
455.68,14,1,2,0,0,344,0,2,14.12,0.58,0
248.25,0,3,2,0,0,93,0,3,16.29,5.87,0
2394.06,0,2,2,0,0,98,0,1,20.38,4.57,0
856.2,23,5,0,0,0,267,0,1,15.85,3.8,0
2840.01,12,5,1,0,0,225,0,0,15.49,6.55,0
4518.52,20,4,0,0,0,1017,0,5,21.0,6.62,0
9570.45,1,5,0,1,0,115,0,1,3.28,2.93,0
1101.93,11,0,2,0,1,392,0,0,21.75,0.66,0
5539.24,13,4,1,0,1,349,0,2,21.41,6.45,0
3696.38,22,1,1,0,1,518,0,1,19.85,2.55,0
5244.24,17,0,1,0,0,478,0,2,26.22,5.57,0
2109.57,15,3,1,0,0,405,0,2,24.06,7.9,0
15557.4,7,4,1,0,0,332,0,0,24.02,4.15,0
3265.98,23,1,0,0,0,173,0,0,15.02,13.2,0
23456.23,7,1,0,0,0,334,0,1,18.36,3.41,0
1587.78,6,2,0,1,0,774,0,0,14.03,5.34,0
7942.38,17,2,0,0,0,360,0,2,25.58,7.73,0
3419.84,23,4,0,0,0,431,0,2,15.76,2.46,0
2580.84,20,4,1,0,0,253,0,1,24.01,3.71,0
7072.23,4,3,0,0,0,289,0,1,15.76,12.35,0
2659.43,19,0,0,0,0,74,0,1,14.22,8.95,0
222.5,8,3,0,0,0,534,0,5,25.94,1.38,0
146.06,5,7,2,0,0,38,1,1,23.93,4.55,1
13850.04,22,1,1,0,0,291,0,3,26.78,9.5,0
13250.25,22,1,0,0,0,643,0,0,11.28,12.73,0
26415.55,8,3,0,0,1,219,0,1,11.07,0.31,0
3574.55,0,0,0,1,0,335,0,1,8.43,3.79,0
937.05,5,1,1,0,0,759,1,0,19.39,7.92,0
2343.58,12,0,0,0,0,302,0,1,16.46,3.45,0
3684.89,1,4,0,0,0,417,0,0,16.22,8.53,0
1264.72,5,5,1,0,0,687,0,1,21.04,4.1,0
20557.96,3,3,0,0,0,617,0,1,14.03,4.89,0
38233.91,22,7,0,0,0,18,0,3,8.06,6.62,1
6016.1,8,0,0,1,0,231,0,2,8.84,11.92,0
3599.65,9,3,1,0,0,245,0,1,11.87,2.65,0
934.76,10,0,1,0,1,123,0,4,19.13,6.38,0
18467.28,0,3,1,1,0,1261,0,2,20.11,5.64,0
3944.68,13,5,0,0,0,444,0,0,24.7,9.27,0
2687.53,21,0,1,0,1,462,2,6,12.22,2.97,1
6034.41,19,1,0,0,0,493,0,0,14.61,4.96,0
1968.45,6,3,1,0,0,242,0,2,20.08,1.72,0
4248.07,0,2,1,0,0,1151,0,3,14.63,4.8,0
800.64,18,1,2,0,0,158,0,1,17.22,3.48,0
11400.83,20,1,0,0,0,684,0,2,19.1,3.86,0
3262.89,22,4,0,0,0,64,0,0,27.59,3.34,0
12292.45,13,3,0,1,0,211,0,0,21.99,0.6,0
2947.78,11,4,0,1,0,193,0,1,13.94,10.93,0
3155.78,18,1,1,0,0,213,0,0,24.82,1.25,0
1019.5,16,1,1,0,0,702,0,1,15.7,24.37,1
8084.83,18,2,2,0,0,378,0,2,22.59,0.88,0
1451.52,6,2,2,0,0,184,0,1,19.76,2.95,0
2184.75,21,0,0,0,0,151,0,1,8.95,5.81,0
3644.96,0,3,3,0,0,234,0,3,18.55,2.28,0
4135.18,2,1,1,0,0,551,0,1,19.82,10.29,0
607.04,15,4,0,0,1,449,1,1,2.47,3.38,0
2857.36,13,5,1,1,0,187,0,0,18.11,9.45,0
8391.64,13,1,1,0,0,440,0,1,24.49,12.48,0
2447.31,21,1,1,0,0,335,0,2,17.62,1.61,0
2875.64,20,1,2,0,0,289,0,1,14.31,3.43,0
4317.91,17,4,1,1,0,844,0,2,19.25,1.2,0
3189.89,3,2,0,1,0,649,0,2,23.64,2.02,0
1233.93,2,2,2,1,0,324,0,1,24.89,3.65,0
3504.62,3,4,1,1,0,666,0,2,20.87,6.97,0
10340.02,14,4,0,0,0,295,1,2,15.15,8.58,0
1207.45,17,2,0,0,0,341,0,2,11.45,5.66,0
2457.24,19,1,2,0,0,675,1,2,22.92,3.03,0
853.45,2,5,0,1,0,236,0,0,14.96,10.94,0
9783.49,6,3,0,0,0,473,0,2,12.51,2.22,0
3304.45,8,7,2,0,0,479,0,2,7.57,5.35,0
1491.13,15,5,1,0,0,129,0,1,6.83,5.27,0
4011.33,1,3,1,0,0,379,1,1,22.94,6.03,1
1028.87,20,2,0,0,0,282,0,1,16.47,20.94,1
1230.07,1,5,0,0,0,454,0,0,21.41,7.14,0
785.92,12,2,0,1,0,346,0,1,25.93,18.65,1
1187.83,22,0,1,1,0,2150,0,2,24.71,4.06,0
15141.65,4,0,0,0,0,201,0,0,3.72,2.3,0
1686.19,16,7,0,1,0,1056,0,0,10.6,1.31,0
5940.43,13,6,1,1,1,141,0,0,17.37,0.43,1
1513.05,19,4,2,0,0,789,0,2,22.3,16.97,1
8082.94,14,2,0,0,0,510,0,0,20.93,6.21,0
1239.69,20,3,0,1,0,168,0,0,29.59,11.42,0
3794.05,9,3,1,0,0,411,1,2,21.41,8.61,0
3848.71,3,5,0,0,0,291,0,0,15.82,2.93,0
41948.4,16,2,1,0,0,412,0,0,15.27,5.06,0
7058.21,23,1,0,0,0,1225,0,1,12.31,2.33,0
1953.64,10,1,0,1,0,213,0,4,21.02,22.47,1
7474.87,19,3,1,0,0,693,0,1,16.28,7.72,0
34374.94,21,3,1,0,0,665,0,2,6.6,1.66,0
657.79,15,5,1,1,0,311,0,1,22.29,6.97,0
1503.26,18,3,0,0,1,923,0,0,18.42,3.22,0
2839.14,13,1,1,0,0,1308,0,2,20.23,3.82,0
2349.73,19,2,0,0,0,272,0,1,11.08,4.22,0
2567.29,8,2,0,0,0,376,0,2,27.65,3.19,0
925.71,12,1,3,0,1,240,0,4,13.7,2.89,0
15901.26,1,1,1,0,0,212,0,2,26.46,2.07,0
817.51,4,6,0,0,0,815,0,1,19.4,9.33,0
2950.64,13,2,0,0,0,722,0,1,16.22,11.43,0
10917.5,17,1,0,0,0,922,0,2,28.77,4.36,0
3527.36,0,2,0,1,0,75,0,1,19.26,4.52,0
1301.97,1,2,0,0,0,238,0,4,19.26,4.21,0
883.5,0,2,1,1,0,161,0,0,16.23,5.85,0
2859.78,12,1,0,0,0,558,0,2,4.24,3.74,0
1644.38,8,3,1,0,0,329,0,0,23.57,1.45,0
4516.5,1,2,1,0,0,384,0,1,16.32,11.29,0
835.87,19,2,0,0,0,54,0,3,16.37,2.08,0
8550.01,12,2,0,0,0,404,1,0,12.51,7.15,0
4110.61,0,2,2,0,0,723,0,0,15.03,4.5,0
4444.08,16,5,0,0,0,1117,0,1,12.29,3.26,0
16533.28,21,1,0,0,0,478,0,1,24.73,10.42,0
2299.2,10,1,1,0,0,889,0,1,9.3,0.49,0
1699.17,22,3,1,0,0,357,0,1,5.66,10.32,0
2048.47,10,2,0,1,0,343,0,0,10.4,5.67,0
2974.55,1,1,0,0,0,222,0,0,25.83,5.36,0
3309.28,2,5,1,0,1,999,0,1,11.66,4.87,0
1521.98,1,1,0,0,0,572,0,2,23.49,10.41,0
435.18,7,4,0,0,0,517,0,0,3.75,6.6,0
2020.35,9,3,1,0,0,193,0,0,13.95,4.04,0
5312.5,10,7,0,0,1,109,0,2,16.5,6.3,0
4200.97,11,2,0,1,0,287,0,1,11.27,0.63,0
12829.88,20,3,0,0,0,284,0,3,18.11,2.02,0
28374.92,0,3,1,1,0,781,0,2,18.38,2.27,0
8081.24,21,1,0,0,0,21,0,2,11.3,1.22,0
15547.37,5,4,0,0,0,841,0,5,11.27,22.89,1
8144.62,22,4,0,0,0,360,0,1,18.68,5.58,0
21925.25,3,2,1,0,0,201,0,4,26.44,2.8,0
25422.66,2,1,0,0,0,332,0,1,23.61,6.2,0
9884.5,2,1,0,0,0,29,0,1,24.28,7.3,0
7644.17,7,0,1,0,0,112,0,0,22.76,1.31,0
2935.13,22,1,0,1,0,708,0,0,23.07,5.24,0
3486.3,11,4,2,0,0,48,0,4,15.57,8.82,0
2553.63,3,3,0,1,0,395,0,0,14.49,5.96,0
6990.55,15,0,1,1,0,201,0,0,25.12,2.5,0
1708.95,12,5,1,0,0,164,0,1,15.95,1.31,0
2978.99,16,4,3,0,1,590,0,1,13.2,5.36,1
307.07,17,4,1,0,1,289,0,1,22.97,1.11,0
22231.03,18,5,0,1,0,305,0,2,14.26,6.16,0
2888.53,3,3,2,0,0,609,1,1,19.18,10.08,1
5874.4,11,9,1,0,0,190,0,0,5.65,16.34,1
16825.92,15,4,2,0,0,798,0,0,21.55,3.9,0
4990.58,13,2,0,0,0,349,0,2,9.66,2.7,0
16590.09,23,5,0,0,0,1036,0,2,19.82,15.98,0
988.49,23,3,0,1,0,367,0,2,17.13,5.54,0
45127.42,19,1,1,0,0,311,1,1,31.98,4.39,1
11401.11,5,3,0,1,0,1953,0,0,17.9,2.8,0
4535.37,12,2,1,0,0,731,0,0,20.58,8.85,0
16257.88,19,0,0,0,0,260,0,1,20.33,10.2,0
1067.35,6,1,1,0,0,348,0,1,13.44,17.37,1
2689.08,17,3,3,0,0,420,0,1,23.51,7.09,0
16588.47,5,2,1,0,0,79,0,2,19.8,9.53,0
512.65,3,3,0,0,0,280,0,2,22.27,8.22,0
6558.26,5,1,0,0,0,418,0,0,31.55,8.54,0
6366.37,22,5,0,0,0,453,1,1,9.64,4.52,0
28787.23,23,3,4,0,0,255,0,1,20.29,8.96,1
690.83,20,5,1,0,0,567,1,0,18.7,7.37,1
19734.28,6,2,0,0,0,1062,0,0,10.22,9.68,0
2023.44,18,2,0,0,0,481,0,1,10.12,10.4,0
2277.06,5,7,1,0,0,792,0,2,22.62,16.14,1
1009.18,3,2,0,0,0,412,0,1,28.16,13.04,0
1161.83,6,5,1,0,0,559,0,2,25.51,0.82,0
5561.92,3,2,1,0,0,135,0,1,22.95,6.89,0
1132.35,15,1,1,0,0,268,0,1,19.59,18.33,1
7921.2,16,7,1,0,0,363,0,1,22.14,3.93,0
1815.08,0,2,0,0,0,598,0,0,18.16,13.88,0
1018.73,2,0,1,0,0,188,0,8,23.73,6.36,0
2091.84,11,2,0,0,0,287,0,1,14.58,5.24,0
5185.09,2,3,0,0,1,615,0,0,23.64,7.52,0
2721.07,19,3,0,0,0,151,0,2,23.87,3.1,0
3774.11,9,4,1,0,0,372,0,1,19.99,3.85,0
7562.96,9,3,0,1,0,249,0,0,33.7,4.35,0
11345.11,0,4,0,0,0,800,0,2,14.82,13.08,0
2629.11,16,2,0,0,0,191,0,1,26.82,2.39,0
1216.3,17,1,0,0,0,248,0,0,14.17,4.72,0
3943.8,18,4,0,0,0,770,1,1,20.33,8.56,0
5968.09,12,6,0,0,0,232,0,1,16.99,8.43,0
785.44,6,4,1,0,0,445,0,1,27.61,5.22,0
1429.19,1,2,0,0,0,273,1,1,19.72,4.86,0
1711.04,7,2,0,0,0,249,0,1,12.27,3.05,0
2927.16,13,2,2,0,1,604,0,0,20.47,6.35,0
1637.48,2,9,1,0,0,52,0,3,11.41,8.62,1
7649.48,1,3,1,1,0,1261,0,2,19.62,2.64,0
674.93,5,4,1,0,0,203,1,1,19.38,6.77,0
693.18,1,6,0,0,0,156,0,2,8.05,1.01,0
2564.24,0,1,1,0,0,656,0,0,27.86,8.64,0
3027.72,11,5,1,0,1,105,0,1,19.39,9.51,0
790.47,17,4,0,0,0,662,0,1,25.55,1.46,0
1925.45,11,5,2,0,0,349,0,0,26.18,5.83,0
2389.65,2,3,2,1,1,769,0,1,18.3,5.84,1
2409.17,8,2,0,0,0,82,0,3,13.89,9.02,0
4270.45,0,3,0,0,0,101,0,1,23.22,8.1,0
1817.73,14,3,1,0,0,659,0,1,14.0,5.57,0
17183.9,5,4,1,0,0,378,0,2,14.2,5.32,0
6079.12,9,5,0,0,0,537,0,0,26.86,13.38,0
1560.14,21,4,0,1,0,699,0,2,15.9,1.38,0
4020.8,14,3,0,1,0,593,0,2,16.77,12.57,0
4147.31,18,3,0,0,0,314,1,2,23.8,7.9,0
13035.84,8,4,1,1,0,189,0,2,16.49,18.82,1
1938.36,22,5,0,0,1,66,0,4,12.39,2.98,0
8149.45,17,6,3,0,0,280,0,2,17.54,6.62,1
3804.53,12,4,0,1,0,264,0,1,20.9,8.62,0
17433.43,13,1,0,0,1,635,0,1,15.77,3.12,0
14121.25,14,5,3,0,0,80,1,2,18.75,2.76,1
4477.54,3,0,0,0,0,636,0,0,16.7,3.46,0
2764.47,6,2,1,0,0,503,0,1,12.36,1.47,0
6197.72,16,4,1,1,0,256,0,1,6.27,2.97,0
3012.51,10,3,0,0,0,471,0,0,23.09,7.51,0
21254.47,18,3,1,0,0,505,0,4,19.34,2.03,0
3953.65,12,5,1,0,0,164,0,0,18.04,5.2,0
2378.14,1,1,0,1,1,127,0,0,15.53,14.8,1
2247.12,15,0,1,0,1,131,0,2,20.28,1.07,0
1018.73,14,7,0,0,0,638,0,1,15.26,4.21,0
6531.47,8,0,1,0,0,289,1,1,21.23,6.89,0
1539.15,18,1,3,0,0,470,0,2,17.1,0.73,0
11534.01,8,3,1,1,0,42,0,2,13.07,4.42,0
936.75,2,5,1,0,0,214,0,0,28.38,4.58,0
4161.39,2,8,0,1,0,112,0,0,23.16,3.15,0
12182.25,21,6,0,0,0,288,0,0,26.37,0.48,0
379.99,9,4,2,0,0,515,0,2,24.6,11.14,0
30308.36,9,4,0,0,0,14,0,1,15.36,16.89,1
2329.6,7,6,0,1,0,198,0,1,17.64,4.83,0
4222.36,17,3,1,0,0,455,0,0,23.64,4.58,0
6634.39,14,3,1,0,0,349,0,2,17.81,8.69,0
7804.34,21,2,1,0,0,360,0,1,13.03,9.15,0
4854.1,21,4,1,0,0,375,0,1,18.76,1.91,0
10376.03,23,1,2,0,1,502,0,1,28.45,1.7,0
6279.37,7,1,1,1,0,517,0,2,20.13,1.92,0
23130.91,14,4,1,1,0,250,0,2,9.25,9.58,0
6300.88,8,3,1,0,0,570,0,0,14.95,11.29,0
28648.81,16,2,0,0,0,127,0,1,26.52,8.78,0
9378.1,17,2,1,0,0,316,0,0,17.56,10.48,0
546.73,6,1,0,0,0,144,0,2,9.22,6.86,0
56480.9,20,8,1,0,0,236,0,1,20.15,4.3,0
1992.09,6,1,3,0,0,239,0,3,16.16,3.03,0
17506.39,23,5,1,0,0,185,0,2,24.98,6.14,0
3744.84,20,2,0,0,0,313,0,0,17.97,6.84,0
11093.83,0,3,0,0,0,619,0,4,29.53,5.1,0
1767.1,9,3,0,0,0,1344,0,0,15.46,8.85,0
7023.6,9,2,0,0,0,103,0,2,24.87,4.46,0
2790.99,19,3,2,0,1,552,0,2,18.77,1.99,0
19109.74,17,3,1,0,0,143,0,1,16.0,5.7,0
5771.01,1,2,0,1,0,662,0,1,17.27,3.66,0
9727.77,20,2,1,0,0,160,1,2,12.55,7.2,0
375.3,5,2,1,0,0,200,0,1,24.62,5.97,0
3328.07,8,2,2,0,0,158,0,1,14.9,2.0,0
5603.12,4,4,2,1,0,713,1,3,27.06,1.88,1
4604.53,3,5,1,0,0,378,0,3,22.57,7.57,0
9988.75,12,0,0,1,0,284,0,3,17.44,5.22,0
2479.47,2,3,1,0,0,108,0,0,19.78,1.71,0
3832.32,1,3,0,0,0,320,0,0,21.99,4.82,0
12585.34,18,1,0,0,0,353,0,1,22.92,5.74,0
332.75,8,5,1,0,0,109,1,2,29.43,16.02,1
6760.27,15,5,2,0,0,244,0,2,28.16,9.95,1
2564.25,23,3,1,0,0,28,0,2,8.1,8.56,0
1396.98,1,0,0,1,0,488,0,0,25.79,4.9,0
5184.2,19,2,1,0,0,252,0,2,20.91,14.6,0
13211.25,2,3,1,0,0,137,0,4,12.78,8.1,0
10841.11,18,3,0,0,0,381,0,1,13.97,16.65,0
3159.38,7,2,0,0,0,342,0,1,23.95,1.24,0
9131.89,3,5,1,0,0,298,1,1,20.38,6.92,1
9058.61,5,1,0,1,0,409,0,0,18.07,5.66,0
3321.79,8,8,0,0,0,1652,0,0,27.6,8.8,0
1758.59,17,3,1,0,0,546,0,2,17.77,4.82,0
1868.71,16,2,2,0,0,587,0,0,25.99,5.42,0
8775.74,17,2,1,0,0,152,0,0,2.0,0.47,0
3483.34,0,2,0,1,0,613,0,0,29.98,12.34,1
1213.8,23,1,0,0,1,217,0,0,25.62,3.65,0
620.73,10,1,0,0,0,250,0,1,16.18,5.95,0
8720.42,2,2,0,0,0,133,0,4,15.97,3.38,0
2050.59,22,3,1,0,1,1050,0,1,16.64,4.03,0
5150.8,19,3,0,0,0,738,1,1,25.65,6.33,0
13382.35,1,3,2,0,0,97,0,1,21.35,5.99,0
921.16,10,2,0,0,0,477,0,0,13.33,11.8,0
3472.42,21,2,1,1,0,547,0,0,18.06,11.01,0
3043.52,16,2,1,1,0,223,0,1,23.47,7.99,0
5424.77,4,3,4,1,0,145,0,3,24.03,1.66,1
13374.67,16,4,0,0,0,290,0,1,26.95,3.27,0
901.51,4,0,2,0,1,180,0,2,16.14,2.78,0
6622.89,8,3,0,1,0,18,0,0,16.16,18.89,1
10754.72,4,2,1,0,0,263,0,3,26.25,2.0,0
2993.82,16,2,0,1,0,338,0,2,17.11,5.38,0
3151.65,22,3,0,0,0,981,0,0,24.42,2.28,0
5649.78,1,0,1,0,0,557,1,1,17.27,3.23,0
5229.43,14,4,2,0,0,244,0,1,13.25,9.85,0
6710.78,5,3,0,0,0,574,0,1,16.01,0.27,0
6563.93,18,2,2,0,0,100,0,1,17.11,6.33,0
1298.45,3,4,1,0,1,531,0,2,10.43,7.36,1
10298.77,8,6,0,0,0,546,0,1,21.59,2.84,0
12395.92,4,3,1,0,0,520,0,1,22.52,7.74,0
4426.6,20,2,0,0,0,54,0,1,14.66,10.0,0
758.34,1,2,1,0,0,246,0,1,28.58,5.32,0
3227.67,13,6,1,1,1,275,0,1,22.33,4.65,0
4465.45,2,3,3,0,0,727,0,1,21.29,5.35,0
1094.63,14,0,2,0,0,83,0,2,22.47,5.64,0
2494.53,18,4,0,0,0,239,0,2,16.05,1.97,0
828.95,18,1,2,0,0,340,1,0,13.34,1.29,0
6888.83,0,3,0,0,0,111,0,0,8.34,11.29,0
4334.03,18,3,1,0,0,60,0,0,28.82,1.33,0
646.73,7,2,1,0,0,162,0,1,13.21,14.47,1
5266.06,16,2,1,0,0,492,0,0,18.23,3.74,0
3431.2,23,4,0,0,0,505,0,1,21.16,9.51,0
6261.88,2,4,1,0,0,516,0,2,20.18,2.75,0
2413.64,8,3,0,0,0,259,0,1,24.0,9.19,0
1569.4,20,0,0,1,0,220,0,0,21.72,11.53,0
1620.7,3,0,1,0,0,1159,0,1,18.33,16.55,1
2069.21,6,0,0,0,0,292,0,4,15.56,3.05,0
3713.63,13,2,1,0,1,269,0,2,25.34,1.64,0
4252.9,23,1,1,0,0,694,0,0,13.45,10.69,0
2980.2,7,0,1,0,0,122,0,3,29.48,5.61,0
2334.41,9,0,0,0,0,421,0,1,20.19,0.74,0
2517.51,19,3,1,1,0,873,0,1,13.31,6.87,0
50671.1,2,4,1,0,0,169,0,3,14.87,9.33,1
1620.9,7,3,0,0,0,405,0,0,25.45,3.55,0
2026.63,7,5,1,0,0,518,0,0,13.64,0.74,0
115675.81,9,4,1,0,0,488,0,2,20.72,8.64,1
5665.01,13,1,0,0,1,385,0,1,16.47,2.11,0
854.93,5,3,1,0,0,157,0,1,19.68,5.26,0
8820.39,9,3,2,0,1,98,0,1,27.08,7.37,1
1400.32,22,5,1,0,0,342,0,1,17.01,5.43,0
9457.04,19,2,1,0,0,280,0,0,26.04,11.25,0
2917.52,22,2,1,1,0,638,0,1,17.63,11.36,0
2294.37,16,4,1,0,0,620,0,0,15.43,7.79,0
19724.63,13,3,2,0,0,195,0,1,22.47,1.28,0
6599.32,5,5,1,0,0,91,0,2,19.5,3.86,0
10113.63,3,3,2,1,0,913,0,1,26.58,3.13,0
5748.34,12,4,2,0,0,52,0,1,14.85,4.62,0
2283.2,9,7,0,0,0,483,0,1,12.77,5.43,0
6918.28,18,1,2,0,1,95,0,0,25.23,6.39,0
12960.69,0,5,0,0,0,55,0,4,11.41,1.79,0
4194.27,21,2,2,0,0,184,0,3,25.54,8.05,0
24142.4,4,2,0,1,0,850,0,3,11.47,2.45,0
8892.93,9,2,0,1,0,104,0,2,23.91,13.02,0
4548.63,8,1,2,0,0,701,0,1,20.49,3.28,0
4741.27,22,2,0,0,0,1070,0,2,9.9,9.15,0
4205.29,17,3,2,1,1,449,0,2,6.05,12.59,1
978.67,0,2,3,0,0,8,0,1,19.78,8.93,1
3312.39,20,2,0,0,0,438,0,2,24.76,6.88,0
4592.8,16,1,1,0,0,176,0,0,26.3,6.9,0
2352.21,1,1,1,0,0,83,0,2,11.27,7.78,0
5190.37,18,1,1,0,0,240,0,2,23.41,5.03,0
3723.33,0,2,0,0,0,292,0,2,18.91,2.36,0
8203.99,10,4,2,0,0,614,0,2,28.02,6.27,0
7304.66,3,2,1,0,1,802,0,1,15.61,1.89,0
4339.48,0,5,0,0,0,247,0,3,20.78,4.92,0
866.47,13,4,0,0,0,618,0,2,9.44,14.51,0
23867.16,16,3,1,0,0,194,0,0,22.96,7.84,0
3136.98,11,6,1,0,0,147,0,1,11.92,8.38,0
3344.49,8,3,0,0,0,496,0,0,22.18,7.3,0
2541.1,12,1,0,0,0,421,0,1,19.85,5.02,0
2180.19,3,3,0,1,0,329,1,2,15.76,2.63,0
18421.26,1,4,1,0,0,379,0,0,15.35,3.4,0
15605.0,3,3,0,0,0,204,0,5,18.98,5.12,0
5805.8,1,4,0,0,0,417,0,1,21.78,11.32,0
3252.32,18,4,1,0,0,120,0,0,20.64,2.16,0
6974.9,14,3,0,0,0,174,1,1,24.34,9.29,0
3934.29,4,3,1,0,0,193,0,3,17.49,14.17,0
2981.75,13,5,0,0,0,434,1,3,19.69,9.69,1
5192.71,11,5,1,0,0,499,0,0,27.6,2.37,0
2291.09,2,5,0,1,0,429,0,0,23.36,1.28,0
4745.15,23,2,0,0,0,249,1,0,11.03,1.99,0
4511.71,22,2,1,0,0,781,1,1,14.89,8.51,1
6857.39,18,0,1,1,0,87,1,3,17.64,2.7,0
1900.56,19,2,0,1,0,480,0,1,14.31,2.33,0
7674.38,13,2,0,0,0,314,0,1,22.72,5.53,0
1405.82,19,2,0,0,0,268,0,2,13.18,9.87,0
1995.81,12,3,0,0,1,393,0,0,11.16,13.43,0
2089.39,3,3,1,0,0,869,0,0,17.88,2.1,0
1181.27,4,1,1,0,0,154,0,0,12.27,3.39,0
10577.09,20,3,0,0,0,237,0,1,14.81,1.09,0
1316.19,10,2,2,0,0,40,0,2,22.14,9.51,0
1747.84,17,3,2,0,0,287,0,1,14.5,5.94,0
13604.8,3,2,0,0,0,806,0,2,20.77,2.52,0
1999.97,10,4,0,0,0,1097,0,2,15.04,2.99,0
2988.27,2,3,0,1,0,459,0,0,16.53,9.56,0
1258.11,5,0,1,1,0,949,0,1,22.8,8.52,0
8730.68,2,4,1,1,0,266,0,3,19.87,3.77,0
8857.97,4,2,2,0,0,339,0,2,25.59,7.9,0
7910.08,14,1,1,0,0,574,0,4,14.63,6.01,0
6402.26,0,4,1,0,0,307,0,5,19.01,6.4,0
3933.44,4,4,2,0,0,342,0,2,10.9,3.92,0
2099.4,16,2,0,0,0,224,0,0,17.05,8.73,0
1547.32,3,1,0,0,0,654,0,0,10.78,3.78,0
14106.64,13,3,2,0,0,141,0,2,21.57,5.05,0
8127.79,20,3,1,0,1,854,0,1,16.06,1.75,0
1758.17,18,2,0,0,0,584,0,3,21.34,3.34,0
3796.46,2,2,0,1,0,297,0,0,23.27,2.85,0
2656.8,3,4,0,0,0,91,0,1,18.4,1.98,0
1113.63,16,2,0,0,0,119,0,3,26.74,10.52,0
4387.58,8,3,1,0,0,42,0,2,18.81,1.33,0
2353.67,10,5,0,0,0,305,0,1,16.07,2.51,0
1339.21,11,5,1,0,0,729,0,0,15.37,6.81,0
770.4,13,5,0,0,0,857,0,0,13.41,4.17,0
704.87,10,2,1,0,0,268,0,0,14.39,0.91,0
2465.14,0,4,0,0,0,597,0,0,11.5,1.42,0
3329.74,2,4,0,0,0,187,0,1,17.8,5.54,0
1452.34,0,4,1,0,0,329,0,4,20.91,8.01,0
7210.38,6,3,0,0,1,689,0,1,13.27,3.49,0
3398.79,19,1,1,0,0,559,0,0,25.81,9.74,0
6672.36,23,1,1,0,0,123,0,0,31.4,1.2,0
3004.73,11,2,2,0,0,279,0,1,13.05,2.33,0
1593.24,0,3,1,0,0,956,0,2,28.38,1.84,0
4104.44,1,1,0,1,0,140,0,0,20.23,4.87,0
966.99,19,3,0,0,1,742,0,1,21.66,4.47,0
6415.1,8,4,1,1,0,783,1,2,2.35,1.36,0
1361.02,21,4,0,0,0,374,0,2,12.78,6.51,0
9548.55,12,2,1,0,0,214,0,2,14.85,5.93,0
2551.97,21,2,2,0,0,505,1,1,3.15,18.21,1
11110.66,3,4,0,1,0,521,0,0,15.57,4.66,0
1120.18,20,2,0,1,1,43,0,3,21.97,9.13,0
1787.09,13,4,0,0,0,699,0,2,13.11,9.88,0
5431.56,10,3,1,1,0,298,0,3,21.8,5.36,0
12444.35,12,3,0,0,0,671,0,1,14.24,4.46,0
20950.95,7,4,0,1,0,325,0,2,25.9,8.99,0
3802.58,14,5,0,0,1,179,0,0,13.76,2.19,0
25075.16,18,2,0,0,0,291,0,1,27.7,0.86,0
2686.12,19,1,0,0,0,668,1,4,18.8,4.05,0
11541.52,23,6,0,0,0,341,0,0,19.35,4.46,0
1353.85,9,1,1,0,0,341,1,1,15.63,9.8,1
5660.18,18,4,0,0,0,285,0,2,21.25,2.98,0
311.44,21,3,0,0,0,212,1,1,9.81,4.14,0
1121.4,0,2,2,0,0,343,0,1,16.9,4.06,0
5943.25,11,6,0,0,0,286,0,2,17.08,11.3,0
917.76,16,2,0,0,0,667,0,1,17.43,7.31,0
5700.43,10,2,2,0,0,406,0,2,14.29,2.61,0
9431.22,2,2,2,0,0,526,0,0,14.18,6.88,0
2150.84,15,2,1,0,0,298,0,1,15.57,6.75,0
1316.33,9,3,1,0,0,573,0,0,15.12,1.78,0
2213.0,14,3,1,0,0,437,0,2,18.53,17.99,1
1320.67,0,0,0,1,0,577,0,1,30.41,6.81,0
3273.86,0,4,2,0,0,612,0,1,16.32,4.54,0
4052.93,14,4,0,1,0,285,0,4,22.78,6.22,0
2640.41,23,4,2,1,0,83,0,1,19.22,5.52,0
21122.14,15,3,2,0,0,404,0,0,35.64,1.24,0
1710.65,22,3,0,0,1,286,1,3,24.55,5.06,0
15693.55,20,3,1,1,0,147,0,0,23.05,2.74,0
1220.11,6,4,0,0,0,1006,0,0,16.54,3.66,0
3930.09,2,0,1,0,0,475,0,0,23.14,9.17,0
12610.19,13,1,0,0,0,261,0,1,19.06,9.31,0
11943.29,14,1,0,0,0,232,0,2,19.77,12.46,0
2341.93,18,3,0,0,0,345,0,0,29.72,2.68,0
6521.26,12,4,2,0,0,393,0,3,15.54,5.68,0
5666.0,22,4,1,1,0,212,0,2,23.67,6.09,0
2065.37,20,1,2,1,0,520,0,1,8.95,3.82,0
6951.74,14,3,0,0,0,233,0,2,22.46,4.54,0
25735.25,13,0,0,1,0,424,0,0,20.48,8.82,0
5974.68,0,1,1,0,0,159,0,0,20.31,15.13,1
6599.01,18,2,1,1,0,574,1,2,22.85,13.7,1
7374.35,16,3,1,0,0,238,0,2,27.22,8.73,0
785.23,21,3,0,0,0,355,0,2,17.37,1.95,0
5903.12,2,1,1,0,0,270,0,0,17.5,8.96,0
1251.88,3,3,1,0,0,371,0,2,20.06,4.31,0
1959.84,16,2,3,0,0,541,1,0,13.87,10.25,1
35243.59,11,2,0,0,0,81,0,1,19.27,10.79,0
2790.78,14,1,1,0,0,392,0,2,16.72,5.99,0
1673.74,10,3,0,0,0,939,0,0,23.99,1.52,0
12212.46,15,2,3,0,0,56,0,0,18.17,2.64,0
1346.06,15,1,1,0,0,76,0,0,16.64,0.64,0
2276.08,4,3,3,0,0,735,2,1,19.33,2.47,1
13514.32,18,2,1,0,0,435,0,3,8.55,8.6,0
3808.18,11,1,0,1,0,948,0,1,13.19,6.44,0
706.5,13,0,0,0,1,92,0,0,25.41,3.71,0
6445.83,14,1,0,0,0,572,0,1,6.87,2.77,0
2401.17,17,4,0,0,0,36,0,2,20.51,1.78,0
18340.08,7,5,1,1,0,935,0,2,23.27,6.68,0
1926.58,0,2,0,0,0,170,0,0,15.03,3.16,0
10979.52,4,2,0,0,0,870,0,1,18.87,3.38,0
23493.59,23,2,2,0,0,453,0,0,12.92,7.06,0
1489.97,5,6,0,0,0,75,0,2,20.54,3.1,0
2972.4,5,5,1,0,0,256,0,2,14.01,4.95,0
5475.6,20,3,0,1,0,212,0,6,18.15,11.25,0
1479.98,5,2,1,0,1,192,0,1,18.07,4.01,0
4835.84,11,3,0,0,0,122,0,6,23.22,10.71,0
2875.07,8,2,1,0,0,236,1,1,15.36,14.88,1
2814.89,15,5,1,0,1,305,0,0,20.1,2.88,0
3832.93,14,4,1,1,1,47,0,3,9.81,10.9,1
3923.85,12,2,0,0,0,231,0,1,9.06,4.68,0
4324.6,12,4,0,0,0,159,0,1,14.23,1.75,0
1941.53,20,6,1,1,0,218,0,2,15.91,3.56,0
2032.6,13,5,1,0,0,106,0,1,21.03,14.14,1
3214.68,12,1,0,0,0,179,0,3,9.13,10.25,0
3473.8,21,3,0,0,0,700,0,2,20.52,5.5,0
2296.65,2,1,0,0,0,952,0,1,21.14,0.46,0
5116.04,20,4,0,0,0,199,0,2,2.9,7.76,0
541.59,4,8,0,0,1,503,0,0,12.78,6.81,1
1690.89,7,2,0,0,0,108,0,2,11.53,2.61,0
2713.72,0,4,0,0,0,672,0,0,9.21,7.24,0
1481.9,13,2,0,1,0,556,0,0,6.6,3.88,0
20143.92,19,2,1,1,0,26,0,2,28.0,1.38,0
3713.78,9,2,1,0,0,219,0,2,12.34,1.63,0
4383.52,15,3,0,0,0,485,1,1,15.16,6.95,0
2192.08,9,5,0,0,1,176,0,2,20.06,10.97,1
3581.12,18,5,0,0,0,45,0,1,14.57,13.99,0
1016.36,23,3,2,1,0,318,0,1,18.83,6.5,0
3046.33,17,2,0,0,0,161,0,2,23.12,12.37,0
1361.23,8,4,1,0,0,583,0,2,7.16,7.18,0
2720.92,19,3,0,0,0,591,0,1,7.04,8.57,0
247.67,0,1,2,0,1,231,0,3,18.05,10.21,1
1113.87,23,4,0,0,0,154,0,2,7.42,1.49,0
16934.75,20,1,0,0,0,662,0,3,13.14,0.7,0
8707.31,15,3,0,1,0,529,0,2,10.53,4.94,0
14544.84,14,1,0,0,0,253,0,3,15.23,4.34,0
15632.5,6,3,0,0,0,270,0,1,11.78,5.72,0
7380.8,10,2,0,1,0,409,0,1,16.8,8.14,0
2263.09,2,3,1,1,0,94,0,1,2.0,5.56,0
1225.23,8,6,0,1,0,182,0,1,13.96,6.42,0
12137.82,14,4,0,0,0,989,0,1,13.11,5.7,0
3896.35,8,1,1,0,0,462,0,3,16.38,3.24,0
49947.31,18,2,0,0,0,203,0,4,7.74,9.76,0
2481.57,20,2,1,0,0,477,0,2,13.57,3.62,0
28898.38,13,5,1,1,0,261,0,1,5.95,10.99,1
3088.28,8,3,0,0,0,1335,0,3,26.12,1.6,0
14806.94,7,2,1,0,0,588,0,0,14.31,2.68,0
21623.29,13,1,0,1,0,411,0,0,14.58,4.99,0
1243.77,17,0,0,1,0,582,0,1,19.52,5.58,0
2188.02,3,2,1,1,0,286,1,1,19.55,9.22,1
1230.74,10,4,0,0,1,229,1,1,21.43,10.42,1
1000.8,10,3,0,0,0,242,0,3,21.46,6.89,0
7335.06,6,2,0,0,0,386,0,0,21.26,6.24,0
2961.76,5,8,1,0,0,328,0,1,14.18,10.03,1
3846.75,20,3,1,0,1,126,0,1,2.0,3.75,0
6529.27,10,3,0,0,0,293,0,0,28.04,9.19,0
517.88,13,4,0,0,0,112,0,4,24.53,2.93,0
14060.21,0,2,0,0,0,259,0,1,19.09,4.73,0
2523.62,6,5,1,0,0,34,0,1,20.32,7.91,0
6367.88,5,4,1,0,0,632,0,1,28.52,5.85,0
6986.59,7,3,0,0,0,327,1,0,18.33,9.61,0
15357.15,20,1,0,0,0,84,0,3,13.14,4.15,0
3261.36,13,3,2,0,0,195,0,1,19.74,10.74,0
391.58,21,2,0,0,0,318,0,3,13.02,6.97,0
3866.03,10,6,1,0,1,91,0,1,22.48,5.62,0
4495.1,18,2,1,0,0,959,0,1,17.22,13.59,0
1229.09,3,0,0,0,0,411,0,1,10.91,5.95,0
4250.81,19,3,1,1,0,302,0,0,16.25,7.75,0
2492.22,14,1,1,0,0,46,0,0,10.27,4.99,0
889.01,0,7,0,0,0,193,0,1,14.51,3.01,0
7369.16,16,2,0,0,1,377,0,2,15.36,17.83,1
2014.42,11,2,1,0,0,568,0,2,14.11,0.88,0
2376.3,0,2,0,0,0,382,0,2,20.53,10.26,0
2240.14,20,1,1,0,0,167,0,3,15.02,2.45,0
13323.07,12,1,1,0,0,765,0,4,16.33,5.94,0
3487.84,14,6,1,0,0,472,0,0,20.62,6.63,0
3956.26,13,3,0,0,0,247,0,1,22.3,6.44,0
2292.35,2,2,2,1,0,236,0,3,11.27,6.21,1
5919.52,7,1,1,1,0,837,0,1,12.53,4.14,0
15014.68,16,1,1,0,0,188,0,0,26.25,5.12,0
7188.62,8,6,0,0,0,245,0,1,12.39,6.48,0
7489.15,21,0,0,0,0,163,0,2,10.76,5.56,0
6881.15,7,1,1,0,0,668,0,2,29.15,2.0,0
854.7,11,2,2,0,0,783,0,1,11.04,1.34,0
1451.1,10,4,1,0,0,329,0,0,13.23,7.19,0
2935.88,0,1,1,0,0,211,0,2,17.32,1.16,0
1699.08,19,5,4,0,0,479,0,0,17.19,7.99,1
1190.63,3,5,0,0,0,288,0,0,8.78,6.4,0
509.9,11,3,0,0,0,221,1,0,13.65,10.79,0
885.49,21,2,0,0,0,327,0,4,18.66,1.9,0
2781.23,23,2,2,0,0,68,1,4,26.04,5.83,1
3384.98,5,1,1,0,0,929,0,2,22.45,2.11,0
1583.34,9,2,3,0,0,304,0,1,15.96,5.68,0
3955.54,13,2,1,0,0,743,0,0,17.81,7.04,0
2308.78,16,2,0,0,0,932,0,0,20.69,10.93,0
11442.64,6,3,2,0,0,477,0,2,15.09,3.72,0
3072.64,13,5,0,0,1,228,0,3,13.82,3.9,0
7563.94,20,1,1,1,0,76,0,1,13.22,4.82,0
4506.94,18,3,2,0,0,503,0,0,22.53,11.48,0
835.33,19,6,0,1,0,538,0,1,17.74,3.01,0
3310.35,21,4,1,0,0,447,0,0,14.86,6.51,0
994.85,20,2,1,1,0,626,0,4,17.72,3.2,0
3250.2,12,3,0,0,0,640,0,1,8.58,5.34,0
1665.05,23,1,0,0,0,436,0,3,24.09,1.84,0
5437.43,11,2,1,1,0,406,0,1,21.0,2.66,0
889.38,17,3,1,0,0,591,0,3,13.86,5.03,0
3697.59,22,1,1,0,0,390,0,1,24.97,4.95,0
6641.12,1,2,0,0,0,134,0,1,16.02,0.77,0
9442.49,22,6,0,0,0,170,0,1,11.47,3.14,0
1632.1,19,0,0,0,0,276,0,3,23.05,7.51,0
3709.45,23,0,1,0,0,643,0,1,19.81,1.77,0
4417.61,18,2,0,0,0,246,0,3,18.12,4.87,0
18480.71,3,2,0,0,0,345,2,1,14.31,5.01,1
768.63,7,5,1,0,0,686,0,0,10.24,7.44,0
1398.76,0,4,0,0,0,479,0,2,9.92,2.63,0
69195.12,14,1,0,0,0,666,0,1,12.18,6.6,0
2733.25,10,2,2,0,0,385,0,2,16.31,13.82,1
499.92,11,3,0,0,0,201,0,2,20.15,8.27,0
1975.0,17,1,0,1,0,305,0,1,11.36,12.26,0
198.88,19,3,0,1,0,618,0,0,17.58,19.6,1
4688.96,1,2,1,0,0,229,0,4,22.1,4.55,0
8520.87,22,3,0,0,1,450,0,2,13.33,3.05,0
1397.94,8,6,0,0,0,98,0,1,15.19,4.48,0
2221.06,18,4,0,1,0,271,0,1,12.61,4.94,0
9603.06,13,3,0,0,0,454,0,2,14.29,10.9,0
579.56,10,4,2,0,1,674,0,1,17.58,19.32,1
909.0,5,2,0,0,0,463,0,2,28.3,4.22,0
2865.45,4,6,0,0,0,398,0,2,28.37,7.87,0
1652.51,17,3,0,0,0,144,0,3,18.52,4.07,0
2674.29,7,0,0,1,0,1288,0,1,9.8,18.77,1
965.9,5,7,1,1,1,837,0,0,18.0,2.27,0
4559.78,0,4,2,0,1,443,1,0,15.37,1.62,1
3112.89,20,1,1,0,0,490,0,1,15.46,19.28,1
6481.13,9,1,0,0,0,514,1,1,17.7,3.86,0
4493.65,8,4,1,0,0,75,0,1,23.16,0.52,0
4523.42,8,6,1,0,0,345,0,0,13.19,6.12,0
797.42,14,2,1,0,1,1583,1,4,24.03,2.68,0
6107.18,11,4,1,0,0,414,0,1,14.91,2.9,0
2572.39,13,0,1,0,0,258,0,0,19.1,8.13,0
3056.64,6,2,1,0,0,599,0,3,18.5,3.36,0
10945.43,7,4,1,0,0,452,0,1,17.54,5.23,0
1710.59,20,2,1,0,0,374,0,2,13.64,0.33,0
15044.14,10,3,0,0,0,721,0,1,16.49,3.36,0
16592.38,23,4,1,0,0,1028,0,2,21.63,2.74,0
8025.86,20,3,2,0,0,371,0,4,10.89,1.83,0
1300.3,17,3,2,0,0,395,0,1,26.12,3.27,0
366.64,13,3,0,0,0,467,0,1,9.96,3.02,0
11302.47,20,2,1,1,1,888,0,2,25.96,10.49,1
4092.68,1,3,0,0,0,93,0,1,7.98,9.72,0
1664.94,11,7,2,0,0,462,0,0,19.78,14.31,1
12484.47,17,0,1,0,0,164,0,2,25.2,0.61,0
1473.45,2,5,0,0,0,485,0,4,21.86,4.93,0
2332.36,4,2,0,0,0,840,0,1,11.04,15.66,0
6317.85,1,1,0,0,0,154,0,1,17.33,7.46,0
1130.84,11,5,2,0,0,523,0,3,16.31,3.96,0
3245.57,12,7,1,0,0,775,1,0,6.42,6.57,1
11425.4,11,3,0,1,0,463,0,1,12.14,3.77,0
4544.47,1,3,2,0,0,275,0,1,24.08,3.35,0
13491.26,11,5,0,1,0,591,0,2,15.77,3.55,0
11971.48,21,3,0,0,0,61,0,2,16.46,7.8,0
3670.65,0,2,2,0,0,123,0,0,16.25,1.21,0
313.07,18,5,1,0,1,325,0,0,19.79,1.2,0
1140.18,6,3,1,0,0,376,1,1,25.04,2.0,0
8115.25,1,5,2,0,0,776,0,3,22.54,11.25,1
714.97,1,2,0,0,0,277,0,1,16.64,3.86,0
2583.69,0,2,2,1,0,335,0,2,14.46,12.92,1
5194.75,9,4,1,1,0,622,0,0,23.24,3.54,0
17035.41,11,1,2,0,0,999,0,0,14.47,4.74,0
1990.68,14,4,1,0,0,233,0,1,18.8,4.57,0
1852.59,1,5,0,0,0,359,0,0,29.91,2.57,0
3445.87,15,3,0,0,0,311,0,0,10.76,5.56,0
5263.01,17,1,0,1,1,448,0,0,11.58,4.98,0
3096.54,1,0,0,0,0,665,0,1,15.48,0.73,0
10956.98,16,2,0,1,0,459,0,0,12.36,3.78,0
1573.25,2,4,1,0,0,464,1,3,18.31,6.86,1
4130.56,10,2,1,0,0,610,0,0,8.83,8.18,0
5810.8,15,3,0,0,0,393,0,1,26.07,9.94,0
2391.69,20,2,1,0,0,145,0,0,14.48,3.04,0
8792.86,12,4,1,0,0,664,0,0,12.79,13.24,0
4257.37,10,4,2,0,0,171,0,3,24.59,11.04,1
8335.58,20,2,0,1,0,703,0,1,21.6,9.39,0
4464.04,5,3,0,0,0,1541,0,1,15.5,4.64,0
5405.78,4,0,0,0,0,80,0,4,19.02,2.83,0
1874.3,11,2,0,0,0,86,0,2,15.4,3.35,0
1877.49,2,3,0,0,0,865,0,2,14.57,16.66,0
13168.94,0,2,1,0,0,257,0,2,11.26,14.5,1
7096.0,8,2,0,0,0,269,1,1,22.17,4.93,0
1243.75,3,0,1,0,0,207,0,1,29.56,8.36,0
4402.41,15,2,0,0,0,143,0,5,12.11,3.4,0
301.13,13,4,0,0,0,618,0,0,17.24,2.46,0
1992.93,11,2,1,0,0,81,0,3,22.83,5.45,0
9987.39,11,4,1,1,0,259,0,3,23.05,11.67,0
3192.62,2,4,0,0,0,907,0,3,12.37,7.12,0
4120.82,9,3,0,0,0,202,0,1,19.89,2.55,0
153.36,1,3,1,0,0,615,0,3,12.09,11.19,0
2411.81,8,1,2,0,0,251,0,0,10.09,5.73,0
5193.62,16,0,0,1,0,501,0,1,8.22,5.51,0
5934.6,23,5,1,0,0,560,1,0,22.35,7.42,1
10001.33,7,4,2,0,0,545,0,3,10.33,4.87,0
2919.68,6,1,1,0,0,279,0,2,16.69,2.07,0
3059.67,16,7,0,0,1,406,0,2,20.24,2.27,0
898.99,22,4,0,0,1,245,0,1,25.15,5.39,0
2937.32,7,3,0,0,0,253,0,1,17.4,3.87,0
968.11,20,4,0,0,0,781,0,1,19.99,2.25,0
523.08,7,1,0,0,0,331,0,0,20.73,2.25,0
1165.1,15,1,0,0,0,151,0,1,14.32,5.25,0
17749.62,5,5,0,1,0,165,0,0,14.01,4.97,0
2740.54,6,4,1,1,0,1266,1,0,17.96,1.99,0
4586.49,23,3,1,0,0,791,0,4,17.95,5.68,0
2123.52,9,2,1,0,0,1024,0,1,29.22,2.11,0
555.53,0,2,0,0,0,447,0,0,18.67,5.83,0
9729.51,18,1,1,1,0,289,0,1,17.26,1.8,0
372.11,3,3,4,0,0,253,0,3,15.78,4.63,1
2033.41,2,2,1,0,0,230,0,2,15.58,14.97,1
3438.03,20,2,1,0,0,357,0,3,16.33,1.42,0
4637.89,8,1,1,0,0,207,0,1,20.54,0.88,0
1698.0,3,3,0,1,0,918,1,4,17.52,21.15,1
528.55,23,3,0,0,0,182,0,1,18.34,3.83,0
1570.03,6,5,0,0,0,501,0,2,20.16,25.0,1
1658.72,15,2,2,0,0,416,0,3,14.76,1.62,0
1616.88,6,3,1,0,0,334,0,1,25.87,2.28,0
10082.55,13,2,0,0,0,727,0,1,6.21,2.07,0
1018.12,16,5,2,0,0,406,0,0,27.01,7.45,0
4994.18,18,1,0,0,1,203,0,1,14.95,2.3,0
4299.32,9,5,0,0,0,460,0,3,10.69,3.14,0
9981.39,14,3,0,0,0,1295,1,1,24.92,11.45,0
3165.96,20,2,0,0,0,236,0,2,9.59,1.84,0
8355.6,20,2,1,0,0,399,0,1,26.38,1.77,0
3038.65,17,3,0,0,0,165,0,3,6.02,7.24,0
5745.15,9,4,0,0,0,850,0,6,24.06,8.69,0
751.38,12,2,2,0,0,637,0,1,14.9,5.97,0
228.11,23,2,0,0,0,1054,0,0,13.1,4.01,0
5412.27,5,3,1,1,0,272,0,2,26.44,3.93,0
5725.83,16,4,1,0,0,1560,1,2,12.13,7.33,0
5998.58,19,0,1,0,0,555,0,4,16.54,10.12,0
2098.17,11,3,0,0,0,417,1,1,10.24,10.12,0
17399.7,20,1,0,0,0,492,0,2,18.85,2.2,0
2246.5,10,2,0,0,0,351,0,1,21.53,7.69,0
5664.21,20,2,1,1,1,732,0,2,28.55,1.71,0
6797.89,15,1,0,0,0,288,0,4,20.88,2.14,0
22129.73,1,2,1,0,1,243,0,1,12.36,3.27,0
2610.03,19,1,0,0,0,616,0,2,16.62,11.29,0
1833.8,16,2,0,0,0,286,0,0,13.64,14.11,0
755.17,5,1,0,0,0,1218,0,0,16.84,7.32,0
18582.68,16,2,0,0,0,383,0,1,21.54,3.02,0
5667.38,12,4,0,0,0,394,0,1,13.83,5.51,0
5858.88,22,3,0,0,0,445,0,1,11.19,6.38,0
96041.86,7,3,0,0,1,195,0,0,16.75,12.01,1
5121.98,6,4,0,0,0,494,0,3,16.67,2.57,0
927.56,1,1,0,0,0,495,1,3,15.79,4.59,0
2964.02,18,3,2,0,0,581,0,0,18.59,0.79,0
1308.29,23,2,1,0,0,300,1,1,13.56,3.31,0
2402.68,16,4,2,0,1,358,0,1,16.68,2.58,0
2385.78,8,4,0,1,0,173,0,2,9.88,4.54,0
1965.74,21,3,2,0,0,14,0,0,19.93,7.86,0
843.07,6,3,1,0,0,570,0,1,11.78,2.43,0
19382.52,16,2,0,0,0,679,0,4,19.01,11.12,0
4983.02,14,0,0,0,0,131,1,2,11.06,10.2,0
2873.41,20,7,1,0,0,77,0,0,12.62,3.26,0
8066.86,23,1,0,0,0,530,0,1,15.3,1.5,0
5970.71,8,2,1,0,1,267,0,0,27.12,4.05,0
4863.31,2,5,0,0,0,421,0,1,21.87,7.27,0
7474.47,3,2,0,0,0,743,0,2,11.61,6.63,0
4190.74,17,2,0,0,0,74,0,1,20.36,3.57,0
7359.39,8,2,0,0,0,324,0,1,24.87,5.81,0
8028.62,3,2,0,0,0,406,0,0,11.46,6.3,0
4319.33,19,7,0,0,0,500,0,1,17.75,9.68,0
2888.77,15,2,2,0,0,247,0,3,21.08,3.99,0
18158.93,3,5,1,0,0,99,1,3,20.29,3.8,0
2204.38,17,2,1,0,1,277,0,0,19.52,10.43,0
5491.07,15,3,2,0,0,988,0,3,9.71,7.44,0
5622.91,23,1,1,0,0,749,1,1,20.23,6.23,0
1919.78,23,3,0,0,0,386,0,2,6.72,5.52,0
1558.98,23,0,0,0,0,291,0,2,3.96,6.22,0
2511.05,21,1,0,0,0,783,0,2,5.59,3.15,0
2171.5,19,2,0,0,0,526,0,1,28.21,4.82,0
787.58,16,4,0,1,0,464,1,2,9.08,4.07,0
1837.08,13,0,0,1,0,836,0,1,19.56,1.27,0
4815.21,19,3,0,0,0,785,0,0,26.71,5.05,0
13756.14,23,5,2,0,0,392,0,1,17.88,2.76,0
6516.62,2,1,0,0,0,433,0,0,15.79,6.88,0
237.58,3,3,0,0,0,469,1,0,16.88,2.32,0
7139.29,11,6,0,0,0,260,0,2,22.88,16.59,1
2026.25,7,3,5,0,0,568,1,3,20.87,6.96,1
5859.0,12,0,0,1,0,97,0,2,23.14,2.83,0
3587.31,7,3,2,0,0,112,1,1,17.37,7.25,1
2974.04,18,2,1,0,0,617,0,2,27.75,14.82,1
3270.35,21,3,0,0,0,112,0,2,19.2,6.34,0
3556.22,6,1,0,0,1,1474,0,1,20.31,6.45,0
14937.43,18,2,3,0,0,311,0,1,19.33,12.16,1
3566.56,2,1,0,0,0,358,0,1,18.46,9.28,0
11382.28,19,3,0,0,0,83,0,2,16.83,5.24,0
9768.33,16,5,0,0,0,102,0,3,6.06,7.12,0
7334.89,17,5,2,1,0,1048,0,1,10.44,4.81,0
557.83,11,4,2,0,0,85,0,1,12.93,3.5,0
11760.06,2,6,3,0,0,131,0,4,17.91,7.42,1
2251.17,20,5,1,0,0,478,0,5,14.8,8.73,0
7719.57,2,5,3,0,0,364,0,1,25.88,8.98,1
1311.39,11,5,0,0,0,371,0,2,24.11,4.46,0
1049.08,4,5,3,0,0,709,0,2,10.02,0.8,0
29004.56,20,2,4,0,0,373,0,1,11.8,8.96,1
1332.97,13,4,0,0,0,421,0,0,11.64,3.23,0
12129.7,12,1,2,1,0,170,1,1,12.06,5.31,1
4123.02,7,3,0,0,0,882,0,2,21.74,5.54,0
2342.27,18,5,0,0,1,38,0,3,15.44,3.56,0
3473.54,5,2,1,0,1,585,0,1,17.25,4.03,0
928.76,17,3,1,0,0,898,0,2,26.31,7.47,0
3588.75,23,3,0,1,0,263,0,1,20.25,1.38,0
1168.09,6,2,0,0,0,437,0,0,4.05,5.04,0
2403.75,16,4,0,0,0,134,0,0,32.25,12.35,0
9619.66,7,1,0,1,0,481,0,1,4.45,1.37,0
4754.75,22,0,1,0,0,429,0,0,6.06,13.84,0
767.95,21,4,2,0,0,56,0,2,21.38,2.93,0
8902.28,7,4,0,0,0,526,0,2,17.95,10.56,0
3613.91,5,6,0,0,0,403,0,1,23.37,8.03,0
2060.5,1,5,0,0,0,483,0,1,19.01,13.99,0
7974.55,16,1,0,0,0,380,0,2,25.32,5.27,0
3054.69,22,1,4,0,0,614,0,4,14.01,11.24,1
1070.69,3,2,1,0,0,222,0,2,15.2,6.42,0
25341.54,19,2,0,0,0,280,0,2,13.51,7.15,0
3575.46,18,4,0,1,0,387,0,3,17.27,2.19,0
3342.74,11,1,0,0,0,879,2,0,18.75,1.16,0
2379.49,5,5,0,0,0,292,0,1,24.16,6.46,0
12568.69,15,1,0,0,0,170,0,1,28.8,4.41,0
2098.29,14,1,0,0,0,123,0,2,20.19,5.91,0
718.94,19,3,2,0,0,327,0,1,19.01,7.61,0
1785.38,13,5,0,1,0,309,0,2,18.84,8.43,0
14663.45,1,5,2,0,0,490,0,0,19.39,3.14,0
8723.18,4,8,1,0,0,181,0,1,15.51,5.66,0
2785.64,9,3,0,0,0,328,0,4,11.52,0.87,0
15396.85,11,3,1,0,1,602,0,1,13.12,0.76,0
7985.15,8,2,0,0,0,1055,0,0,22.54,2.58,0
2751.99,21,1,0,1,0,87,0,3,24.83,7.91,0
3058.85,6,4,0,0,0,347,0,0,22.39,5.63,0
5145.02,16,2,0,0,0,415,0,2,19.68,0.31,0
1520.08,8,3,1,1,1,180,1,3,29.2,1.23,1
3658.21,23,3,0,1,0,161,0,2,20.69,5.49,0
5033.84,21,2,1,0,0,300,0,1,24.09,1.16,0
619.36,18,4,1,0,0,760,0,2,19.86,18.48,1
2984.58,18,4,0,0,0,506,0,0,24.6,8.15,0
2648.61,15,7,0,0,0,179,1,0,24.86,1.96,0
10715.77,14,5,4,0,0,550,0,1,10.76,6.02,1
524.94,13,3,1,0,0,35,0,1,23.81,0.19,0
2439.18,0,6,1,0,0,180,0,1,18.28,2.64,0
2195.48,22,2,3,0,0,92,0,3,10.63,5.21,0
9977.37,23,2,0,0,0,429,0,2,11.23,7.76,0
3478.22,12,5,0,0,0,255,0,2,27.8,7.31,0
24002.17,20,6,0,0,0,443,0,2,18.34,3.38,0
7297.77,9,2,1,0,0,1084,0,3,14.39,3.6,0
2366.73,2,8,2,0,0,26,0,1,12.22,4.7,1
4682.75,20,2,0,0,0,446,0,4,14.0,6.56,0
2510.48,12,5,0,1,0,264,0,3,18.06,4.82,0
8976.51,22,1,0,1,0,251,0,0,23.65,7.56,0
898.92,5,2,1,0,0,249,0,1,23.17,7.41,0
1533.21,11,2,0,0,0,343,0,1,33.7,0.8,0
5875.08,16,4,1,0,1,26,0,1,23.17,5.4,0
13187.76,3,2,1,0,1,315,0,2,18.27,3.82,0
360.66,23,2,0,0,0,404,0,1,27.24,1.58,0
15416.52,14,4,0,1,1,408,1,4,11.4,16.11,1
3142.76,4,4,0,0,0,55,0,0,23.76,10.12,0
503.68,17,2,0,0,0,129,0,0,27.14,2.08,0
155.74,21,4,2,0,0,837,0,1,22.08,2.59,0
730.8,8,4,0,0,0,558,0,0,25.81,0.64,0
3566.39,14,3,2,0,0,545,0,0,20.25,1.82,0
3397.54,17,4,1,0,0,65,0,1,24.04,10.46,0
7078.81,3,2,0,1,0,429,0,2,14.26,2.09,0
2044.77,12,2,1,0,0,268,0,4,21.94,11.38,0
1137.47,13,3,0,0,0,454,0,2,11.93,13.01,0
2359.63,7,5,1,0,1,219,0,1,25.72,15.68,1
3771.74,7,2,0,0,0,701,0,1,24.41,9.72,0
4639.27,15,2,2,0,0,391,0,1,15.57,5.1,0
1589.82,18,2,0,1,0,73,1,4,6.84,12.65,1
9381.73,9,1,0,0,0,96,0,0,13.43,1.93,0
1896.06,3,3,2,0,0,186,0,2,18.62,5.16,0
1460.88,18,0,0,1,0,1617,0,2,17.45,1.66,0
2060.06,4,4,2,0,0,546,0,1,10.82,7.18,0
11255.16,0,0,0,0,0,449,1,1,25.21,2.94,0
3167.07,7,0,1,0,0,1258,0,0,22.34,3.37,0
1755.94,19,0,2,1,0,480,0,0,18.56,10.52,1
9627.83,18,2,0,0,0,419,0,2,21.58,1.65,0
34540.44,7,4,2,0,0,305,0,0,18.28,4.18,0
4537.66,12,1,0,0,0,120,0,2,4.7,13.64,0
13300.2,23,1,1,0,0,396,0,2,26.91,11.17,0
10806.27,17,4,1,0,0,156,0,1,30.81,1.26,0
1927.69,18,2,2,0,0,266,0,2,21.17,0.45,0
3744.21,2,6,2,0,0,481,0,1,16.32,3.55,0
947.03,5,4,4,0,0,111,0,0,7.47,1.29,0
2936.02,2,4,0,1,0,369,0,1,15.67,7.37,0
1886.54,23,2,0,1,0,176,0,3,9.57,2.22,0
2385.04,8,3,4,1,0,944,0,1,15.62,3.05,1
1656.75,11,0,0,0,0,637,0,5,13.56,0.94,0
2693.37,13,3,1,0,0,202,0,0,17.59,4.32,0
6366.75,12,3,0,0,0,544,0,1,16.09,2.83,0
3211.63,1,3,0,0,0,855,0,1,17.45,8.41,0
514.1,21,3,0,0,0,583,0,5,16.77,2.89,0
1663.32,9,3,0,0,0,464,0,1,20.39,2.09,0
738.51,22,4,1,0,0,354,0,2,14.07,5.49,0
4704.45,18,2,1,0,0,208,0,2,5.83,7.04,0
6176.35,16,4,0,0,0,326,0,0,15.94,10.5,0
4766.54,16,5,0,1,1,92,0,1,26.76,9.57,0
1592.76,23,5,0,1,0,47,0,1,15.9,4.28,0
4718.27,7,1,0,1,0,422,0,2,12.08,5.57,0
2222.48,7,3,1,0,0,498,0,1,18.82,5.57,0
1101.98,16,4,1,0,0,130,1,0,18.79,14.17,1
7934.9,5,3,0,1,0,245,0,1,27.01,5.51,0
8594.94,19,0,2,0,0,217,0,2,17.47,8.41,0
9860.97,0,5,0,0,0,665,0,1,5.46,1.24,0
1922.22,21,3,2,0,0,498,1,3,20.23,4.45,0
12560.73,8,3,2,0,0,951,0,1,22.24,4.6,0
2168.39,0,5,0,0,0,151,0,1,19.1,5.65,0
7231.32,14,4,0,1,0,600,0,2,24.21,5.16,0
2129.29,6,0,1,0,0,227,0,1,14.16,5.71,0
2877.91,7,3,0,0,0,1086,0,0,22.88,9.42,0
286.51,11,3,0,0,0,909,0,0,32.01,2.0,0
2651.79,13,0,0,1,0,235,0,2,17.31,4.96,0
4006.38,3,0,1,0,0,393,0,2,13.74,8.76,0
2367.16,1,5,0,0,0,382,0,1,15.24,4.49,0
23017.21,11,0,0,0,1,349,0,2,14.29,4.27,0
1074.29,8,4,0,0,0,719,1,0,23.77,3.14,0
2014.73,13,3,0,0,0,569,0,0,20.23,2.72,0
1407.94,17,1,0,0,0,750,0,0,17.81,5.83,0
2014.31,14,1,0,0,0,535,0,4,32.99,1.79,0
10753.47,2,3,0,0,0,428,0,0,12.31,1.71,0
17187.43,23,1,1,1,0,887,0,1,23.97,3.38,0
1744.4,17,1,1,0,0,152,0,0,25.91,3.82,0
1704.18,1,2,2,1,0,333,0,1,20.47,6.03,0
1080.32,18,0,0,0,0,421,0,2,14.35,9.71,0
14351.36,21,1,1,1,0,1108,1,2,14.8,7.82,1
11814.17,13,2,0,0,1,185,0,1,11.64,1.54,0
3257.51,19,2,2,1,0,152,0,2,29.4,3.1,0
840.58,21,1,2,1,0,249,0,3,17.08,0.94,0
923.35,23,0,0,0,1,242,2,1,12.98,11.06,1
4355.35,22,2,2,1,0,584,0,2,13.32,5.2,0
6482.13,4,2,0,0,0,25,1,1,31.97,2.94,0
415.94,0,0,0,0,1,1141,0,0,16.35,7.36,0
2598.33,15,6,0,0,0,133,0,0,12.46,2.56,0
19914.65,16,4,0,0,1,1403,0,2,14.33,8.21,0
2897.53,13,4,3,0,0,443,0,2,27.17,4.74,0
17398.16,5,5,1,0,1,152,0,1,20.56,3.17,0
7197.57,22,7,1,0,0,165,0,3,15.83,3.14,0
1166.2,9,4,0,0,0,1569,0,1,17.85,7.21,0
2677.65,17,6,2,1,0,330,0,1,27.18,7.78,1
3180.75,14,2,1,0,0,326,0,1,16.63,6.43,0
1339.25,21,2,1,1,0,573,0,1,16.91,4.48,0
1315.06,17,3,1,0,1,449,0,1,14.53,3.46,0
17713.94,15,2,2,1,0,333,0,0,8.92,3.77,0
1304.76,20,2,0,0,0,365,0,2,28.36,12.25,0
11297.74,1,4,1,0,0,582,0,0,28.07,6.8,0
2302.36,16,4,2,0,0,518,0,0,17.84,2.38,0
3544.24,14,4,2,0,0,957,0,2,21.02,9.9,0
6567.82,18,4,1,0,0,370,0,3,14.61,3.65,0
1942.08,5,2,1,1,0,604,0,4,25.07,2.78,0
6609.74,14,3,0,0,0,763,0,1,18.27,15.2,0
424.64,6,6,0,0,0,392,0,0,33.66,7.35,0
5777.31,2,4,3,1,0,352,0,3,30.76,0.32,1
272.61,13,2,2,1,0,700,0,3,6.42,3.05,0
2869.26,0,0,2,0,0,208,0,3,7.87,0.98,0
8928.07,2,4,1,0,0,551,0,1,24.34,13.5,0
6998.21,12,2,1,0,1,569,0,1,11.35,15.81,1
931.38,21,2,0,0,0,819,0,0,11.51,0.69,0
1066.2,17,4,0,0,0,589,0,2,22.6,3.96,0
1766.75,0,2,0,0,1,746,0,2,14.63,4.81,0
4427.22,2,3,0,0,0,681,1,3,15.5,14.23,1
431.16,10,6,1,1,0,190,0,3,25.14,2.15,0
3590.75,10,4,1,0,0,581,0,1,18.2,13.67,0
5049.28,0,3,0,1,0,867,0,2,19.47,0.39,0
2704.87,6,5,0,0,0,425,1,0,16.01,3.82,0
6320.71,3,4,0,1,0,600,0,2,16.37,3.35,0
4605.06,13,0,0,0,0,318,0,3,19.81,10.73,0
2061.65,15,3,2,0,0,1013,0,3,15.41,6.31,0
476.75,9,4,0,0,0,138,0,2,9.51,3.29,0
4188.44,13,1,1,1,0,752,0,1,20.65,9.29,0
1338.45,4,3,2,1,0,104,0,2,12.81,9.64,1
1983.74,20,3,1,0,0,863,0,2,16.26,6.42,0
6021.43,0,0,2,0,0,302,0,3,18.43,1.47,0
16126.19,12,4,1,0,0,52,0,3,21.9,6.26,0
3498.32,7,2,1,0,0,289,0,1,8.91,7.1,0
6514.38,10,4,0,0,0,480,0,1,23.48,2.13,0
798.95,12,4,0,1,0,520,0,1,12.81,4.7,0
4711.68,15,0,0,0,0,468,1,2,32.67,1.42,0
3418.98,22,6,1,0,0,81,0,5,25.25,7.64,0
13235.91,13,3,0,0,0,337,0,0,30.03,3.9,0
2064.24,5,4,1,1,0,115,1,2,22.05,4.1,0
2825.05,12,2,0,1,0,218,0,0,15.53,4.27,0
11067.36,12,2,0,0,0,686,0,0,19.08,7.15,0
3305.57,20,5,0,0,0,333,0,0,20.09,3.73,0
1136.51,13,2,0,0,0,365,0,1,12.04,1.28,0
53061.93,20,2,0,0,0,132,0,1,13.81,0.77,0
1173.19,15,2,1,0,0,238,0,2,16.73,2.45,0
3401.82,13,2,0,0,0,352,0,4,18.47,4.68,0
5239.72,7,3,0,0,0,414,0,0,23.53,4.28,0
4822.26,6,4,0,0,0,288,0,0,15.95,1.23,0
2983.25,2,5,0,0,0,577,0,2,22.22,3.44,0
2998.9,13,3,1,0,0,63,0,4,14.11,14.79,1
2845.01,22,5,0,0,0,497,0,4,20.55,2.27,0
1128.08,0,4,1,0,0,895,0,1,23.93,9.66,0
34812.44,22,1,1,0,0,926,0,2,14.15,3.29,0
2889.99,20,4,0,0,0,440,0,4,18.24,1.66,0
6814.29,10,1,1,1,0,304,0,2,22.36,11.07,0
2562.18,7,1,1,1,0,159,1,5,11.15,4.85,1
2508.65,13,5,2,0,0,117,0,0,17.19,2.89,0
2256.98,20,1,2,0,1,232,0,7,17.89,6.53,1
715.27,0,3,0,0,0,348,0,2,15.59,5.55,0
3075.88,10,1,2,1,0,156,0,0,19.27,1.87,0
2374.74,1,1,1,0,0,314,0,0,10.14,3.32,0
12457.78,15,1,0,1,0,446,0,1,18.81,4.04,0
1036.35,1,4,2,0,0,771,0,3,22.09,1.26,0
1986.23,7,3,0,0,0,443,1,0,18.83,16.36,1
1417.48,17,4,2,0,0,506,0,0,21.15,8.72,0
16558.53,18,2,0,0,0,356,1,0,18.73,9.53,0
1461.36,5,1,0,0,0,210,0,1,15.19,13.56,0
6570.96,12,3,1,1,0,1086,0,0,18.09,0.71,0
10083.64,4,5,0,1,0,636,0,1,21.14,10.46,0
3123.07,14,8,1,0,0,364,0,3,24.49,6.27,0
857.78,0,1,2,1,0,201,0,1,11.93,7.75,1
869.26,19,3,0,0,0,662,0,1,18.37,6.2,0
8979.97,0,4,0,0,0,1328,0,2,30.18,3.47,0
969.11,14,6,1,0,1,347,0,0,22.44,6.75,0
5495.19,9,3,0,0,0,450,1,0,19.94,1.84,0
4105.43,5,2,0,0,0,579,0,0,13.11,5.34,0
5409.92,13,2,1,0,0,791,0,3,21.28,12.58,0
5973.95,3,5,1,1,0,528,0,1,18.22,5.63,0
1366.0,13,3,0,0,0,208,0,3,14.72,3.62,0
1307.27,15,1,1,1,0,284,0,4,20.44,3.84,0
7713.08,10,3,1,0,0,718,0,0,19.22,3.52,0
1880.3,8,2,0,1,0,694,1,0,18.94,1.45,0
202.83,11,2,1,0,1,221,0,1,8.7,1.52,0
7195.37,22,4,0,0,0,539,0,2,15.39,18.78,0
1226.51,18,2,0,0,0,88,0,4,22.69,1.14,0
5946.11,0,3,2,0,0,227,0,1,13.33,6.4,0
15716.45,6,3,2,0,0,273,0,2,6.25,4.48,0
3705.6,0,4,0,0,0,247,0,0,19.69,4.13,0
10358.41,5,1,1,0,0,232,0,0,11.51,3.06,0
4279.06,18,5,1,1,0,493,0,1,20.11,3.44,0
19279.56,20,2,2,0,0,168,0,1,29.3,6.78,0
1193.67,10,4,1,0,0,296,0,1,17.72,5.49,0
3609.68,16,2,2,0,0,1188,0,3,21.04,16.32,1
7382.15,8,2,0,0,0,196,0,2,17.53,1.74,0
2981.16,11,3,1,0,0,263,0,3,20.91,5.26,0
12207.79,19,1,3,0,0,316,0,0,19.0,5.37,0
2313.13,6,3,0,0,0,557,0,1,18.08,9.47,0
31979.16,7,5,1,0,0,304,0,2,26.55,5.49,0
33803.09,3,3,2,1,0,443,1,0,18.14,2.06,1
4896.01,5,1,0,0,0,405,0,0,28.27,9.66,0
6504.38,0,6,2,0,0,280,0,2,18.87,4.17,0
12724.12,19,4,2,0,0,452,0,1,17.87,7.61,0
1046.75,20,0,0,1,0,88,0,2,16.38,2.66,0
918.19,10,4,1,0,0,323,0,2,12.45,5.5,0
13619.25,14,4,0,0,0,648,0,0,15.08,13.28,0
4854.63,5,5,1,0,0,186,0,1,19.32,0.13,0
2870.29,1,4,0,1,0,378,0,1,19.09,5.02,0
3683.72,12,5,1,0,0,169,0,3,16.88,3.95,0
297.27,3,3,1,0,0,243,1,0,24.27,10.11,1
2980.69,20,2,0,0,0,490,0,1,18.85,3.97,0
1651.27,6,3,0,0,0,469,0,1,18.85,6.06,0
9546.93,17,4,1,0,0,214,0,2,21.79,1.73,0
10350.42,6,7,1,1,0,148,0,4,27.91,3.68,0
6670.93,3,4,0,0,0,486,0,1,18.86,6.71,0
5515.03,13,2,0,0,0,697,0,1,6.59,2.96,0
755.81,4,5,1,0,0,78,0,0,6.61,1.26,0
6769.45,9,2,0,1,0,572,1,1,18.79,15.13,1
7050.6,7,4,1,1,0,212,0,1,8.13,0.95,0
13459.66,21,1,0,1,0,124,0,0,11.85,2.43,0
33661.85,12,2,1,0,0,162,0,2,18.87,8.51,0
615.73,17,0,1,0,0,246,0,3,17.83,11.83,0
2421.4,14,3,0,0,0,398,0,4,6.14,6.86,0
1670.07,21,1,1,0,0,330,0,5,10.87,4.76,0
4363.95,10,2,1,0,0,114,0,2,13.13,10.31,0
3692.55,20,5,2,1,0,379,1,1,21.72,3.61,1
2847.55,21,4,2,0,0,185,0,1,19.35,6.12,0
10710.55,22,1,1,0,1,715,0,3,22.02,12.63,1
1145.41,16,0,0,0,0,203,0,1,23.08,1.9,0
1220.26,23,4,0,0,0,596,0,1,23.09,10.39,0
1242.11,17,4,0,0,0,153,0,1,17.42,2.54,0
2494.03,7,4,0,0,0,316,0,0,25.13,1.96,0
1002.23,3,2,1,0,0,406,0,3,17.61,9.38,0
3459.92,5,4,4,0,0,1452,0,2,3.91,0.2,0
3060.2,13,2,0,0,0,163,0,1,16.61,0.81,0
1594.25,3,5,0,1,0,539,0,1,19.25,0.7,0
9112.98,5,3,0,0,0,120,0,0,5.55,2.45,0
3420.44,15,0,1,0,0,792,0,1,13.1,10.53,0
11111.99,7,2,1,0,0,832,0,0,24.48,4.04,0
2966.68,16,4,2,1,0,120,0,5,10.98,5.62,1
3549.62,23,2,2,0,0,345,0,1,16.58,10.11,0
2016.42,2,3,0,1,1,75,0,0,30.55,10.22,1
3614.11,15,3,0,0,0,133,1,2,21.2,5.39,0
7691.28,19,5,1,0,0,726,0,0,17.91,8.74,0
2363.97,3,1,1,0,1,1049,0,2,15.82,3.57,0
6275.02,18,2,0,0,0,509,0,1,23.44,5.44,0
1550.94,12,2,1,0,0,515,0,1,20.56,2.64,0
8078.84,15,2,0,0,0,451,0,0,27.88,0.63,0
1980.49,1,2,0,0,0,139,0,1,27.58,4.06,0
8904.07,10,4,0,0,0,285,0,1,12.39,5.61,0
3881.69,8,1,0,0,0,516,1,0,14.37,6.25,0
17979.75,3,0,1,1,0,19,0,2,25.77,1.22,0
1083.8,18,1,0,1,0,451,0,0,24.91,1.34,0
772.8,12,1,1,1,0,294,0,0,19.61,3.05,0
1906.4,21,1,0,0,0,385,0,1,10.42,7.09,0
850.78,3,2,2,1,0,237,0,1,14.7,3.75,0
852.46,17,1,0,0,1,611,0,1,11.16,1.54,0
6992.74,14,5,0,1,0,662,1,0,22.61,3.57,0
3625.01,15,2,2,0,0,324,0,3,22.73,5.67,0
2200.27,7,1,1,0,0,170,0,1,24.51,10.64,0
2425.25,16,2,2,0,0,249,1,1,17.25,14.86,1
1944.77,5,0,0,0,0,183,0,3,16.94,3.65,0
20596.73,18,3,1,1,0,619,0,2,10.89,10.13,0
1681.97,10,4,1,0,0,75,0,2,13.7,4.93,0
908.47,11,2,0,0,0,213,0,1,16.06,5.27,0
8398.88,13,5,0,0,0,1618,0,0,18.22,5.9,0
2902.87,2,3,0,0,0,272,0,2,17.1,5.11,0
30968.08,8,3,0,0,0,169,0,1,16.58,5.05,0
2095.37,4,2,0,0,0,276,0,1,18.44,1.28,0
8850.98,23,2,1,0,1,520,0,2,23.56,6.59,0
11342.45,10,3,3,0,0,647,0,2,25.63,9.03,0
2106.11,0,5,0,0,0,109,0,0,12.51,3.97,0
1668.92,0,2,1,0,0,374,0,1,17.33,6.42,0
7930.21,21,5,3,0,0,194,0,1,23.95,3.05,0
6658.41,3,3,3,0,0,192,0,0,17.22,13.15,1
827.87,0,1,1,0,0,611,1,2,29.08,2.52,0
1113.37,5,2,0,0,0,157,0,1,22.75,4.41,0
253.85,5,2,0,0,0,224,0,0,4.43,4.94,0
6803.25,1,4,0,1,0,988,0,0,22.3,6.01,0
2765.79,23,2,1,0,1,417,0,3,25.68,4.89,0
3070.95,1,5,2,0,0,733,0,1,7.18,2.29,0
616.45,17,6,1,0,0,77,0,0,15.89,1.99,0
1149.4,20,1,0,0,0,475,0,1,22.74,10.45,0
2204.25,15,1,0,1,0,893,0,4,15.5,12.22,0
1797.33,3,1,2,0,0,580,0,1,13.75,2.42,0
4120.49,17,4,0,0,0,318,0,1,11.17,10.79,0
6718.64,7,1,2,0,0,474,1,2,14.21,10.83,1
39461.99,9,2,2,0,0,436,0,0,16.67,1.44,0
3565.22,6,4,1,0,0,51,1,3,24.39,2.61,0
11744.88,18,2,1,0,0,263,0,1,28.56,16.44,1
1523.14,13,2,1,0,0,734,0,1,22.62,6.74,0
627.23,3,4,1,0,0,513,0,2,16.96,2.1,0
2515.14,9,4,0,0,0,95,1,0,20.23,6.8,0
680.2,19,3,1,0,0,175,0,2,24.01,8.02,0
3697.48,22,2,2,0,0,796,0,1,17.43,0.42,0
1604.43,22,6,0,0,0,439,0,2,11.94,3.33,0
467.79,3,3,1,0,0,528,0,2,16.41,5.4,0
22535.03,20,5,0,1,0,50,0,2,14.29,9.01,0
2070.53,13,4,0,0,0,494,0,2,16.42,5.59,0
652.3,17,4,0,0,0,513,0,0,6.7,1.41,0
9349.52,9,5,0,0,0,139,0,1,26.37,7.11,0
1694.18,15,2,0,0,1,141,0,2,20.46,1.02,0
11437.75,6,3,3,1,0,150,1,0,2.91,2.55,1
1685.7,12,7,1,0,0,99,0,2,17.32,4.05,0
2063.29,5,2,1,0,0,164,0,0,31.53,15.96,1
5229.51,9,2,0,0,0,527,0,0,15.03,7.16,0
6787.79,9,2,0,0,0,868,0,5,12.89,1.09,0
8159.25,20,4,0,0,0,229,0,1,23.06,13.92,0
3313.54,15,2,1,0,0,704,0,1,9.17,2.92,0
6342.62,15,5,0,1,0,346,0,1,21.49,3.29,0
7965.78,6,3,1,0,0,520,0,0,11.73,1.62,0
4494.45,10,1,0,0,1,143,0,0,15.8,6.65,0
3134.45,11,3,2,0,0,154,1,1,25.56,16.77,1
798.26,18,2,0,0,0,757,0,0,8.9,12.66,0
6830.36,4,1,1,1,0,149,0,0,18.16,11.7,1
3805.8,1,3,3,1,0,122,0,4,20.79,4.52,1
2358.32,12,4,0,1,0,150,0,1,18.9,1.01,0
13927.97,19,4,2,1,0,324,0,0,16.45,1.71,0
813.04,17,1,0,0,0,274,0,1,18.45,9.57,0
20460.23,19,1,0,0,0,130,0,1,5.55,0.81,0
3556.79,9,2,1,0,0,708,0,0,26.39,4.25,0
5081.66,5,1,2,0,0,236,0,3,19.33,5.64,0
2404.76,15,0,0,0,0,186,0,2,23.33,9.3,0
632.43,0,7,1,0,0,280,0,4,15.72,3.51,0
3144.5,21,2,1,1,0,201,0,0,17.29,3.93,0
5174.42,17,5,1,0,0,881,0,1,26.85,7.48,0
7405.93,12,3,0,0,1,357,0,1,11.01,12.07,0
2957.4,4,4,3,0,0,903,1,1,24.43,3.56,1
364.25,6,2,0,0,0,181,0,3,23.56,7.72,0
721.44,23,2,0,0,0,281,0,2,31.66,0.95,0
31401.8,0,6,2,0,1,472,0,0,17.56,3.0,1
1156.13,0,1,0,0,0,509,0,0,16.21,3.27,0
16291.55,8,2,1,1,0,91,0,1,24.05,2.06,0
1365.41,5,4,1,0,0,64,1,0,11.95,7.71,0
3006.17,16,3,0,0,0,620,1,1,25.28,3.09,0
7019.65,1,3,0,0,0,227,0,0,13.28,4.59,0
1538.86,18,1,0,0,0,225,0,1,18.33,4.62,0
19376.69,18,1,0,1,0,486,0,1,22.13,0.76,0
3942.28,5,2,0,0,0,386,0,4,20.77,9.72,0
5907.0,13,2,0,0,0,182,0,3,16.94,6.74,0
2749.06,16,1,0,0,1,282,0,1,19.04,12.65,0
7271.05,20,1,0,1,0,610,0,0,12.31,4.38,0
19105.52,17,3,0,0,0,520,0,0,13.05,3.21,0
3172.1,23,4,0,0,0,229,0,0,16.33,12.61,0
22386.17,2,2,1,0,0,159,0,1,20.56,8.14,0
1915.67,14,2,0,0,0,670,0,3,21.23,5.12,0
8121.75,18,2,0,0,0,230,0,0,23.32,8.91,0
6084.93,5,2,1,1,0,431,0,1,9.94,2.59,0
1185.58,5,3,0,0,0,172,0,0,24.12,3.81,0
4557.37,2,6,1,0,0,770,0,4,20.01,11.67,1
3669.22,23,3,0,0,0,435,0,2,19.47,2.08,0
1486.45,20,1,0,0,0,1015,0,2,17.18,10.9,0
5302.33,2,6,0,0,0,277,0,1,19.87,15.13,1
4245.45,5,4,1,0,1,157,0,2,7.9,8.85,0
3373.76,10,2,0,0,0,227,1,0,3.23,8.84,0
3388.0,21,3,2,0,0,136,0,2,18.39,3.1,0
3312.6,19,1,1,0,0,1057,0,3,22.29,4.88,0
2474.8,21,1,0,1,1,650,0,0,11.77,3.76,0
4216.77,19,4,0,0,0,834,0,0,18.41,3.13,0
1851.76,15,4,1,0,0,413,1,3,27.02,4.63,0
59257.64,6,2,1,0,0,1225,0,1,26.28,11.28,1
828.98,14,3,2,0,0,461,1,2,15.52,2.84,0
1970.47,11,2,0,0,0,125,0,0,15.71,6.4,0
2140.88,22,4,1,1,0,154,0,3,30.41,10.51,1
31024.05,10,1,1,0,1,300,0,3,18.41,4.34,0
910.38,18,1,0,0,0,501,0,2,17.98,6.32,0
5694.29,4,2,1,0,0,324,0,1,30.08,2.58,0
4725.9,16,2,0,0,0,398,0,3,17.02,7.37,0
5168.21,10,1,1,0,0,67,0,1,15.25,18.3,1
13335.17,10,0,2,0,0,369,0,0,6.9,3.98,0
13051.01,18,0,1,0,0,112,0,1,18.22,2.81,0
2267.64,11,3,2,0,0,128,0,1,15.95,7.74,0
4463.63,1,1,1,1,0,1176,0,0,18.07,5.07,0
514.24,9,1,0,0,0,155,0,1,7.49,6.83,0
4040.19,23,2,1,0,0,183,0,1,19.0,8.29,0
1581.79,22,2,2,1,0,553,0,1,22.4,4.52,0
2993.8,14,2,1,0,0,575,0,0,23.83,1.28,0
620.4,15,0,1,0,0,570,0,3,19.35,8.16,0
5569.81,6,6,1,0,1,1551,0,4,19.71,1.93,0
613.15,18,5,0,1,0,369,0,0,32.81,0.26,0
4254.36,14,5,1,1,0,255,1,1,21.64,10.34,1
1004.42,0,1,0,0,1,89,0,0,19.98,24.1,1
1492.01,22,1,2,1,0,192,0,0,18.41,3.25,0
12240.05,20,1,0,0,0,383,0,2,21.42,4.18,0
6750.11,1,3,0,0,0,446,0,1,9.2,6.23,0
12169.2,10,0,1,0,0,50,0,1,30.55,1.59,0
18726.85,17,2,1,0,0,580,0,1,21.1,3.61,0
1617.31,17,5,0,0,0,167,0,1,15.07,11.57,0
17569.51,4,2,1,1,0,169,0,3,18.37,6.41,0
781.5,0,3,1,1,0,64,1,0,16.78,9.7,1
7969.73,23,3,1,0,0,968,0,0,24.25,3.59,0
2168.94,21,2,0,0,0,68,0,0,20.58,6.15,0
1370.85,17,1,0,0,0,657,0,2,14.21,6.16,0
6940.95,15,3,3,0,0,372,0,0,23.69,13.13,1
9820.22,16,0,0,0,0,489,0,1,5.24,3.42,0
9518.87,10,2,0,0,0,385,0,2,18.24,17.27,0
4562.39,16,1,1,0,0,214,0,1,13.37,4.14,0
4182.04,7,2,1,1,0,78,0,0,21.7,17.9,1
6330.98,2,1,0,0,0,169,0,2,8.49,3.84,0
5008.8,7,3,2,0,0,750,0,0,15.47,2.76,0
6428.03,7,4,0,0,0,233,0,1,30.8,13.09,0
4510.66,7,5,1,0,0,923,0,0,19.5,2.19,0
8821.29,11,2,2,0,1,812,0,2,17.23,4.64,0
659.47,3,3,0,0,0,598,0,2,15.19,4.34,0
3172.14,9,0,0,1,0,1371,0,1,20.51,7.52,0
851.47,11,4,0,0,0,587,0,1,12.03,1.25,0
4868.48,4,2,0,0,0,236,0,1,18.87,6.81,0
20415.03,10,3,1,0,0,213,0,0,12.77,7.01,0
2213.24,16,6,0,0,0,232,0,5,17.01,5.85,0
4161.43,9,4,3,0,1,567,0,2,24.78,6.99,1
8057.12,0,5,1,0,0,127,0,0,23.19,4.76,0
415.25,16,1,1,0,0,542,0,0,18.11,4.9,0
2104.4,13,2,0,1,0,95,0,0,18.97,8.23,0
5338.72,10,3,2,0,0,516,0,3,16.72,5.02,0
173.84,0,3,1,0,1,630,0,4,12.72,8.39,1
1305.51,2,3,1,1,0,453,0,2,5.68,3.17,0
11566.88,1,4,2,0,1,309,0,1,21.53,3.87,0
10437.36,20,2,1,1,0,326,0,0,27.56,0.48,0
5393.95,7,5,1,0,0,258,0,2,13.34,12.84,0
9194.01,10,2,0,1,0,170,0,2,15.9,5.02,0
4563.57,16,5,1,0,0,102,0,3,21.3,6.04,0
6523.49,15,7,0,0,1,837,0,2,17.7,4.22,0
2613.81,1,5,2,0,0,144,0,3,15.19,4.5,0
4111.75,22,3,1,0,1,294,0,1,18.37,7.21,0
1874.34,6,4,0,1,0,479,0,0,18.97,0.43,0
13720.65,18,0,1,1,0,404,0,0,17.96,2.79,0
17991.19,19,3,0,0,0,596,0,0,6.69,2.0,0
15504.85,12,7,1,0,0,261,0,0,25.73,5.31,0
2371.99,3,3,2,0,0,434,0,1,4.61,0.27,0
1337.47,13,1,2,0,0,528,0,2,10.25,1.01,0
13916.39,5,2,1,0,0,104,1,1,20.12,7.6,0
6445.27,20,3,0,0,1,422,0,3,15.53,11.7,0
5141.05,18,7,0,0,1,388,0,0,6.59,8.0,0
1871.86,19,3,0,0,0,880,0,1,23.69,0.59,0
5692.74,19,3,0,0,0,738,0,3,16.4,14.23,0
1164.98,4,3,1,0,0,184,0,1,19.41,9.06,0
7085.21,0,4,2,0,0,517,1,2,20.18,2.27,1
15488.16,15,4,0,0,1,131,0,3,22.25,5.48,0
20183.04,14,3,0,0,0,688,0,1,19.05,2.44,0
7661.4,20,0,2,1,0,568,0,1,12.83,4.54,0
853.1,15,5,1,0,0,331,0,2,22.17,2.87,0
4479.19,19,2,2,0,0,227,0,0,23.0,7.56,0
34429.39,8,3,1,0,0,968,0,0,3.91,8.5,0
1462.58,2,3,0,0,0,404,0,1,17.12,9.82,0
3421.59,0,3,0,1,0,371,0,1,9.94,1.5,0
16061.82,10,5,0,0,0,139,0,2,31.19,4.82,0
6960.39,0,2,1,0,0,1087,0,2,15.87,3.54,0
49225.36,12,4,1,0,0,240,0,1,20.38,5.07,0
1686.63,9,1,1,0,0,71,0,1,28.13,6.72,0
1287.88,6,2,0,0,0,71,0,1,26.51,5.26,0
13165.19,14,2,1,0,0,167,0,4,13.02,8.39,0
1037.25,16,4,1,1,0,669,0,2,16.8,7.87,0
2961.33,0,0,0,0,0,328,0,1,16.49,8.51,0
3398.44,11,2,0,0,0,401,0,1,9.51,10.73,0
10805.27,22,3,1,0,0,306,1,1,20.83,3.82,0
6939.47,7,2,4,0,0,154,0,0,17.53,6.71,0
5883.57,18,3,0,0,0,431,0,2,17.59,0.64,0
2386.18,8,1,0,0,0,168,0,2,3.24,0.77,0
13039.71,6,3,2,0,0,199,0,1,22.21,8.24,0
150000.0,20,2,0,0,0,310,0,2,16.53,12.26,1
7523.95,8,6,1,0,0,99,0,0,14.85,3.64,0
4042.65,20,5,2,0,0,244,0,1,22.79,4.09,0
931.92,15,0,0,0,0,797,0,1,26.54,6.38,0
1864.31,19,1,0,1,0,835,0,3,7.39,4.26,0
2909.12,19,1,0,0,0,584,1,3,19.01,2.45,0
2076.98,21,5,1,0,0,134,0,1,21.5,3.15,0
3580.0,13,2,0,1,0,429,0,2,17.11,3.39,0
23550.84,22,5,2,0,1,359,0,2,20.42,16.27,1
13487.59,1,3,0,0,0,143,0,1,15.53,4.72,0
3081.67,11,2,0,0,0,129,0,1,11.96,8.86,0
1023.83,9,3,0,0,0,413,0,0,29.04,9.0,0
14827.46,2,4,2,0,0,55,0,7,16.61,6.29,1
3458.16,20,1,0,0,0,799,0,1,14.05,3.1,0
594.18,19,1,1,0,0,538,0,2,11.68,6.93,0
7692.89,17,2,2,0,0,380,0,0,12.61,11.43,0
10689.01,15,1,2,0,0,45,0,1,31.86,16.74,1
285.09,14,3,2,0,0,119,1,1,16.33,8.84,1
1531.83,9,5,0,0,1,478,0,1,13.69,1.85,0
3242.25,16,0,0,0,0,96,1,2,23.52,5.39,0
7873.33,23,0,0,0,0,391,1,1,11.07,15.75,1
2118.51,6,1,2,0,0,589,0,4,22.55,6.21,0
1519.67,8,1,0,0,1,309,0,2,30.74,10.37,0
7812.87,2,6,0,0,0,362,0,0,16.29,2.47,0
2226.67,21,1,0,0,0,463,0,0,23.67,2.32,0
6432.75,12,3,0,1,0,439,1,1,31.87,4.38,0
1133.32,14,6,2,0,0,284,0,1,24.52,6.68,0
880.11,6,4,1,0,0,1027,0,3,13.26,6.35,0
8046.82,0,1,2,0,0,315,0,1,15.31,4.26,0
4746.42,19,3,0,0,0,355,0,2,16.1,6.04,0
9590.98,20,5,0,0,0,333,0,1,15.8,3.68,0
2081.36,8,8,3,0,1,408,0,3,10.94,7.62,1
1579.94,18,3,1,0,0,549,0,0,15.44,7.28,0
15195.5,13,3,0,0,0,361,0,1,16.59,12.89,0
735.75,15,0,2,0,0,157,0,0,14.68,9.43,0
13548.54,4,0,0,1,0,409,0,2,23.42,4.25,0
14567.23,14,5,0,0,0,868,0,1,20.48,3.68,0
8983.04,3,4,0,0,0,156,1,5,22.21,5.38,0
1768.35,5,1,0,0,0,1130,0,3,19.06,14.25,0
1544.8,8,1,0,0,0,176,0,1,17.6,4.57,0
2920.3,5,1,0,0,0,280,0,0,23.19,2.17,0
934.68,21,5,1,0,0,159,0,3,14.37,4.68,0
1326.4,0,7,0,0,0,284,0,3,13.11,5.29,0
7165.05,21,5,0,0,0,642,0,1,25.12,4.3,0
7199.86,3,4,1,0,0,1192,0,1,14.51,9.04,0
1209.48,20,1,0,1,0,356,0,2,18.69,4.01,0
7405.13,8,4,0,0,0,378,1,3,12.51,10.64,0
5866.53,22,2,0,0,0,101,0,5,12.66,4.94,0
17772.02,12,0,0,1,0,134,0,2,14.93,8.13,0
6618.3,11,4,0,1,0,409,0,0,14.36,4.18,0
11064.64,3,1,0,0,1,407,0,1,16.65,3.57,0
6008.51,10,2,0,1,0,381,0,2,20.93,2.63,0
10187.59,13,1,1,0,0,419,0,1,17.42,3.59,0
942.49,23,2,0,1,0,1371,0,1,16.94,10.47,0
3204.04,6,3,0,1,0,243,0,1,16.51,10.48,0
3494.93,1,1,0,0,0,347,0,4,12.55,5.61,0
2818.79,6,4,0,0,0,388,1,3,12.47,13.96,1
5802.71,5,1,1,0,0,219,0,1,10.88,13.77,0
7087.58,22,0,1,0,0,1122,0,1,21.05,4.11,0
5496.52,3,2,0,1,0,742,0,1,16.07,5.03,0
3023.62,23,3,0,1,0,341,0,1,21.82,7.13,0
1681.57,2,3,0,0,0,23,0,2,23.05,7.39,0
11522.37,19,5,0,0,0,174,0,0,15.14,6.69,0
5256.49,9,0,1,0,0,424,0,4,22.24,7.82,0
1249.45,1,2,0,0,0,396,0,2,13.16,7.53,0
2970.92,14,2,0,1,0,143,0,1,23.62,4.19,0
583.79,17,0,1,0,0,414,0,3,16.22,7.49,0
3778.71,20,5,1,0,0,737,0,2,10.12,5.13,0
2956.32,4,4,0,0,0,210,0,0,11.97,1.96,0
1991.83,14,3,1,0,0,235,0,1,10.77,2.11,0
19222.37,13,6,0,0,0,198,0,2,13.97,5.09,0
1081.43,10,4,0,0,0,151,0,0,15.56,14.03,0
7644.28,21,2,1,0,0,593,0,1,32.35,7.84,0
36172.11,10,0,1,0,0,197,0,2,21.94,3.01,0
11283.89,9,2,2,0,0,505,0,0,4.15,3.99,0
3522.35,12,2,0,0,0,410,0,3,18.21,3.04,0
1106.8,22,2,0,0,0,398,0,0,16.05,19.96,1
871.17,20,5,0,0,1,151,1,0,26.11,5.13,0
2363.43,17,4,1,1,0,201,0,0,13.3,1.68,0
1769.85,1,1,0,1,0,486,0,2,14.64,3.43,0
1710.39,7,2,1,0,0,932,0,1,12.6,2.1,0
2584.72,0,4,0,0,0,595,0,3,17.96,17.18,1
3270.31,2,2,0,0,0,1015,0,2,23.11,7.62,0
6060.05,19,3,1,0,0,743,0,1,17.8,8.07,0
992.59,19,2,3,0,0,324,1,3,18.34,4.33,1
1778.71,2,4,1,0,0,155,0,0,6.79,2.45,0
3078.95,10,8,2,0,0,205,0,1,21.8,4.9,0
2965.32,6,2,0,1,0,584,0,0,20.87,4.23,0
25040.38,1,0,0,1,0,218,1,1,11.97,7.1,1
4646.45,9,2,1,0,0,285,0,2,16.07,5.4,0
668.96,2,0,1,1,0,509,0,2,25.19,1.15,0
5648.19,17,1,0,0,0,589,0,0,5.03,8.3,0
6457.17,23,2,2,0,0,53,0,1,15.06,5.35,0
3192.68,10,0,1,1,1,597,0,1,24.45,2.1,0
1018.34,5,1,0,0,0,32,0,0,22.87,4.15,0
23062.37,11,4,0,0,0,574,0,0,24.19,2.45,0
1183.96,23,2,0,0,0,95,0,1,27.18,6.17,0
7286.73,3,3,0,0,0,399,0,0,15.6,1.93,0
4492.0,16,4,2,0,0,37,0,1,22.95,9.66,0
6842.11,2,1,0,0,0,564,0,2,22.65,11.44,0
21855.35,7,3,0,0,0,181,0,5,19.28,2.41,0
6566.4,10,2,1,0,0,270,0,2,17.95,12.01,0
2025.16,9,1,1,0,0,433,0,0,21.61,4.41,0
11629.4,4,2,0,0,0,355,0,2,22.01,14.27,0
1876.84,18,2,2,0,0,339,0,2,17.71,5.72,0
4323.13,16,5,2,0,0,87,0,2,14.27,4.25,0
936.61,10,1,0,0,0,361,0,5,16.13,4.85,0
1230.35,10,2,0,0,1,677,0,2,18.52,6.92,0
3842.8,1,3,3,0,0,640,1,3,15.79,4.96,1
5358.78,15,4,1,0,0,1119,0,3,9.86,9.1,0
609.41,5,1,2,0,0,690,0,0,13.43,2.06,0
6137.37,7,2,0,0,0,361,0,3,9.96,6.29,0
1540.1,20,4,0,0,0,272,0,3,21.33,6.4,0
13956.11,15,1,0,0,0,91,0,2,16.17,6.07,0
2516.03,16,2,1,0,0,845,0,1,11.33,7.36,0
1119.01,6,1,2,0,0,386,1,3,18.31,25.0,1
3942.6,12,1,0,0,0,456,0,2,9.92,3.1,0
1391.24,0,4,1,0,0,166,0,1,20.26,10.56,0
13799.57,5,3,0,0,0,203,0,0,18.38,1.56,0
3642.98,19,3,0,0,0,307,0,0,24.52,11.38,0
3104.91,11,2,0,0,1,563,0,0,22.59,5.1,0
6777.69,15,1,3,0,0,376,0,2,25.45,9.17,1
1267.5,18,5,0,0,0,186,0,1,19.23,0.3,0
940.48,22,2,0,0,0,199,0,0,18.63,7.74,0
5590.19,1,3,1,1,0,117,0,0,17.16,12.69,1
1147.51,13,2,1,1,0,85,0,5,20.68,8.19,0
1147.1,23,3,0,1,0,183,0,0,14.97,11.07,0
8765.63,4,1,0,1,0,376,0,2,10.75,3.6,0
6319.01,20,0,0,0,0,501,0,2,19.27,5.65,0
976.02,13,1,1,0,0,944,0,4,17.8,6.09,0
1900.57,7,3,2,0,0,293,0,0,13.2,7.05,0
1409.63,18,1,0,0,0,512,1,0,17.83,8.82,0
23508.92,20,2,0,0,1,332,0,2,21.4,4.68,0
9426.79,3,1,1,0,0,392,0,2,19.36,9.18,0
2340.48,16,1,0,1,0,359,0,2,16.69,9.34,0
6667.53,22,4,0,0,0,254,1,2,14.97,3.37,0
876.56,15,5,0,0,1,606,0,1,26.54,0.66,0
1796.73,13,3,0,0,0,690,0,2,15.34,6.23,0
4064.75,3,4,0,1,0,345,0,4,16.33,4.39,0
5853.78,10,3,1,0,0,717,0,1,17.0,6.03,0
3286.79,21,2,2,0,0,735,1,1,22.29,6.1,1
4724.01,19,4,2,0,0,147,0,1,9.5,4.52,0
3953.09,10,0,0,0,0,601,0,1,15.03,6.47,0
3066.35,7,3,1,0,0,75,0,2,13.99,3.71,0
2667.9,19,2,1,0,0,686,0,0,25.24,0.34,0
2327.2,23,3,0,0,0,295,0,2,3.22,6.09,0
4644.94,7,2,1,0,0,99,0,3,5.53,2.37,0
5604.68,19,2,3,0,0,323,0,2,11.42,2.82,0
4484.03,7,3,0,1,0,377,0,1,17.05,4.97,0
1056.24,19,2,0,1,0,379,0,0,21.12,3.74,0
1275.54,23,0,1,0,0,478,0,3,14.09,3.38,0
5534.88,15,6,0,0,0,736,0,3,10.6,2.09,0
17073.06,11,3,0,0,0,490,1,1,20.61,7.46,0
4272.85,7,4,0,0,0,600,1,1,12.2,6.09,0
2363.14,1,3,0,0,0,89,0,0,10.94,15.55,1
4608.04,1,1,0,0,0,652,0,1,14.49,7.08,0
1103.61,20,2,0,0,0,292,1,1,5.9,2.84,0
14391.46,15,4,1,1,0,840,0,0,18.04,6.03,0
4428.98,5,3,0,0,0,754,0,2,16.13,8.65,0
1802.75,13,3,0,0,0,190,0,0,3.08,3.57,0
3056.01,21,0,2,0,0,52,0,3,14.3,9.75,0
2093.54,15,5,1,0,0,244,0,0,14.87,8.55,0
14432.72,21,5,1,0,0,282,0,1,11.07,3.62,0
2944.36,2,2,2,1,0,493,1,0,4.15,8.15,1
4286.11,1,2,2,0,0,191,0,1,17.97,7.74,0
6650.27,15,6,0,0,0,429,0,2,12.61,5.59,0
1672.7,13,3,0,0,0,482,0,2,20.09,6.65,0
4462.19,16,4,0,0,0,259,0,1,13.29,3.76,0
4856.91,23,3,1,0,0,281,0,1,16.23,6.75,0
712.1,2,5,1,0,0,114,0,0,9.72,6.01,0
4747.3,22,3,0,0,0,215,0,2,23.73,7.42,0
3470.14,1,1,0,0,0,369,0,3,15.61,1.21,0
4173.31,12,1,0,1,0,662,0,4,7.13,9.62,0
3779.74,19,3,0,0,0,228,0,2,14.21,11.9,0
4779.68,16,1,0,0,1,518,0,3,10.74,2.87,0
14827.08,5,1,0,1,1,264,0,1,18.96,4.74,0
1055.23,14,2,0,0,0,144,0,0,23.07,4.74,0
2542.09,21,5,0,0,0,343,0,0,19.02,8.21,0
7331.6,4,5,0,0,0,532,0,2,21.23,6.18,0
6032.83,22,2,1,0,0,660,0,0,12.37,10.8,0
5898.04,15,1,0,1,0,748,0,1,16.18,2.79,0
65595.09,2,3,0,0,0,140,0,2,17.67,4.07,0
6938.51,7,1,0,0,1,357,0,2,17.5,8.74,0
11938.03,20,3,1,0,0,1116,0,0,10.62,2.12,0
2637.47,8,2,0,0,0,548,1,3,8.82,0.68,0
1283.62,22,1,1,0,0,874,1,2,9.55,5.78,0
2617.48,10,6,0,0,0,1022,0,5,20.28,5.19,0
7689.09,8,2,1,0,0,122,0,1,18.47,5.92,0
5581.26,20,6,0,0,0,53,0,3,19.43,10.82,0
5560.34,18,1,0,0,0,207,0,0,10.78,0.62,0
2907.18,5,4,0,1,0,247,0,1,18.79,6.36,0
2458.99,18,1,0,0,1,64,0,0,19.49,9.44,0
3014.38,6,6,1,0,0,887,0,0,8.13,6.75,0
7790.8,21,2,0,0,0,898,0,0,13.76,7.24,0
8802.26,0,3,0,0,0,411,0,2,15.9,5.03,0
1265.78,15,2,0,0,0,1018,0,1,23.46,7.05,0
8106.81,3,2,2,0,0,244,0,1,21.43,8.9,0
1838.57,16,2,1,0,0,527,0,1,29.34,11.29,0
5957.27,23,1,2,0,0,433,0,3,15.98,7.86,0
2976.3,16,2,1,0,0,135,0,1,3.62,7.15,0
18846.41,10,3,0,0,0,679,0,0,20.82,6.23,0
2347.3,19,4,0,1,0,205,1,2,7.28,6.12,0
4392.01,4,3,0,1,0,168,0,3,19.79,5.34,0
6883.78,13,6,0,0,0,102,0,0,15.21,6.85,0
1454.39,23,3,1,0,0,1507,1,2,14.92,2.82,0
3372.81,8,2,1,0,0,500,0,1,15.77,1.68,0
2752.01,0,2,1,0,0,223,0,2,13.95,6.16,0
2122.81,10,4,0,0,0,26,0,0,5.76,10.79,0
2294.55,11,1,1,1,0,216,0,2,24.03,8.01,0
11703.17,19,0,1,0,1,166,0,1,19.87,3.55,0
1942.09,19,2,0,0,0,305,1,0,14.72,6.44,0
6599.36,8,4,0,0,0,214,0,1,21.83,4.92,0
5066.09,18,2,1,0,0,877,0,3,16.92,13.65,0
839.81,3,5,1,0,0,540,0,0,25.33,5.13,0
6280.02,4,5,0,1,0,493,0,1,27.24,1.43,0
825.35,14,5,1,0,0,345,1,0,14.68,2.02,0
7040.94,16,1,1,1,0,437,0,0,19.61,4.47,0
2137.62,19,5,1,0,0,533,0,0,22.27,1.15,0
3673.08,14,0,0,1,1,96,0,1,27.1,0.82,0
935.43,3,4,2,1,0,202,0,2,7.27,2.77,0
4140.21,16,5,1,0,0,305,0,1,16.23,11.4,0
9636.35,10,7,0,0,0,191,0,3,13.48,1.83,0
1560.38,6,3,2,0,0,68,0,1,12.17,14.85,1
1924.6,8,2,1,0,0,617,0,1,20.36,1.58,0
5868.49,19,2,1,0,0,40,0,0,12.55,1.29,0
6024.56,4,1,2,0,0,782,0,0,26.15,5.21,0
282.62,13,4,1,0,0,294,0,2,25.15,6.76,0
30217.51,1,2,0,0,0,479,0,4,16.54,0.79,0
6342.2,17,3,2,1,0,164,0,2,7.32,6.09,0
7568.61,3,4,0,0,0,562,1,0,9.69,1.99,0
3131.55,22,1,0,0,0,347,0,3,24.45,9.69,0
518.99,21,3,4,0,0,124,0,3,15.78,4.96,0
7394.25,20,1,0,0,0,372,0,0,28.39,3.15,0
2011.33,8,4,2,0,0,720,0,4,23.14,1.0,0
6445.44,18,4,0,1,0,149,0,1,34.02,2.01,0
2893.61,3,2,1,0,0,219,0,2,26.33,10.46,0
4674.8,6,3,1,0,0,986,1,0,22.91,6.78,0
1613.65,3,4,1,0,0,304,0,0,14.95,3.22,0
9023.69,1,2,0,0,0,642,0,0,20.95,3.14,0
1045.45,8,2,0,0,0,701,0,3,16.2,7.82,0
38478.23,13,3,2,0,0,477,1,0,25.25,0.06,1
38171.56,20,2,0,0,1,256,0,2,9.78,2.4,0
20218.12,0,3,1,0,0,248,0,1,13.45,2.19,0
13894.56,9,5,0,0,0,297,0,3,22.95,1.63,0
3331.65,17,4,0,0,0,60,0,3,12.17,13.18,0
12392.84,4,5,1,0,0,501,0,1,22.11,4.86,0
3291.22,17,5,0,0,0,1128,0,1,20.43,2.07,0
712.52,13,1,0,0,0,482,1,2,18.59,5.75,0
17647.71,13,3,1,0,0,40,0,1,24.42,13.46,0
11911.57,2,3,0,0,1,464,0,0,13.15,5.83,0
3523.09,4,6,1,0,0,69,0,3,13.45,3.38,0
1005.82,21,3,2,1,0,582,0,2,20.18,1.55,0
1967.44,21,5,0,0,0,401,1,3,13.74,4.76,0
537.97,10,2,0,0,0,167,0,3,13.43,2.28,0
9821.56,14,3,1,0,0,314,0,4,22.22,13.27,0
676.22,13,4,0,0,0,96,0,5,25.91,8.07,0
4920.53,12,2,2,0,1,1022,0,2,14.76,6.73,0
1501.35,17,3,1,0,0,399,0,0,21.14,3.4,0
814.0,13,3,0,0,0,140,1,3,18.21,7.29,0
4676.35,3,4,0,1,0,354,0,0,18.16,10.13,0
2564.48,1,5,1,1,0,248,0,2,16.44,8.84,1
8778.83,20,5,0,0,0,233,0,3,17.11,1.66,0
962.0,17,5,1,1,0,1126,0,3,19.85,2.94,0
1643.89,4,3,0,0,0,163,0,1,15.19,6.5,0
296.78,1,1,1,1,0,76,0,0,23.48,6.15,0
367.39,5,7,0,0,0,68,0,0,14.15,2.1,0
24055.09,13,3,0,0,0,215,0,0,20.34,8.62,0
32460.46,14,2,1,0,0,1121,0,2,22.65,5.1,0
4013.27,4,3,0,0,0,253,0,3,17.77,7.79,0
1533.0,4,2,0,0,1,362,1,1,14.85,6.58,0
2661.46,4,0,1,0,0,611,0,1,14.9,7.87,0
9111.14,10,2,1,0,0,315,0,1,14.58,7.64,0
2121.53,5,2,1,0,0,760,1,1,16.98,7.69,0
4672.81,10,4,3,1,0,258,0,0,14.67,7.16,1
3592.51,0,4,2,0,0,174,0,2,15.53,8.63,1
2003.69,22,3,0,1,0,848,0,3,14.06,4.2,0
2095.4,21,2,0,1,0,544,0,1,11.58,9.81,0
4954.18,8,2,0,1,0,861,0,1,26.91,3.73,0
1305.4,19,0,1,0,0,451,0,0,6.58,5.09,0
5850.7,12,4,2,0,0,197,0,1,19.72,8.21,0
2219.07,0,1,2,0,0,492,0,0,11.12,4.43,0
4161.94,6,8,1,0,0,578,0,1,18.07,2.8,0
15570.93,1,4,0,0,0,622,0,1,19.08,19.94,1
3051.53,16,1,2,0,0,482,0,2,12.0,1.66,0
9564.32,18,2,0,0,0,495,0,4,12.86,11.76,0
554.67,14,3,1,0,0,896,0,0,16.2,1.74,0
2221.9,0,5,1,0,0,191,0,3,13.55,1.98,0
3748.36,5,4,1,0,0,187,0,1,16.47,4.29,0
27432.87,11,4,2,0,0,210,0,2,16.95,1.93,0
465.01,3,3,0,0,0,202,0,0,13.18,10.87,0
3291.11,2,2,0,0,0,35,1,0,21.71,5.87,0
16806.54,7,3,3,0,0,375,0,2,21.02,3.79,0
1596.75,14,2,1,0,0,818,0,0,12.76,8.46,0
2911.78,2,1,0,0,0,721,0,2,9.95,2.78,0
5158.11,23,6,2,0,0,156,0,3,24.24,6.81,0
4419.29,11,4,0,0,0,200,0,1,5.88,18.03,0
18846.06,4,4,0,0,0,535,0,2,12.48,11.69,0
5830.73,0,2,1,0,0,687,0,0,22.88,4.47,0
14678.83,22,1,2,0,0,198,0,1,18.62,4.22,0
2494.87,14,2,0,0,0,197,0,1,23.23,6.01,0
1673.12,20,0,3,0,1,89,0,3,24.17,16.52,1
2872.65,18,1,0,0,0,797,0,4,13.25,6.93,0
1078.09,23,3,1,0,0,613,0,3,21.28,6.93,0
6049.24,21,3,0,0,0,248,0,1,17.6,4.54,0
2428.01,18,4,2,1,0,481,0,2,12.69,2.74,0
1798.34,20,2,1,0,0,387,0,1,14.39,2.26,0
6146.21,20,4,1,0,0,459,0,0,12.4,16.57,1
1095.64,6,1,1,1,0,279,0,0,20.02,1.61,0
8176.56,14,2,2,0,0,1146,0,3,10.07,6.06,0
2203.38,23,3,1,0,0,534,0,1,11.44,10.17,0
12296.27,20,2,3,0,0,686,0,0,21.81,8.9,0
2410.59,2,3,1,0,0,306,0,1,21.27,4.61,0
7069.22,2,2,0,0,0,230,0,2,13.85,9.57,0
4396.4,4,3,1,0,0,299,0,0,20.31,4.09,0
7951.35,17,4,1,1,0,518,0,1,17.1,6.41,0
4086.5,9,1,1,0,0,441,0,1,10.33,4.92,0
634.88,15,2,2,0,0,385,0,2,12.38,4.0,0
10501.08,3,1,2,0,0,678,0,0,16.58,5.49,0
3320.71,1,2,0,0,0,374,0,1,29.02,4.66,0
8341.45,18,6,0,0,0,189,0,2,19.97,2.13,0
7515.77,6,3,0,0,0,768,0,0,23.36,1.26,0
1616.53,1,2,0,0,0,668,0,4,6.97,3.45,0
1393.35,5,2,1,0,0,449,0,2,14.82,6.02,0
7245.41,7,0,1,0,0,1010,0,2,12.66,5.83,0
2648.08,9,5,1,0,0,696,0,0,19.68,13.82,1
9732.74,21,4,1,1,0,382,0,1,16.83,16.97,1
3019.63,4,0,0,0,0,912,0,0,7.89,0.26,0
10663.48,14,3,1,0,0,926,0,0,24.31,2.6,0
5678.66,6,4,1,0,0,77,0,1,14.87,3.88,0
4926.45,11,0,3,0,0,719,0,1,18.63,20.76,1
2458.45,7,5,0,0,0,361,0,1,28.99,14.41,0
4647.33,8,3,0,0,0,295,0,4,18.2,3.42,0
12739.92,14,4,0,0,1,972,0,2,10.21,7.8,0
3439.47,14,2,0,0,0,587,0,0,16.34,4.67,0
6359.68,3,2,0,0,0,332,0,1,19.07,2.42,0
3822.57,3,2,1,0,0,566,0,0,18.08,3.92,0
4149.88,5,2,0,1,0,380,0,3,16.22,10.62,0
22238.52,21,2,2,0,1,1447,0,0,25.85,16.4,1
12859.22,7,1,0,0,0,231,2,2,8.31,1.06,0
3957.52,13,3,2,0,0,250,0,0,33.41,6.61,0
4560.45,10,3,0,0,0,149,1,3,20.73,2.53,0
1742.43,8,2,0,1,0,874,0,1,22.54,2.76,0
3036.25,0,5,2,0,0,583,0,1,20.48,2.24,0
5038.52,10,2,3,0,0,910,0,2,14.23,4.59,0
8894.11,23,2,2,0,0,226,0,2,19.39,10.73,0
7995.88,22,0,1,0,0,367,0,0,14.36,11.09,0
1136.01,7,0,1,0,0,425,0,1,23.26,3.42,0
10156.12,12,2,2,1,0,698,0,0,16.46,2.41,0
3316.91,6,0,1,0,0,50,1,1,19.86,4.1,0
1291.63,22,4,0,0,0,392,0,1,17.17,4.08,0
14812.16,13,4,1,0,0,1096,0,2,12.86,2.46,0
16923.24,22,5,0,0,0,820,0,1,22.11,10.33,0
4802.7,20,0,2,0,0,1302,0,0,19.66,5.16,0
7663.57,7,3,1,0,0,108,0,0,17.12,10.89,0
8150.39,10,3,1,0,1,642,0,3,18.79,7.39,0
15765.21,13,4,0,0,0,414,0,1,20.15,3.14,0
7820.25,5,2,0,1,0,280,0,1,27.94,3.91,0
903.18,19,3,1,0,0,140,0,1,32.08,15.42,1
30040.39,13,3,0,0,0,505,0,0,17.0,2.46,0
11147.16,4,0,1,0,0,1235,0,4,13.93,3.4,0
2132.39,11,1,1,1,0,478,0,1,17.47,12.66,0
1235.08,19,5,1,0,0,391,0,2,16.05,2.66,0
6186.06,10,3,0,0,0,403,0,1,24.74,8.22,0
2718.48,17,2,0,0,0,828,0,1,17.32,2.05,0
5148.68,23,3,0,0,0,208,0,1,13.43,3.99,0
7947.22,8,2,1,1,0,368,0,1,22.94,3.47,0
2008.69,23,0,1,0,0,553,1,0,17.9,6.27,0
1127.87,9,2,1,0,0,462,0,0,13.83,4.91,0
5459.48,13,3,1,0,0,124,0,2,20.96,5.32,0
2079.62,18,4,2,0,0,442,0,3,5.88,6.88,0
4244.59,1,3,1,0,0,365,0,1,16.24,2.28,0
888.48,16,3,1,0,0,261,0,1,24.53,4.66,0
2793.94,13,2,0,0,0,619,0,1,17.78,11.7,0
7713.29,15,1,2,0,1,587,0,1,25.47,4.11,0
6879.0,22,2,0,0,0,901,0,0,15.6,3.69,0
1591.17,11,1,0,0,0,251,0,3,22.68,0.38,0
1067.76,22,3,1,0,0,245,0,0,12.38,1.32,0
3701.72,13,5,1,0,0,134,0,1,16.71,5.46,0
6562.22,5,1,2,0,0,86,0,2,11.46,7.93,0
5571.58,15,2,1,1,0,256,0,1,4.21,11.7,0
2126.5,4,5,0,0,0,230,0,1,13.46,8.51,0
4977.66,21,1,2,0,0,188,1,3,14.44,1.38,0
17632.04,3,1,0,0,0,386,0,0,13.89,5.25,0
4516.09,11,4,1,0,0,70,0,0,25.18,6.32,0
655.37,19,5,1,0,0,684,2,1,31.07,1.8,1
4506.88,0,2,1,1,0,397,0,3,17.4,8.49,0
31137.08,11,1,2,0,0,264,0,0,19.78,2.32,0
942.22,12,2,3,0,0,176,0,1,14.78,6.35,0
3756.38,8,1,2,0,0,66,0,1,17.91,11.17,0
2870.81,16,3,1,0,1,246,0,1,18.59,2.47,0
4026.6,7,3,0,0,0,164,0,1,17.22,7.0,0
4464.73,8,3,0,0,0,150,1,0,16.39,3.62,0
12051.82,6,3,3,0,0,344,0,1,22.2,1.2,0
3979.94,14,1,1,0,0,788,0,0,8.81,4.22,0
13920.57,21,6,0,0,0,221,0,1,17.49,3.51,0
3217.83,4,2,0,0,0,580,0,2,23.83,6.7,0
2520.86,9,2,0,1,0,541,0,1,14.77,9.99,0
1803.27,5,3,0,1,0,237,0,2,14.73,10.68,0
540.26,5,2,1,0,0,176,0,1,16.91,10.66,0
4863.78,23,1,0,0,1,194,0,0,21.01,19.07,1
31467.18,17,6,1,0,0,678,0,2,14.71,9.42,0
5890.8,22,1,1,0,0,904,0,1,15.19,4.0,0
7488.21,15,4,0,0,0,436,0,0,19.48,8.29,0
2359.76,15,2,2,0,0,416,1,0,13.03,13.42,1
2817.06,17,4,1,0,0,426,0,2,16.23,2.28,0
10238.12,15,1,4,0,0,1040,0,1,8.85,6.08,0
30005.27,19,3,3,0,0,129,1,2,24.31,4.09,1
17367.32,7,1,1,1,0,317,0,1,24.31,1.5,0
8480.35,2,4,1,1,0,997,0,0,23.18,6.95,0
3777.84,11,2,2,0,0,638,0,1,22.92,14.51,1
4537.83,0,0,0,0,0,290,1,0,16.34,3.62,0
1650.47,1,1,1,0,0,605,0,2,17.56,10.96,0
795.86,1,3,1,0,0,613,0,1,16.03,13.77,0
1115.28,1,5,0,0,0,223,0,1,23.14,5.06,0
3836.4,16,2,0,0,0,604,0,2,26.56,2.86,0
2679.56,14,5,2,0,0,315,0,1,9.67,11.11,1
778.28,22,4,3,0,0,370,1,3,21.14,10.11,1
3501.02,6,2,6,0,0,299,0,4,30.76,2.7,1
2606.2,7,2,2,0,0,599,0,0,16.84,1.43,0
1062.64,11,3,0,0,1,1117,0,0,23.88,4.87,0
2468.37,18,3,0,0,0,652,0,1,21.32,3.99,0
2599.3,22,3,1,0,0,218,0,1,17.11,3.97,0
1905.56,17,2,0,0,0,346,0,3,23.9,6.84,0
9633.52,12,2,2,1,0,130,0,3,23.94,0.17,0
493.71,23,4,1,1,0,326,1,0,17.3,6.59,1
452.56,4,2,0,0,0,945,1,1,18.6,14.97,1
3653.53,11,3,1,0,0,643,0,2,16.88,6.64,0
4027.63,5,0,1,0,0,203,0,2,25.08,1.04,0
5565.97,3,5,0,0,0,244,0,2,24.72,7.79,0
2067.46,9,5,1,0,1,626,1,1,14.61,9.2,1
1388.78,18,4,0,0,0,197,1,2,16.7,9.49,0
3613.09,7,4,1,0,0,532,0,1,29.68,13.01,0
2290.08,19,5,1,0,0,123,0,1,21.95,0.67,0
18557.42,14,1,0,0,0,128,0,1,18.81,5.18,0
2590.38,16,5,0,1,0,294,0,2,22.84,1.59,0
3443.2,5,2,0,0,0,415,0,0,18.71,9.04,0
48981.06,20,3,0,0,0,151,0,0,10.45,6.09,0
2967.58,4,3,2,0,0,319,0,0,21.9,2.27,0
6528.71,8,0,0,0,0,244,0,3,4.61,2.33,0
7176.92,18,2,0,0,0,883,0,3,24.28,4.03,0
7847.67,16,1,2,0,1,185,0,2,15.23,7.89,0
4934.28,7,5,0,0,0,621,0,0,18.58,6.22,0
4462.81,6,4,1,0,0,276,0,3,11.0,4.11,0
4045.46,10,2,1,0,0,164,0,1,18.31,3.35,0
1988.64,10,3,0,0,0,666,0,1,25.45,4.78,0
5124.53,1,2,0,0,0,383,0,3,19.28,3.78,0
30640.51,5,4,1,1,0,763,1,2,24.6,2.49,1
12980.66,3,3,0,0,0,168,1,1,22.39,5.12,0
5009.61,3,4,2,0,0,508,0,0,13.66,10.0,1
8942.95,8,2,0,0,0,266,0,1,9.36,4.14,0
1461.71,0,1,0,0,0,56,0,0,9.62,8.43,0
2769.61,16,0,0,1,0,305,0,1,10.69,12.07,0
9850.15,16,5,0,0,0,784,0,1,24.27,0.83,0
17353.08,5,4,1,0,0,416,0,1,11.57,5.57,0
1620.66,21,2,0,0,0,515,0,1,17.52,5.02,0
2191.26,14,1,2,0,0,403,0,2,12.54,9.67,0
35970.15,7,6,2,0,0,181,0,3,16.11,7.12,1
4028.2,4,2,1,1,0,397,0,2,27.3,7.06,0
24699.3,10,2,1,0,0,257,0,2,22.04,2.87,0
4524.22,23,3,0,0,0,116,0,1,23.41,3.49,0
4714.93,0,3,0,0,0,294,0,1,15.06,8.44,0
2641.85,0,2,0,0,0,276,0,1,20.21,12.58,0
9795.54,9,3,0,0,0,599,0,0,18.74,3.9,0
15148.65,22,1,0,0,0,250,0,2,12.01,6.74,0
1228.13,6,3,0,1,0,281,1,3,15.92,4.31,0
2514.75,17,5,1,0,0,119,0,0,15.22,11.49,0
9516.98,13,4,0,0,0,645,0,0,15.4,1.55,0
3177.89,4,3,1,0,0,476,0,1,11.62,1.07,0
2168.83,21,0,1,0,0,627,0,0,19.59,1.71,0
10509.34,3,6,1,0,0,429,0,2,16.05,7.72,0
11598.44,12,3,0,1,0,187,0,0,18.58,7.48,0
2270.77,15,0,2,1,1,510,0,1,14.9,9.02,1
4550.47,16,4,0,0,0,174,0,3,16.71,3.52,0
1023.62,20,3,1,0,0,730,0,2,12.73,13.71,0
1421.89,16,2,1,0,0,435,0,2,12.6,3.52,0
4147.97,15,1,0,0,0,67,0,0,17.03,3.29,0
3763.02,3,2,0,0,0,659,0,2,21.92,5.63,0
1319.2,7,0,0,0,0,164,0,3,24.45,9.94,0
1716.82,8,1,1,1,0,538,0,4,22.03,2.67,0
1189.99,8,8,0,1,0,73,0,0,17.41,4.64,0
5871.19,2,3,0,0,0,699,0,0,24.03,7.81,0
461.27,2,1,1,0,0,502,0,2,19.71,17.41,1
1258.71,10,2,1,0,0,143,0,2,2.0,7.41,0
514.87,17,3,1,0,0,140,0,3,13.54,4.74,0
5653.17,21,4,1,0,0,153,0,1,18.9,2.04,0
548.47,22,3,0,0,0,981,0,1,11.58,12.87,0
3764.29,11,0,0,0,0,394,0,4,19.41,1.43,0
20363.52,21,6,1,0,1,195,0,0,12.95,7.7,0
21101.63,10,3,0,0,0,341,0,2,16.85,2.45,0
546.64,11,2,1,0,0,822,0,0,11.87,1.33,0
4980.72,5,2,0,0,0,293,0,2,15.59,3.02,0
1288.95,15,4,1,1,0,395,0,1,13.99,7.86,0
1040.24,7,3,0,0,0,246,0,0,27.67,9.65,0
3232.0,11,7,1,0,0,81,0,2,22.69,12.28,1
13222.9,22,7,0,0,0,367,0,0,20.62,7.99,0
6833.84,13,3,0,0,0,283,1,1,10.02,6.29,0
1718.32,7,5,1,0,0,416,0,0,14.03,2.28,0
7633.38,16,5,0,1,0,976,0,2,17.89,10.8,0
345.19,17,5,0,0,0,479,0,2,19.24,6.79,0
1651.45,14,2,2,1,0,599,0,2,16.92,4.39,0
1532.9,1,2,1,0,0,493,0,0,23.79,17.03,1
3953.03,5,1,1,0,0,135,0,2,17.43,16.73,1
2942.55,3,2,0,0,0,183,0,0,29.19,5.87,0
3138.36,22,6,0,0,0,481,0,0,20.49,1.95,0
3030.69,7,5,0,0,1,73,0,3,15.85,2.53,0
3727.63,11,0,0,1,0,143,0,1,14.53,12.36,0
6419.77,21,3,0,1,0,401,0,1,11.87,2.73,0
4259.03,23,3,0,1,0,389,0,1,13.67,1.79,0
2701.14,5,3,0,0,0,61,0,3,23.2,2.71,0
5551.57,20,1,1,0,0,404,0,3,12.93,14.66,1
8668.32,17,2,1,0,0,180,0,1,17.54,2.16,0
2030.78,14,3,0,0,0,662,0,1,20.12,8.59,0
3420.79,4,4,0,0,0,200,0,0,11.57,10.88,0
12332.61,16,0,0,0,1,401,0,4,14.08,6.35,0
1143.79,14,2,1,0,0,302,0,1,15.71,2.93,0
24220.08,10,5,1,0,0,638,0,2,9.7,11.1,0
892.38,14,6,1,0,0,174,0,0,20.0,4.55,0
2533.53,5,2,0,0,0,120,0,0,23.31,10.47,0
1342.52,14,4,0,0,0,328,0,3,24.01,3.25,0
36218.43,3,1,0,1,0,891,0,2,14.76,3.12,0
2146.26,6,2,2,0,0,1091,0,1,20.0,11.56,1
2151.92,11,1,3,0,0,608,0,1,23.93,6.01,0
2466.89,3,5,0,0,1,669,0,0,12.8,1.24,0
4025.41,21,3,1,0,0,143,1,1,21.58,1.3,0
2578.95,21,4,0,0,0,82,0,2,25.46,0.49,0
3166.77,11,3,0,0,0,145,0,4,21.99,6.85,0
89.51,13,2,1,0,0,256,0,0,19.16,4.78,0
3866.16,6,6,1,1,0,192,0,3,21.7,14.36,1
3709.67,5,2,1,0,0,514,0,0,13.65,2.62,0
10834.57,23,1,0,1,0,219,0,1,22.91,2.42,0
14393.24,9,2,0,0,0,53,0,1,11.78,0.29,0
2989.63,22,4,0,0,0,370,0,2,33.21,1.07,0
8578.72,1,2,1,0,0,932,0,2,3.3,15.73,1
1145.22,2,4,1,0,0,1028,0,1,22.24,5.92,0
8149.48,11,3,0,0,0,491,0,3,24.91,2.84,0
1996.0,18,1,1,0,0,297,0,1,3.97,5.01,0
1049.5,10,4,2,1,0,538,0,2,16.01,13.79,1
2996.3,20,4,0,0,1,282,0,0,16.71,5.52,0
15843.21,3,5,1,0,0,455,0,2,19.23,2.95,0
4403.06,20,1,1,0,0,132,0,3,31.4,6.71,0
17523.75,10,2,0,0,0,164,0,1,23.0,5.43,0
1658.77,6,2,1,0,0,1046,0,1,24.85,3.33,0
10940.68,15,4,0,0,0,371,0,1,17.05,7.43,0
1835.79,18,4,1,0,0,662,0,1,20.57,8.07,0
4612.82,22,4,0,0,0,334,0,1,35.91,6.31,0
4571.14,2,2,2,0,0,359,0,1,31.29,7.49,0
7292.24,16,2,2,0,0,781,0,2,27.38,6.54,0
4737.56,7,0,1,0,0,796,0,1,15.36,3.81,0
1675.48,12,7,1,0,0,618,0,2,19.51,4.98,0
9175.78,11,3,1,0,0,728,1,1,19.99,9.53,0
22431.9,18,1,0,0,0,407,0,4,26.06,1.77,0
1972.4,9,4,4,0,0,999,0,2,26.44,23.21,1
530.07,6,1,0,0,0,401,0,3,23.16,5.95,0
6150.48,11,1,0,0,0,433,0,2,20.94,4.72,0
2571.54,16,0,0,0,0,322,0,3,20.35,6.19,0
3172.71,20,1,0,0,0,926,0,4,21.68,5.53,0
6528.85,0,1,0,0,0,266,1,1,15.67,2.81,0
2254.74,13,1,0,0,0,339,0,1,19.87,5.16,0
2745.46,1,4,0,0,0,504,1,1,20.44,7.22,0
3277.63,14,1,2,0,0,224,0,2,11.86,8.41,0
17038.69,14,5,2,0,0,715,0,2,6.79,4.77,0
3757.74,20,1,1,0,0,32,0,4,17.94,4.81,0
994.8,4,5,3,1,0,156,0,3,18.38,5.68,1
1037.25,19,4,1,0,0,572,0,1,27.05,4.26,0
4214.1,16,1,1,0,0,180,0,1,14.43,8.31,0
1112.21,15,1,2,0,0,113,0,1,23.96,5.61,0
705.98,15,2,0,0,0,331,0,2,13.12,3.9,0
7096.19,13,2,1,0,0,287,0,1,24.36,15.37,0
7470.55,1,2,0,0,0,666,0,1,13.04,4.68,0
2473.67,19,5,0,0,0,756,0,6,8.18,6.31,0
4955.94,9,1,0,0,1,244,0,0,22.17,11.64,0
4436.09,2,4,2,0,0,409,0,3,18.7,10.39,1
6853.68,14,3,1,1,0,344,0,0,15.28,2.17,0
6870.47,22,1,0,1,0,344,0,0,17.1,5.0,0
236.02,17,8,1,0,0,166,0,1,15.17,4.73,0
2828.43,5,0,1,0,0,292,0,5,18.68,3.5,0
6271.68,19,4,0,0,0,336,0,1,16.76,8.1,0
2366.15,20,3,0,0,0,1048,0,2,10.14,1.78,0
3782.02,7,3,0,0,0,148,0,2,19.74,17.5,0
8008.31,12,3,2,0,0,231,0,1,15.21,8.83,0
3963.85,20,3,0,0,0,419,0,4,14.36,8.56,0
17735.36,3,6,0,0,0,119,0,1,22.84,12.96,1
11888.6,8,0,2,0,0,323,0,2,17.09,2.51,0
3214.76,10,3,0,0,0,914,1,4,18.61,9.93,0
2957.36,0,2,1,0,0,145,0,3,23.82,14.24,1
182.57,4,3,1,1,0,236,0,0,22.69,11.81,1
2584.2,14,5,1,0,0,204,0,3,11.57,14.57,1
879.25,6,3,0,0,0,143,0,4,21.12,7.31,0
4593.01,5,0,1,0,0,293,0,3,18.94,2.77,0
4274.89,7,3,1,0,0,49,0,0,9.31,6.42,0
7560.17,2,0,1,0,0,183,0,1,15.14,1.72,0
15780.09,15,0,4,0,0,736,0,0,15.98,2.06,0
3541.89,6,3,0,0,0,159,0,3,12.05,4.81,0
39912.19,15,6,1,1,0,358,0,1,15.95,13.77,1
4647.45,19,1,1,0,0,616,0,2,10.74,6.7,0
919.91,11,6,0,0,0,387,0,1,23.44,4.61,0
2017.92,21,1,1,0,0,239,0,1,12.63,0.26,0
2461.72,4,6,1,0,0,476,0,0,21.38,7.19,0
6780.01,23,2,1,1,1,373,0,1,18.74,11.25,1
1346.67,7,3,0,1,1,795,0,1,22.6,3.29,0
2662.78,7,4,0,1,0,557,0,2,21.88,13.19,1
3074.53,23,1,0,1,0,579,0,1,18.35,2.28,0
2274.4,10,1,0,0,0,375,1,0,26.95,4.84,0
8535.47,17,3,0,0,1,526,0,6,21.07,1.7,0
7139.42,19,2,1,0,0,1466,0,4,9.05,4.84,0
12393.1,10,3,0,0,0,336,0,5,11.5,9.02,0
2571.96,7,2,0,0,0,403,0,1,4.63,8.87,0
12870.0,11,3,0,0,0,676,0,0,20.9,2.06,0
869.4,9,4,0,0,0,466,0,3,14.78,2.0,0
847.42,9,3,1,0,0,422,0,1,17.36,5.16,0
1017.91,5,1,0,0,0,359,0,1,26.06,10.27,0
3676.34,21,4,3,0,0,291,0,6,7.4,9.68,1
12867.98,13,2,1,0,0,547,0,0,16.84,2.85,0
1934.78,19,2,2,1,0,335,0,0,15.83,13.75,1
2207.18,15,1,0,0,0,469,0,2,17.07,21.1,1
2902.07,8,2,0,0,0,139,0,0,7.27,2.21,0
6644.0,7,1,1,0,0,464,0,0,23.15,15.55,1
2205.02,23,3,2,1,0,854,0,1,15.31,1.87,0
2079.56,0,1,2,1,0,75,0,3,20.99,5.19,0
886.55,7,5,2,0,0,316,0,1,34.68,5.04,0
1997.58,17,1,0,0,0,161,0,1,12.06,3.72,0
12535.69,13,3,1,0,0,302,0,2,6.86,3.85,0
4005.69,14,3,0,0,0,285,0,0,16.56,10.48,0
1674.3,0,5,2,0,0,186,1,2,29.38,8.36,1
13332.38,5,2,0,1,0,290,0,1,20.24,7.29,0
1969.48,14,3,1,0,0,859,0,0,18.26,6.21,0
16170.65,7,2,0,0,0,697,0,3,23.05,2.73,0
15895.44,11,1,1,0,1,893,0,0,17.74,2.15,0
3861.5,22,1,0,0,0,230,1,1,17.16,7.46,0
754.85,15,6,0,0,1,609,0,2,14.4,11.84,1
40294.72,15,0,1,0,0,303,0,2,22.29,3.19,0
5467.85,4,1,3,0,0,575,0,3,14.64,6.33,0
2591.31,14,1,0,0,0,21,0,0,22.16,4.89,0
9936.14,23,4,2,0,0,384,0,2,8.81,5.41,0
7611.52,15,3,2,0,0,469,1,1,24.89,2.33,0
14421.64,18,2,0,0,0,287,0,1,23.33,4.83,0
1816.26,22,2,0,0,1,255,0,0,21.6,6.88,0
5086.76,21,5,1,0,0,315,0,1,15.19,2.13,0
1048.21,8,1,0,0,0,51,0,2,14.02,2.76,0
7329.42,7,4,1,0,0,193,1,1,23.51,7.72,0
3554.28,6,1,1,0,0,149,0,0,10.46,2.87,0
4890.55,18,1,1,0,0,786,0,1,17.52,7.8,0
3122.32,9,5,3,0,0,454,0,4,16.37,5.68,0
2797.44,19,5,1,1,0,767,0,1,15.74,3.5,0
1463.17,19,5,1,0,0,36,0,1,21.34,16.21,1
8349.46,15,3,0,0,1,219,0,1,20.39,1.47,0
17399.37,2,2,0,0,0,599,0,0,12.99,5.71,0
2029.41,17,4,0,0,0,183,0,0,10.99,3.55,0
6510.8,4,2,0,0,1,659,0,1,20.17,3.3,0
5731.85,13,2,2,0,1,231,0,2,21.18,1.37,0
3672.04,5,2,1,0,0,1146,0,0,17.55,11.83,0
732.95,1,1,0,0,1,182,0,1,23.36,1.62,0
928.27,15,2,0,0,0,967,0,1,15.77,3.76,0
1603.54,10,3,1,0,0,477,1,2,25.64,2.78,0
385.31,15,4,2,0,1,259,0,1,31.45,8.96,1
15969.44,11,2,0,0,0,717,0,2,19.68,8.15,0
5356.62,8,4,0,1,0,256,0,1,27.4,3.42,0
3528.19,0,2,0,1,0,341,0,1,15.83,1.51,0
365.13,6,3,0,0,0,654,1,1,21.72,4.85,0
536.43,21,4,0,0,0,463,0,0,14.02,16.23,0
3632.01,18,3,1,0,0,309,1,1,21.06,9.27,1
28825.46,11,3,0,0,0,148,0,1,14.88,3.22,0
1748.34,0,2,0,1,0,276,0,1,16.02,4.13,0
9018.09,23,0,0,0,0,86,0,3,18.63,5.06,0
2199.76,17,4,0,0,0,808,1,3,10.89,8.59,0
3858.37,0,4,1,0,0,98,0,0,4.56,7.78,0
13035.32,5,5,1,0,0,337,0,4,20.15,15.35,1
2531.96,4,3,0,0,0,599,0,0,20.78,5.62,0
1764.09,21,3,2,0,0,181,1,1,25.29,10.45,1
16138.68,22,3,0,1,0,214,0,3,16.75,8.94,0
3819.35,9,4,1,0,0,1017,0,3,25.42,8.25,0
11450.23,4,9,1,0,0,211,0,1,21.76,12.92,1
1773.11,15,1,1,1,1,308,0,3,25.0,20.24,1
15946.71,6,3,1,0,0,39,0,1,12.28,4.28,0
4852.79,2,3,1,1,0,282,0,0,7.35,7.63,0
5747.54,6,2,0,0,1,529,0,2,12.02,7.46,0
4180.6,6,2,0,0,0,518,1,0,14.56,2.37,0
2141.48,1,0,0,0,0,281,0,6,13.11,14.0,0
3634.52,16,2,0,0,0,281,0,1,18.91,6.37,0
2287.65,8,1,1,1,0,523,0,1,27.45,6.13,0
9971.87,13,6,0,0,0,214,0,1,12.7,8.85,0
2941.84,13,3,0,0,0,93,0,2,19.72,8.06,0
756.47,18,3,0,1,0,288,0,1,9.06,2.45,0
624.28,18,2,0,0,1,538,0,1,16.65,13.17,0
594.04,13,3,1,0,0,401,0,2,19.92,5.34,0
6966.51,20,3,1,0,0,911,0,3,21.26,5.38,0
1086.72,13,3,1,0,0,314,0,0,17.85,1.48,0
4989.5,0,2,0,0,0,892,0,0,17.77,3.46,0
4202.37,20,5,0,0,0,330,0,0,17.56,1.72,0
3401.79,18,2,0,0,0,610,0,0,16.4,9.71,0
5769.41,10,2,1,0,0,648,1,0,12.25,6.26,0
4299.35,9,3,2,1,0,654,1,1,7.79,5.12,1
211.62,21,0,0,1,0,288,2,2,14.46,3.31,0
2592.02,10,4,0,1,0,118,0,2,19.7,3.99,0
5689.39,8,4,0,1,0,295,0,2,22.99,3.48,0
20379.75,17,1,0,0,0,362,0,0,16.75,16.55,0
21392.18,7,2,0,0,0,247,0,2,18.86,2.39,0
870.17,9,4,1,0,0,258,0,2,18.23,1.72,0
2521.95,18,3,2,0,0,194,0,2,18.07,7.63,0
703.16,5,3,1,0,1,157,1,1,13.87,7.0,1
17959.59,0,1,1,1,0,542,0,2,15.89,5.15,0
10545.97,8,1,1,0,0,49,0,3,27.22,2.6,0
5261.22,4,2,0,0,0,152,0,0,17.4,9.96,0
4334.66,8,1,0,1,0,276,0,1,14.0,9.23,0
15516.55,1,2,1,0,0,293,0,2,10.07,7.81,0
12989.43,14,2,1,1,0,462,0,2,16.73,1.79,0
12282.7,12,1,0,1,0,335,0,3,21.18,1.32,0
5881.19,6,4,1,0,1,438,0,1,16.11,4.69,0
2523.27,15,3,2,0,1,459,0,1,4.73,3.31,0
8147.62,3,0,0,0,0,757,0,1,23.73,4.34,0
8577.04,0,4,1,0,0,424,0,0,17.64,3.93,0
2980.45,11,3,1,0,0,248,0,3,17.89,10.31,0
2517.92,3,4,0,0,0,1401,0,0,19.69,6.11,0
11967.85,20,7,1,0,0,707,0,2,5.15,4.86,0
20896.19,7,1,1,1,1,829,0,2,18.08,8.17,1
1657.61,10,2,1,0,0,409,0,3,29.79,4.16,0
2761.29,7,3,1,0,0,339,0,2,14.48,5.52,0
5263.12,10,2,0,1,0,354,1,4,22.02,4.08,0
6068.88,2,1,4,1,0,102,0,4,11.15,6.51,1
2103.83,22,3,2,1,0,211,0,1,20.82,12.7,1
26309.8,4,0,1,0,0,240,0,1,20.22,3.17,0
5671.45,9,2,0,0,0,180,0,1,23.59,3.87,0
6361.07,20,3,0,0,0,94,0,0,12.56,4.97,0
23082.46,10,2,1,0,0,531,0,0,28.54,1.85,0
2272.16,16,2,0,0,0,219,1,0,24.95,4.14,0
3318.1,1,2,2,0,1,204,0,1,18.71,4.12,0
976.54,7,2,1,0,0,323,0,4,12.48,3.77,0
3038.23,18,2,1,0,0,316,1,0,20.41,4.29,0
762.52,6,3,0,0,0,349,1,5,13.59,1.72,0
7984.38,9,1,0,0,0,359,0,1,13.92,6.54,0
5658.97,1,3,1,0,0,304,1,2,2.0,1.85,0
2721.88,12,4,2,0,0,562,0,2,5.65,7.81,0
3276.58,8,2,0,0,1,813,0,2,16.18,6.28,0
8099.36,20,3,1,0,0,222,0,2,21.02,1.63,0
1104.79,9,1,0,0,0,537,0,2,26.2,7.68,0
4511.46,19,1,0,1,0,688,0,1,18.09,5.75,0
7589.23,21,8,1,0,0,482,0,1,22.24,9.67,0
560.38,20,3,1,0,1,121,0,1,28.87,4.29,0
7473.99,17,0,1,0,0,710,0,1,16.63,3.93,0
627.81,14,3,1,0,0,428,0,2,15.8,4.6,0
3218.03,11,3,0,0,0,486,0,1,28.95,4.69,0
1073.24,1,1,1,0,0,258,0,2,23.48,1.21,0
16363.51,3,4,1,0,0,215,0,0,7.65,13.31,1
1080.33,9,4,0,0,1,474,0,3,15.09,1.52,0
643.74,15,2,1,0,0,632,0,1,24.68,3.54,0
4188.17,0,2,1,0,0,299,0,0,20.25,7.55,0
2358.1,22,2,0,0,0,191,0,1,21.46,0.59,0
750.07,23,1,0,0,0,231,0,2,8.43,4.09,0
6323.99,1,1,2,0,0,163,0,2,26.3,4.94,0
449.86,2,2,1,1,0,162,0,1,13.02,1.32,0
1226.53,20,4,1,1,0,238,0,3,13.17,6.59,0
1990.26,4,5,0,0,0,257,0,2,18.47,6.0,0
8453.48,4,2,3,0,0,288,0,1,18.19,7.82,1
14189.28,4,3,1,0,0,327,0,2,13.3,1.6,0
11590.27,16,1,0,0,1,436,0,4,21.99,8.66,0
3099.71,3,4,0,0,0,291,0,0,17.45,5.81,0
284.67,4,1,0,0,0,223,0,3,26.45,6.68,0
5488.42,9,1,1,0,0,153,0,4,20.73,5.61,0
17053.36,14,4,1,0,0,246,0,0,13.14,8.7,0
13299.48,23,2,1,0,0,157,0,2,11.99,21.39,1
5920.03,5,3,0,0,0,564,0,1,22.32,13.08,0
1044.22,6,2,0,0,0,654,0,0,11.45,2.84,0
2097.35,13,3,1,0,0,1007,0,1,15.96,1.88,0
27736.52,10,4,0,0,0,67,1,2,18.74,5.08,0
822.57,14,1,1,0,1,424,0,1,27.77,10.42,0
1090.91,5,2,0,0,0,663,0,1,7.95,3.14,0
9795.51,14,3,1,0,0,236,0,0,10.97,4.52,0
2315.27,22,2,0,0,0,32,0,2,25.79,5.0,0
1052.75,16,2,0,0,0,653,0,1,25.87,8.55,0
18112.72,17,1,1,1,0,359,1,2,28.72,8.94,1
5908.27,1,5,0,0,0,218,0,2,19.48,5.88,0
2438.43,21,2,0,0,0,862,0,2,9.56,4.24,0
1093.28,16,4,1,0,0,218,0,2,29.36,9.23,0
31250.07,15,5,0,1,0,820,0,3,15.43,7.79,0
3548.66,3,6,0,0,0,86,1,4,12.77,14.74,1
15790.98,13,3,0,0,0,124,0,2,26.76,13.27,0
9305.07,16,4,2,0,0,492,0,0,20.27,4.36,0
2107.07,14,1,2,0,0,813,0,1,19.19,6.51,0
2124.76,2,4,0,0,0,253,0,1,22.34,3.96,0
16624.46,0,2,1,0,0,288,0,3,5.0,6.36,0
16909.71,11,4,1,0,0,351,0,2,18.58,2.96,0
507.37,17,1,0,0,0,807,0,1,21.55,3.24,0
6485.14,9,2,0,0,0,973,0,0,22.56,11.56,0
3205.82,16,1,0,0,0,386,0,5,20.92,2.56,0
1230.3,23,1,0,0,0,321,0,1,11.16,5.44,0
4792.62,21,4,2,0,0,296,0,5,12.86,1.97,0
882.65,15,4,0,1,0,151,0,0,24.44,5.81,0
2231.04,17,3,1,0,0,456,0,2,14.11,4.44,0
1574.36,2,2,0,0,0,347,0,3,10.52,3.19,0
2154.3,2,2,0,0,0,504,1,3,16.97,7.35,0
3377.69,16,2,2,0,0,332,0,0,23.43,4.51,0
1253.45,19,1,0,1,0,445,0,2,19.6,5.85,0
18993.23,4,2,1,0,0,402,0,0,12.96,5.67,0
6111.62,14,4,2,0,0,601,0,2,16.34,1.54,0
23963.6,6,2,0,0,0,464,0,2,8.6,5.81,0
3077.63,2,1,2,0,1,56,0,3,22.27,3.81,0
2046.26,9,3,2,0,1,140,0,0,16.85,4.4,0
23071.11,10,4,2,0,0,152,0,2,29.7,7.4,0
1984.33,18,3,0,0,0,137,0,0,10.23,3.68,0
3019.34,20,6,0,0,0,45,0,1,6.91,5.36,0
7754.66,22,2,0,0,1,161,0,1,21.81,6.7,0
992.66,2,1,0,1,0,504,0,1,20.7,5.63,0
7683.72,22,1,0,0,0,510,0,1,18.74,4.89,0
6717.79,12,2,1,0,0,633,0,0,11.09,5.18,0
13805.08,4,3,0,0,0,72,0,0,7.53,5.91,0
9270.07,15,8,2,0,0,711,0,4,15.49,2.05,0
14256.63,1,3,0,0,0,77,0,1,14.63,16.2,0
3242.36,11,1,0,0,0,141,0,4,17.86,6.87,0
1471.73,19,2,2,0,0,112,0,1,11.49,0.9,0
33372.41,23,6,0,0,0,280,1,1,13.46,3.14,0
732.87,6,0,1,1,0,676,0,1,14.18,2.0,0
814.16,4,4,1,0,0,230,0,0,2.0,9.89,0
6590.5,13,0,2,0,0,422,1,0,19.9,8.55,1
20055.03,3,4,1,0,0,174,1,3,22.77,7.01,1
4442.75,23,1,1,0,0,193,0,1,22.26,1.54,0
10396.96,7,3,0,0,0,612,0,2,13.71,2.21,0
447.83,4,2,1,0,0,1048,1,2,14.41,1.18,0
2154.85,5,0,0,0,0,476,0,2,11.68,5.04,0
508.95,8,2,1,1,0,320,0,1,13.5,20.34,1
8262.08,17,7,2,0,1,697,0,5,11.43,4.12,1
717.24,20,3,0,0,0,652,0,3,17.8,12.56,0
951.74,17,3,1,0,0,434,0,0,9.41,4.43,0
6246.19,15,3,1,1,0,163,1,3,19.05,4.11,0
11102.39,6,3,0,0,0,50,1,1,11.28,3.89,0
3081.23,22,7,0,0,0,175,0,0,28.47,11.2,0
6625.5,23,0,0,1,0,622,0,1,6.79,18.76,1
6404.0,15,1,0,0,0,478,0,2,28.92,4.62,0
2903.88,18,2,0,0,1,283,0,2,19.73,1.77,0
1153.5,7,5,0,0,0,292,0,0,26.75,8.07,0
6588.86,10,5,1,1,0,117,1,1,22.08,2.86,1
6930.94,19,3,0,1,0,201,0,0,22.98,5.53,0
9308.89,10,4,0,0,0,163,0,0,20.31,0.2,0
5052.66,18,2,1,1,0,74,0,6,5.76,4.66,0
1067.5,20,7,1,1,0,171,0,2,18.94,6.02,0
7516.51,22,2,1,0,0,173,0,1,27.32,2.06,0
3635.67,6,2,0,0,0,215,0,1,7.79,2.8,0
2193.22,11,3,1,0,1,555,0,4,16.07,5.14,0
2672.13,9,4,0,0,1,353,0,1,22.23,11.63,0
1763.81,12,5,2,0,0,388,1,0,20.42,8.46,1
9258.39,17,0,1,0,0,351,0,1,18.69,5.16,0
821.37,7,4,2,0,0,696,1,2,22.5,8.54,1
1282.85,5,2,0,0,0,401,0,1,24.57,4.17,0
2578.05,6,1,0,0,0,1113,0,1,18.88,3.09,0
19819.83,18,0,1,0,0,289,0,4,20.87,12.59,0
11014.79,23,4,1,0,0,471,0,2,17.35,4.51,0
650.09,2,2,0,0,0,1350,0,1,17.26,8.52,0
15046.71,23,6,0,0,0,224,0,0,11.5,5.42,0
15016.3,0,2,0,0,0,422,0,1,24.71,14.11,0
1061.34,12,3,1,0,0,300,0,3,16.61,8.4,0
257.87,3,4,2,0,0,460,0,0,18.19,0.91,0
3375.06,22,1,0,0,0,356,0,1,21.25,4.55,0
11831.79,18,1,0,0,0,776,0,1,13.67,6.47,0
19357.3,8,3,0,0,0,853,0,0,21.02,12.38,0
1459.18,16,3,2,0,0,266,0,0,23.0,2.83,0
22915.71,20,1,0,0,0,446,1,3,20.64,9.11,0
350.96,5,3,1,0,0,506,0,1,21.11,10.08,0
2473.89,15,3,1,0,1,265,0,1,9.65,4.21,0
2349.43,7,4,0,0,0,487,0,0,16.46,16.7,0
12209.31,17,0,1,0,0,709,0,4,25.85,9.36,0
14231.56,13,4,0,0,0,493,0,1,27.27,8.7,0
9916.3,17,0,2,1,0,398,0,1,30.24,8.12,1
881.76,15,6,0,0,0,364,0,2,16.46,4.97,0
9006.93,15,2,1,0,0,909,0,3,8.47,10.79,0
6213.59,2,4,0,0,0,327,0,1,14.32,10.56,0
629.68,20,5,0,0,0,583,0,2,9.31,6.68,0
415.56,4,4,0,0,0,247,0,4,13.31,3.4,0
10827.98,9,3,0,0,0,42,0,0,16.67,8.08,0
3013.62,12,3,0,0,0,226,0,2,7.55,2.79,0
944.41,20,3,0,0,0,318,0,2,14.01,3.85,0
2926.08,15,4,1,0,0,437,0,0,15.57,5.86,0
5336.06,4,7,0,0,0,892,0,3,20.34,8.69,0
3337.6,6,5,1,0,0,345,0,1,23.33,5.23,0
713.67,4,2,0,0,0,449,0,0,17.76,9.33,0
26366.11,14,3,0,1,0,713,0,1,16.89,9.81,0
10450.75,17,4,1,0,0,676,0,1,11.88,7.94,0
2560.23,17,5,1,0,0,607,0,1,7.09,21.46,1
2670.85,18,6,0,0,0,389,1,2,16.33,10.02,0
5310.61,16,2,2,0,0,454,0,1,6.18,5.52,0
1111.98,21,2,1,0,0,624,0,2,27.0,3.88,0
5109.26,21,0,1,0,1,153,0,0,15.85,11.73,1
900.3,6,0,1,0,0,344,0,1,15.22,12.15,0
3381.04,7,2,1,0,0,259,0,1,19.43,5.8,0
1067.42,1,2,0,0,0,122,0,0,22.52,2.2,0
1125.53,6,1,0,1,0,290,0,1,20.39,10.83,0
20496.49,12,6,0,0,0,775,1,0,11.82,4.01,0
3874.56,15,2,3,0,0,713,0,1,21.06,1.8,0
4526.83,21,2,0,0,0,152,0,1,13.38,2.0,0
440.56,14,4,2,0,0,340,0,0,6.83,2.18,0
1945.25,23,2,2,0,0,42,0,1,16.52,7.64,0
5909.24,13,6,1,0,0,760,0,4,20.01,10.72,0
4464.19,20,2,0,0,0,606,0,5,12.47,7.35,0
379.28,19,2,0,0,0,470,0,5,18.21,15.18,0
4525.55,11,6,4,0,0,616,0,2,11.15,8.5,1
5350.19,20,6,1,0,0,351,0,0,20.16,1.84,0
14015.93,20,1,0,0,1,168,0,2,12.9,9.2,0
1829.88,7,3,0,0,0,446,0,1,29.81,8.97,0
345.79,5,1,2,0,0,769,0,2,17.74,3.9,0
1278.43,2,4,1,0,0,369,0,1,14.07,3.25,0
1150.65,22,1,0,0,0,164,1,1,13.22,9.06,0
7891.52,10,2,0,0,0,277,0,1,19.03,5.99,0
210.07,13,3,0,0,0,682,0,1,7.5,12.63,0
2273.84,6,4,0,0,1,465,0,4,15.62,3.29,0
16270.11,9,5,0,0,1,188,0,1,14.2,17.73,1
3668.63,9,2,2,0,0,756,0,2,30.15,4.19,0
9331.33,13,3,1,0,0,214,0,2,21.52,9.6,0
649.44,4,4,0,0,0,140,0,0,10.19,0.87,0
677.16,18,2,1,0,0,262,0,1,19.27,17.52,1
16466.85,9,5,0,0,0,249,0,0,12.06,1.88,0
4049.21,5,2,1,0,0,869,0,1,27.81,3.6,0
4057.97,0,4,0,0,0,401,1,6,12.3,9.73,1
1125.45,2,3,1,0,0,60,1,1,14.62,0.69,0
4047.36,6,0,0,1,0,569,0,1,14.4,6.38,0
1093.09,17,1,0,0,0,424,0,1,28.01,1.3,0
12660.14,20,3,0,0,0,171,1,0,16.33,1.58,0
63845.56,22,1,0,1,0,95,0,2,20.96,6.7,0
6051.96,7,1,1,1,0,768,0,1,23.46,3.75,0
1869.28,15,4,0,0,1,179,0,4,19.39,3.03,0
254.59,6,8,0,0,0,619,0,1,18.39,3.18,0
620.99,3,3,1,0,0,358,0,2,21.96,4.69,0
18631.42,13,2,1,0,0,96,1,1,12.39,1.55,0
1235.65,15,3,1,0,0,597,0,0,21.36,4.24,0
2466.67,18,3,0,0,0,384,0,3,16.17,7.93,0
7245.18,2,2,2,0,0,58,0,0,23.44,3.68,0
17264.44,17,7,0,0,0,255,0,0,19.44,4.58,0
2952.58,7,4,0,0,0,97,0,1,8.89,7.1,0
2380.58,6,3,0,0,1,540,0,2,21.1,6.39,0
3925.32,0,4,0,1,0,219,0,2,16.72,3.26,0
1883.68,4,3,0,0,0,163,0,2,11.03,4.44,0
1993.19,11,4,0,0,0,229,0,1,26.69,2.28,0
5610.94,4,7,0,0,0,321,0,1,22.07,1.77,0
4422.92,7,3,2,0,0,299,0,2,11.83,10.63,0
34138.65,12,4,0,0,0,446,1,0,25.03,18.42,1
5772.1,2,3,0,0,0,165,0,2,12.08,10.65,0
12194.04,21,2,0,0,1,211,0,1,27.12,0.7,0
1182.22,7,2,2,0,0,853,0,3,13.08,6.15,0
6319.63,18,2,2,0,0,471,2,1,17.08,3.92,1
1704.23,15,1,0,0,0,138,0,1,16.44,2.13,0
5514.99,18,1,2,0,0,362,0,0,9.55,5.07,0
7502.12,6,3,1,0,0,266,0,3,11.22,18.53,1
3836.68,4,2,1,0,0,71,0,4,20.55,4.03,0
45601.32,3,3,1,0,0,565,0,2,18.7,6.99,1
16307.47,5,3,0,0,0,387,0,2,24.46,2.91,0
12532.84,13,1,1,1,0,404,0,0,19.93,4.83,0
8123.37,14,1,1,0,0,661,0,3,13.93,14.0,0
23191.22,18,1,1,0,1,420,0,0,27.19,2.04,0
805.27,23,4,0,0,0,1357,0,4,24.68,3.12,0
15348.87,19,0,0,0,0,202,0,0,13.54,2.9,0
1285.87,8,3,0,0,1,181,0,2,25.12,3.51,0
2013.13,11,3,1,0,0,485,0,1,29.82,12.84,0
6564.7,22,3,1,0,0,619,0,4,15.67,6.03,0
13291.52,17,5,1,0,0,254,0,3,16.53,3.08,0
1084.36,10,2,0,1,0,744,0,4,18.61,3.05,0
2125.64,19,2,2,0,0,163,0,2,14.4,9.49,0
4033.58,3,3,0,1,0,26,0,3,19.66,3.36,0
2993.85,16,3,0,0,0,458,0,2,9.49,5.35,0
8926.09,22,2,0,0,0,124,0,2,24.41,5.75,0
134285.58,12,2,0,0,1,37,0,0,19.18,8.69,1
5654.95,14,2,0,0,0,290,0,1,25.34,7.35,0
1682.51,1,5,1,0,0,327,0,0,16.3,5.77,0
933.24,14,2,0,0,0,528,1,3,8.51,4.15,0
2587.59,6,3,2,0,0,252,0,2,12.93,12.85,0
1356.6,23,3,2,0,0,776,0,1,8.96,0.24,0
5948.7,7,2,1,0,0,618,0,2,20.36,4.3,0
5852.49,7,2,0,1,0,367,0,3,17.67,3.05,0
2238.75,9,4,0,1,0,106,0,2,29.57,10.73,0
29266.62,16,2,1,0,0,117,1,1,20.04,7.08,1
1682.07,22,0,0,0,0,309,0,2,25.73,7.3,0
3211.83,8,4,0,0,0,540,0,1,19.86,6.98,0
7123.26,5,5,2,0,0,662,0,1,14.44,18.69,1
9289.66,18,2,1,0,0,545,0,0,14.32,6.22,0
13925.2,12,3,1,0,1,639,0,1,15.36,6.07,0
5709.7,10,0,0,0,0,230,0,3,10.08,5.86,0
10975.91,23,8,2,0,0,43,0,1,24.79,15.45,1
1811.0,11,2,1,0,0,267,0,0,33.63,5.41,0
9547.04,14,0,0,0,0,629,0,2,36.02,4.69,0
9414.12,23,1,0,1,0,163,0,2,12.92,0.48,0
17828.1,5,6,1,0,1,324,0,1,15.07,6.03,0
631.53,21,6,1,0,0,90,0,0,12.96,2.68,0
1404.53,23,1,0,1,0,282,0,1,8.84,1.97,0
8641.21,11,1,3,0,0,591,0,1,27.59,2.81,0
224.99,8,1,1,0,0,198,0,0,18.95,3.84,0
6103.43,3,2,1,1,0,129,1,0,8.36,2.63,0
11078.87,1,6,0,0,0,367,0,0,19.43,3.6,0
1987.84,23,3,0,0,0,208,0,1,14.76,3.76,0
2317.63,10,2,0,0,0,227,0,1,15.37,10.62,0
1178.69,16,3,1,0,0,162,0,1,15.89,3.58,0
2105.64,5,2,1,0,1,63,0,2,20.56,1.54,0
2170.7,7,1,0,0,0,320,0,1,17.03,2.18,0
1777.6,19,3,2,1,0,289,0,2,8.0,9.03,0
1678.13,15,8,1,0,0,67,0,0,21.58,11.32,1
2739.27,5,1,2,1,0,561,0,0,7.83,7.36,0
2704.68,0,3,0,0,0,504,1,1,16.42,1.01,0
26051.7,19,1,0,0,0,136,0,1,15.8,2.52,0
2406.93,1,0,1,0,0,926,0,0,15.97,3.93,0
5225.77,0,3,0,0,0,626,0,2,24.12,8.31,0
1986.78,7,2,2,0,0,293,0,1,23.35,6.31,0
1960.44,22,4,0,0,0,206,0,2,19.44,5.26,0
608.14,15,4,0,1,0,646,0,0,21.75,0.75,0
699.29,1,2,1,0,0,97,0,3,13.74,9.9,0
1025.21,22,1,1,0,0,140,0,1,17.01,4.02,0
4415.52,22,2,1,0,0,350,0,1,11.72,6.32,0
11270.93,16,3,0,0,0,354,0,1,18.72,16.21,0
557.8,1,2,1,0,0,1110,0,0,25.17,1.37,0
2045.65,0,7,0,0,0,452,0,1,25.73,11.04,1
866.76,20,1,0,0,0,275,0,2,23.27,2.25,0
2758.68,19,4,0,0,0,263,0,1,24.53,2.77,0
11266.15,19,2,1,0,0,317,0,0,10.28,2.18,0
2277.36,11,1,2,0,0,70,0,2,29.02,10.45,1
3463.75,14,3,0,0,0,394,0,2,19.55,9.07,0
16780.79,4,4,2,0,0,258,0,0,21.93,4.91,0
5888.73,0,3,1,0,0,786,0,4,18.13,2.47,0
1639.1,5,1,1,1,0,185,0,2,9.23,5.03,0
4302.11,14,4,1,0,0,1021,0,1,26.55,2.2,0
1527.02,9,6,0,0,0,83,0,3,11.39,0.48,0
5661.85,14,2,0,0,0,136,1,0,13.96,4.54,0
6254.82,10,2,2,0,0,196,0,1,15.52,2.51,0
866.52,13,2,1,0,0,82,0,2,17.57,9.96,0
4376.07,22,1,1,1,0,276,0,0,22.75,3.21,0
3218.11,15,1,0,0,1,1093,0,1,21.47,4.47,0
6450.49,22,4,0,0,0,536,0,1,7.86,1.8,0
8715.99,23,2,0,0,0,276,0,0,16.94,1.17,0
6010.85,14,6,3,0,0,208,1,1,11.6,12.59,1
2648.23,23,3,0,0,1,653,1,2,14.32,13.01,1
9701.12,5,2,0,0,0,1066,0,2,12.09,7.93,0
1455.76,12,4,1,0,0,589,0,0,12.73,1.88,0
910.01,1,4,1,0,0,232,0,2,24.5,6.77,0
127.1,2,3,1,0,0,539,0,2,15.23,4.55,0
3382.44,3,5,0,0,1,185,0,2,8.49,3.34,0
1536.67,3,5,1,1,0,234,0,1,23.09,1.23,0
5528.34,9,3,0,0,0,280,0,4,24.39,3.17,0
459.53,17,3,2,0,0,404,0,1,16.21,4.35,0
1845.42,23,4,0,0,0,715,0,1,22.55,7.81,0
5965.71,23,2,0,0,0,554,0,0,20.29,6.64,0
1234.81,4,2,0,0,1,204,0,5,7.37,6.8,0
5595.51,10,2,0,0,0,508,0,0,31.92,2.39,0
2028.65,10,1,4,0,0,452,1,2,24.81,11.3,1
3517.66,2,1,0,1,0,684,0,0,17.33,4.91,0
6801.62,0,4,0,0,0,324,0,0,15.38,9.89,0
9901.45,8,2,2,0,0,200,1,1,24.25,5.07,0
4012.29,20,2,1,0,0,96,0,0,8.32,14.21,0
1548.88,9,2,0,1,0,318,0,1,22.33,4.51,0
2250.84,9,0,0,0,1,648,0,1,22.84,9.12,0
7106.77,23,4,0,0,0,409,0,1,22.56,13.09,0
1245.99,9,0,0,0,0,198,0,1,10.81,9.76,0
3020.05,16,2,0,0,0,308,0,1,10.47,4.39,0
2428.0,23,0,0,0,0,361,1,0,10.9,8.82,0
3266.49,2,3,0,0,0,218,0,0,16.23,6.57,0
1261.75,12,2,0,0,0,482,1,1,17.3,1.55,0
520.85,8,2,0,1,0,237,0,1,14.75,14.62,0
6290.4,2,2,0,0,0,767,0,0,13.73,5.28,0
10020.0,1,4,1,1,1,417,0,2,27.99,0.35,0
554.58,15,0,0,0,0,467,0,3,19.85,1.01,0
5363.5,15,4,0,1,0,265,0,2,24.37,3.12,0
11354.19,13,0,0,1,0,145,0,1,16.79,9.47,0
6807.0,16,5,0,1,0,576,0,0,21.33,13.14,1
2350.77,17,3,0,0,0,177,0,2,25.5,2.44,0
1351.98,1,2,0,0,0,911,0,2,19.99,6.03,0
3964.07,0,4,0,0,0,238,0,1,15.83,5.49,0
4722.88,8,1,1,0,0,430,0,1,12.43,3.07,0
4026.28,13,5,0,0,0,220,0,2,6.06,1.56,0
3013.5,21,3,1,1,0,255,0,0,20.41,20.06,1
1168.2,23,5,0,0,0,536,0,1,20.1,3.0,0
5674.98,19,1,1,0,0,424,1,0,24.38,5.81,0
5969.37,6,3,1,1,0,258,0,3,19.62,3.17,0
4495.64,13,6,0,0,0,192,1,2,15.89,10.53,1
4090.99,2,2,0,0,0,119,1,2,16.67,1.97,0
21230.88,11,2,2,0,0,176,0,3,13.78,4.77,0
1890.13,2,2,1,0,0,109,0,0,11.57,3.93,0
13981.73,23,1,0,0,0,141,0,0,22.79,1.34,0
1684.58,10,3,1,0,0,403,0,0,30.07,5.47,0
11665.58,17,3,2,0,0,185,0,3,13.33,5.04,0
13293.57,2,1,0,1,1,380,0,1,28.53,2.67,0
2676.58,22,1,0,0,0,738,0,1,9.11,8.51,0
20827.12,12,1,1,0,0,663,0,1,21.68,5.46,0
5957.99,1,0,0,0,1,74,0,2,21.9,9.95,0
1449.34,8,2,1,0,0,649,0,0,25.33,3.76,0
2458.08,5,5,1,0,0,97,0,2,18.59,5.03,0
11960.93,1,6,2,0,0,242,0,2,18.98,7.22,1
9597.12,0,2,0,0,0,803,0,3,19.3,9.62,0
1198.78,17,1,0,0,0,272,0,1,26.21,7.51,0
3145.66,20,5,0,0,1,334,0,2,19.99,8.17,0
4508.41,15,4,2,0,0,54,0,1,13.57,7.13,0
2136.69,16,0,1,0,0,187,0,0,18.35,2.31,0
43290.55,0,2,1,1,0,377,1,0,13.39,8.35,1
4653.37,4,4,0,1,0,535,0,3,27.61,0.91,0
3412.15,0,5,3,0,1,791,0,1,17.55,6.81,1
12713.17,23,2,1,0,0,248,0,0,24.79,5.37,0
2481.27,17,3,1,0,0,942,0,2,14.96,1.7,0
10486.03,22,5,0,0,0,708,0,2,20.02,1.01,0
631.99,21,1,1,0,0,573,0,0,21.81,6.27,0
2261.23,5,4,0,1,0,331,0,3,12.28,9.18,0
10954.7,12,3,0,0,0,597,0,1,27.11,16.83,0
18933.87,15,3,1,0,0,165,0,1,25.02,2.24,0
1616.53,17,1,1,0,1,570,0,3,29.18,5.03,0
1430.37,16,6,2,0,0,40,0,1,11.16,1.81,0
6606.56,10,2,0,0,0,171,1,1,30.05,13.56,1
1892.8,0,2,0,1,0,434,0,1,16.16,11.33,0
2746.25,22,2,1,0,0,762,0,1,13.24,2.78,0
9138.26,16,2,0,0,0,133,0,2,24.4,3.52,0
2056.36,20,1,0,0,0,1321,0,0,22.87,4.32,0
462.34,5,0,0,0,0,600,0,1,14.93,4.41,0
928.77,2,1,0,1,0,18,0,1,9.16,1.59,0
3679.21,21,8,2,0,0,865,0,1,12.73,7.78,1
514.61,19,0,0,0,0,668,0,2,20.2,2.14,0
2665.06,20,4,0,1,0,706,0,1,24.59,9.48,0
844.12,10,2,4,0,0,219,0,1,26.22,10.22,1
20372.39,21,5,1,0,0,127,0,0,24.0,4.99,0
35362.24,5,2,1,0,0,71,0,1,14.36,9.88,0
1198.58,18,4,1,0,0,469,0,3,27.05,5.44,0
4767.59,11,1,1,1,0,201,0,4,17.65,4.68,0
1328.19,3,3,1,0,0,414,0,1,22.98,3.57,0
2631.26,17,3,0,0,0,442,0,1,4.48,7.63,0
24188.75,8,0,1,0,0,694,1,2,25.03,17.06,1
2230.49,3,1,3,0,0,368,0,3,22.72,8.63,1
2696.37,17,5,0,0,0,677,0,0,23.18,3.78,0
1353.36,18,3,0,0,1,295,1,1,16.44,8.84,1
12130.75,7,3,0,0,0,982,0,1,17.7,6.97,0
118.34,23,5,1,0,0,266,0,2,11.72,4.76,0
2287.15,17,4,0,0,0,540,0,2,21.81,7.0,0
3469.69,0,5,1,0,0,251,0,2,22.07,17.61,1
1818.68,8,0,2,0,1,291,0,3,8.58,5.02,0
9015.7,23,2,0,0,0,462,0,4,8.63,3.15,0
12863.24,4,2,0,0,1,451,0,0,12.12,13.39,1
826.63,22,3,0,0,0,116,0,1,22.98,5.86,0
32799.25,12,0,2,1,0,175,0,0,28.34,7.91,1
816.95,16,1,0,0,0,390,0,4,20.85,3.9,0
14087.77,16,5,1,0,0,335,0,1,15.31,3.68,0
4261.26,12,2,0,0,0,83,0,1,5.47,6.74,0
2145.47,12,3,3,0,0,518,0,3,22.59,0.36,0
2368.86,13,3,1,0,0,697,0,0,18.01,8.4,0
3515.06,15,6,1,0,0,162,1,1,21.41,9.64,1
4531.64,17,5,0,1,0,154,0,2,15.8,7.95,0
1385.53,10,1,0,0,0,255,0,1,18.23,1.6,0
2847.97,10,5,1,1,0,566,0,0,27.12,25.0,1
1620.99,18,4,0,0,0,428,0,2,25.08,4.98,0
1016.58,18,2,1,1,0,621,0,0,24.85,19.24,1
1543.52,15,5,1,0,0,329,0,2,2.0,8.59,0
1088.47,11,3,0,0,0,282,0,1,19.98,6.22,0
2342.18,13,3,2,0,0,785,0,0,18.68,6.49,0
5733.6,13,1,0,0,0,578,0,0,25.63,1.43,0
4132.95,10,4,1,0,0,522,1,0,17.27,11.42,1
28942.37,4,3,0,0,0,256,0,2,15.84,9.21,0
357.46,12,2,1,0,0,14,0,1,28.59,1.47,0
5959.89,10,3,1,1,1,124,0,0,21.43,7.21,0
3665.58,1,0,0,0,0,185,0,3,14.11,8.33,0
8573.69,22,4,0,0,0,186,1,0,10.79,2.12,0
7725.55,16,2,1,0,0,467,0,1,21.31,5.94,0
3061.8,2,0,0,0,0,1291,0,2,17.34,4.54,0
4364.61,4,4,2,0,0,249,0,1,19.23,10.16,0
1666.91,13,2,1,0,0,45,0,3,18.09,15.9,0
6935.19,20,1,1,0,1,397,0,3,19.22,9.58,0
506.33,11,2,0,1,0,370,0,0,26.25,6.74,0
8231.04,19,3,1,1,1,32,0,1,13.05,1.66,0
3553.43,3,5,0,0,0,274,1,4,18.19,7.2,1
2183.28,12,5,0,0,0,381,0,0,20.19,6.3,0
2852.18,19,3,1,0,0,210,1,0,23.5,9.02,1
3080.49,20,3,0,1,0,741,1,1,24.73,3.13,0
14216.65,5,0,0,0,0,842,0,2,15.48,1.51,0
108571.95,16,5,0,1,0,86,0,0,17.66,4.15,1
13106.51,0,3,0,0,0,246,0,0,25.78,2.69,0
2011.04,3,2,1,0,0,305,0,3,28.99,2.2,0
7053.44,21,2,0,0,0,408,0,0,15.28,4.89,0
7383.45,17,4,0,0,0,669,0,3,13.99,1.7,0
1378.27,4,3,1,1,0,273,0,4,15.57,0.85,0
968.9,23,5,0,0,0,249,0,3,23.74,3.2,0
3406.89,23,1,2,0,0,230,0,0,17.59,7.86,0
8502.31,0,4,1,0,0,484,0,0,27.77,3.47,0
670.22,0,6,1,0,0,132,0,1,22.79,5.63,0
1707.96,5,3,0,0,0,92,0,2,25.44,4.93,0
6642.77,19,3,0,0,0,917,0,0,19.8,9.0,0
3804.01,14,4,0,0,0,132,0,0,8.86,4.11,0
16108.26,12,3,0,1,0,1629,0,0,8.57,4.27,0
827.21,9,2,0,1,0,434,0,1,21.51,7.68,0
43035.18,11,3,1,0,0,272,0,2,23.99,4.4,0
724.23,15,3,1,0,0,493,0,1,15.93,10.13,0
432.41,1,3,0,0,0,381,0,2,12.53,7.36,0
3422.55,14,2,0,0,0,132,0,3,12.29,3.35,0
1106.35,5,3,0,0,0,218,0,0,15.06,8.65,0
3495.76,18,7,2,0,0,725,0,0,20.06,5.44,0
3369.73,4,3,0,0,0,275,0,0,10.13,1.7,0
2964.42,1,1,1,0,0,496,0,1,3.14,8.08,0
1503.38,10,1,0,0,0,637,0,3,7.66,6.76,0
5734.69,10,2,0,0,0,40,0,0,11.32,1.92,0
2609.19,12,5,4,0,0,356,0,1,26.16,5.69,1
11601.02,20,1,0,0,0,173,0,0,16.63,6.09,0
3012.75,16,3,3,0,0,447,0,0,8.9,2.83,0
1322.29,8,3,1,0,0,107,0,1,20.6,9.17,0
618.88,17,1,0,1,0,551,0,0,14.82,3.31,0
3039.0,12,4,0,0,0,90,0,1,23.25,10.2,0
960.39,5,2,3,0,0,485,0,2,22.96,11.39,1
882.31,0,4,1,0,0,476,1,2,17.72,1.48,0
6334.91,0,5,0,0,0,405,0,2,8.28,10.46,0
563.09,5,3,0,1,0,452,1,2,17.16,6.89,0
16039.39,19,2,1,0,0,1020,0,0,15.99,3.26,0
4305.73,11,1,1,0,0,204,0,2,9.45,5.94,0
3477.14,10,3,0,0,0,279,0,1,24.66,4.83,0
1228.43,9,6,2,0,0,82,0,1,16.78,4.87,0
8124.11,6,6,0,0,0,115,1,3,24.64,8.99,0
3629.86,17,1,1,0,0,357,0,2,16.38,2.22,0
1771.53,0,5,0,0,0,760,0,3,24.17,8.94,0
4490.93,14,3,1,0,0,753,0,1,21.05,19.54,1
622.08,22,4,2,0,0,190,0,0,16.7,8.02,0
653.87,21,0,1,0,0,1125,0,2,20.27,10.82,0
1123.05,8,3,1,1,0,125,0,0,24.71,7.11,0
5255.36,20,6,0,1,0,572,0,3,15.71,1.94,0
3628.52,5,2,0,1,0,177,0,1,17.67,4.4,0
10953.65,5,4,0,0,1,208,0,1,14.82,2.87,0
1385.77,8,5,1,0,0,283,0,1,12.49,5.56,0
6656.85,0,6,3,0,0,322,0,2,23.87,8.6,1
3230.64,6,2,0,0,0,613,0,0,24.18,13.12,0
1352.63,20,5,0,0,0,614,0,5,25.06,3.12,0
5456.56,18,4,1,0,0,527,0,1,19.55,9.78,0
3397.13,7,4,0,1,0,511,0,0,19.14,12.43,0
1880.75,7,2,1,1,0,585,0,1,15.23,5.42,0
3805.11,8,4,0,0,0,860,0,2,14.06,7.08,0
3177.95,2,1,0,0,0,181,0,2,23.94,1.9,0
3098.36,3,2,1,1,0,476,0,2,22.79,7.6,0
2360.85,23,2,0,0,0,506,0,0,4.01,6.64,0
925.01,16,4,3,0,0,377,0,2,16.05,6.47,0
3938.3,16,1,0,0,0,294,0,1,11.25,6.49,0
1567.36,6,5,0,0,0,534,0,3,6.07,14.4,0
1247.2,20,3,1,0,0,483,0,3,17.52,3.45,0
2827.83,4,5,1,0,0,60,0,2,25.32,0.47,0
7869.33,23,2,1,0,0,313,0,1,18.28,2.22,0
4424.42,12,5,0,0,0,621,0,2,16.75,4.2,0
2084.53,7,4,0,0,0,565,0,1,19.61,1.54,0
1998.37,18,5,2,0,0,58,0,0,20.55,5.32,0
7098.25,10,3,1,0,0,869,1,0,25.51,6.84,0
293.96,6,3,1,0,0,326,0,1,12.78,10.56,0
8410.48,16,2,1,1,0,559,0,0,20.03,8.75,0
508.92,17,2,1,0,0,318,0,2,15.72,15.19,0
823.71,14,1,0,0,0,590,1,2,10.31,7.55,0
2121.8,11,3,1,0,0,116,0,2,18.99,1.46,0
35547.69,7,3,0,0,0,634,0,5,14.63,10.24,0
21190.12,9,2,0,0,0,391,0,2,27.2,14.55,0
7645.04,20,7,2,0,1,370,0,0,18.12,2.74,0
5294.21,8,1,0,0,0,536,0,2,14.52,10.88,0
515.23,23,5,0,0,0,290,1,0,25.64,9.8,1
4292.38,3,0,0,0,0,495,0,1,30.0,1.44,0
2045.34,3,2,0,1,0,373,0,0,23.71,2.39,0
1544.56,7,3,0,0,0,239,0,0,17.92,6.65,0
4283.58,0,3,2,0,0,642,0,0,10.9,3.21,0
2220.16,21,0,0,0,0,323,0,0,20.23,8.43,0
9070.34,8,2,1,0,0,370,0,4,18.12,6.23,0
476.87,2,4,2,1,0,279,0,1,27.6,10.99,1
3939.31,14,3,2,0,0,251,0,0,30.1,1.58,0
1446.57,22,2,0,0,0,46,0,3,24.2,9.64,0
2368.19,23,1,0,1,0,1108,1,2,21.12,1.16,0
5013.34,2,2,1,0,0,191,0,0,18.35,14.33,1
1126.45,19,0,0,1,0,227,0,1,27.02,1.39,0
4326.2,8,4,1,0,0,809,1,0,4.22,4.28,0
2913.31,20,3,2,0,0,290,0,1,17.88,2.51,0
1819.62,14,2,1,0,1,209,0,2,20.58,3.97,0
2221.41,17,4,1,1,1,857,0,2,12.09,12.06,1
3095.55,20,1,0,0,0,485,0,0,11.4,9.85,0
1625.83,21,5,1,0,0,199,0,2,24.9,8.99,0
3668.17,3,3,0,1,0,409,0,1,8.52,4.67,0
2718.71,17,3,1,0,0,534,0,3,20.47,8.38,0
1916.3,3,1,0,1,0,94,0,4,15.09,6.7,0
19328.47,22,3,1,0,1,138,0,0,13.69,2.03,0
5630.77,15,1,0,1,0,626,0,1,7.64,7.91,0
2436.1,4,3,3,0,1,1042,0,1,16.11,5.7,1
4243.54,7,5,0,0,0,451,0,0,13.11,10.87,0
1238.73,21,2,1,0,0,277,1,0,12.63,3.41,0
2301.67,15,2,3,0,0,688,0,1,16.03,7.45,0
2601.7,5,1,1,0,0,318,0,1,21.18,6.86,0
983.25,19,4,0,0,1,153,0,2,19.27,4.26,0
5468.29,17,3,0,0,0,156,0,0,21.94,5.94,0
2141.17,1,7,0,0,0,234,0,1,19.15,4.49,0
2506.79,6,2,1,0,0,627,0,1,26.35,9.08,0
2003.89,20,1,0,0,0,659,0,1,8.8,3.92,0
81393.05,8,1,2,0,0,451,0,1,30.28,6.27,1
1815.75,0,3,0,0,0,183,0,1,19.78,14.25,0
414.84,14,2,0,0,0,428,0,2,23.71,1.75,0
678.63,21,2,0,0,0,242,0,3,19.58,6.82,0
8080.97,13,1,0,1,0,661,0,1,14.28,3.45,0
14813.22,23,2,0,0,0,330,0,3,15.52,12.15,0
1779.54,2,0,0,0,0,257,0,1,24.64,4.38,0
13945.29,16,0,0,0,0,508,0,0,17.44,12.29,0
7932.07,15,5,0,0,0,236,0,1,24.72,12.58,0
2984.08,23,7,2,0,0,85,0,0,17.09,5.39,0
2769.8,12,3,2,0,0,84,0,0,22.57,1.64,0
4402.44,19,3,2,1,0,651,0,1,14.89,2.92,0
9148.35,3,2,0,0,0,224,0,2,5.46,6.32,0
5525.67,1,4,1,0,0,50,0,3,15.97,3.85,0
1788.89,17,5,0,1,0,199,0,1,15.84,25.0,1
3032.32,0,1,1,1,0,70,0,1,16.85,18.46,1
29153.39,20,4,0,0,0,312,0,2,10.06,13.29,0
4739.92,0,4,0,1,0,495,0,2,24.78,5.15,0
9070.58,16,7,1,0,0,376,0,1,25.04,10.47,0
6418.11,10,2,2,1,0,92,0,2,29.98,4.79,0
4851.41,15,2,0,0,1,1024,0,2,5.68,9.36,0
4081.15,14,4,1,1,0,829,0,1,9.49,3.85,0
9341.86,10,2,1,0,0,468,0,2,22.3,1.26,0
7743.23,11,4,0,0,0,199,0,0,11.44,2.15,0
4803.44,12,3,2,1,0,1038,1,0,21.12,3.13,0
1757.33,16,0,1,0,0,112,0,5,13.23,11.89,0
5457.99,17,6,1,0,0,99,0,1,15.95,8.82,0
3393.58,10,6,0,1,0,243,0,2,19.6,1.93,0
2634.19,8,2,0,0,0,155,0,3,23.03,7.31,0
60640.29,1,4,3,1,0,392,0,1,18.02,3.44,1
723.42,18,1,1,0,0,100,0,2,17.2,11.0,0
9961.06,5,1,0,0,0,376,0,2,18.37,8.85,0
1471.73,10,3,2,0,0,434,0,1,11.04,0.64,0
4178.7,23,2,1,0,0,287,0,0,22.12,2.11,0
54014.99,18,1,0,0,0,557,0,3,20.51,6.36,0
1325.46,8,5,2,0,0,211,0,1,20.29,4.65,0
1702.64,11,2,0,0,0,287,0,3,10.6,7.27,0
3574.61,7,2,0,1,0,430,0,2,22.61,19.6,1
1495.81,15,1,0,0,0,162,0,2,15.62,9.36,0
9211.97,3,5,1,0,0,424,0,2,11.75,5.65,0
2077.13,22,5,0,1,0,497,0,0,20.87,1.0,0
7235.18,23,0,2,1,0,182,0,1,18.52,9.98,1
901.76,7,3,0,0,0,388,0,1,19.95,8.55,0
546.11,5,3,0,1,0,1118,0,3,11.77,10.34,0
2862.83,12,3,0,0,0,287,0,2,17.67,6.78,0
701.39,15,0,0,0,0,391,0,1,21.71,3.64,0
17929.14,15,1,0,0,0,174,0,1,21.32,5.62,0
730.48,1,2,0,0,0,557,0,1,9.0,4.58,0
1224.67,17,6,3,1,0,355,3,0,24.51,14.53,1
5621.2,1,2,1,1,0,484,0,2,18.66,4.03,0
1967.1,8,4,2,0,0,365,0,2,13.66,5.3,0
739.29,17,5,3,0,0,444,0,2,15.62,6.98,0
31006.82,21,6,1,0,0,452,0,1,5.43,2.69,0
1271.92,15,1,2,0,1,271,0,2,14.53,5.84,0
2962.92,3,3,2,1,0,94,0,1,19.94,1.52,0
2922.95,16,1,1,0,0,188,0,0,17.17,5.0,0
7675.78,0,1,1,0,0,91,0,0,17.7,3.1,0
5916.32,5,2,0,1,0,238,0,1,20.37,2.95,0
1528.22,2,2,0,0,0,417,0,1,17.99,8.07,0
2586.04,23,1,1,1,0,461,0,2,15.45,5.11,0
2869.04,8,6,3,0,0,250,1,0,29.79,6.89,1
7993.69,13,3,1,0,0,555,0,1,14.19,0.88,0
1067.7,18,3,0,0,0,271,0,3,18.45,2.87,0
30303.43,23,3,1,0,0,769,0,1,31.48,4.34,0
1640.67,23,2,0,0,0,105,0,2,22.19,2.21,0
3607.65,3,3,0,0,0,101,0,3,30.13,9.53,0
1077.08,9,3,0,0,0,315,0,3,15.18,10.02,0
931.63,9,5,0,0,0,391,0,1,12.83,4.9,0
1453.68,19,4,0,1,0,465,0,2,12.81,7.08,0
1314.16,8,3,1,0,0,682,0,1,19.71,6.04,0
2356.73,5,3,1,0,0,151,0,3,33.49,9.92,0
1302.56,18,2,1,0,1,1200,0,0,14.71,4.29,0
7557.76,11,2,1,0,0,170,0,0,19.44,2.98,0
1600.17,17,6,1,0,0,661,0,1,9.47,3.68,0
1424.38,9,1,0,0,1,145,0,0,22.89,5.25,0
2410.0,11,2,1,0,1,63,0,2,7.76,2.91,0
10326.63,0,3,0,0,0,778,1,1,16.3,4.14,0
4562.47,0,2,0,0,0,243,0,1,32.14,2.62,0
3279.11,0,1,0,0,0,439,0,2,14.26,3.73,0
808.6,4,2,0,1,0,112,0,0,7.38,3.65,0
1096.8,8,3,1,0,0,883,0,0,18.97,9.05,0
951.15,1,3,2,1,0,75,0,1,21.26,20.31,1
14359.88,3,6,0,0,0,432,0,0,14.99,2.04,0
6355.6,20,3,0,0,0,825,0,1,18.67,2.87,0
1473.36,20,4,0,0,0,147,0,1,15.51,4.29,0
2013.06,6,2,0,0,0,383,0,2,14.22,4.02,0
1530.65,22,4,1,0,0,174,0,1,12.07,2.7,0
1436.33,2,4,0,0,0,238,0,1,16.19,2.57,0
5903.59,0,4,0,0,0,342,1,1,16.25,1.34,0
2692.13,8,3,0,0,0,407,0,1,12.9,2.57,0
32377.73,6,3,0,0,0,379,0,1,12.04,5.1,0
13532.88,1,2,0,0,0,611,1,0,6.49,9.99,1
14399.58,20,7,0,1,0,661,1,0,10.15,4.17,0
7368.17,23,3,1,0,0,644,1,1,24.74,10.2,1
2336.03,6,3,0,0,0,654,0,1,28.73,6.23,0
6820.45,7,2,0,0,0,416,0,1,11.31,3.4,0
2524.32,17,5,2,1,0,231,0,1,12.0,4.25,0
20166.74,22,6,2,1,0,756,0,2,27.08,1.64,0
5566.34,6,1,1,0,0,138,1,2,20.01,1.73,0
4795.72,16,6,1,1,1,263,0,0,13.85,16.62,1
4160.65,0,1,2,0,0,357,0,0,22.65,0.21,0
22635.61,13,4,0,0,0,464,0,0,6.1,6.19,0
808.0,23,3,1,0,0,863,0,2,18.05,1.27,0
25089.44,11,2,1,0,0,201,0,1,6.33,1.87,0
2994.52,15,1,1,0,0,334,0,0,34.17,6.71,0
831.76,16,2,1,0,0,124,0,4,25.51,4.2,0
1652.72,15,1,0,1,1,630,0,1,17.75,3.68,0
643.33,16,3,2,0,0,342,0,1,15.8,2.01,0
7232.5,21,0,0,0,1,98,0,2,18.08,8.7,0
1223.89,0,1,0,0,0,487,0,2,18.65,2.66,0
4346.39,21,4,1,0,0,692,0,0,16.82,6.26,0
11979.21,21,5,1,0,0,174,0,2,13.31,21.43,1
1797.91,21,4,0,0,0,450,0,1,14.78,9.08,0
2747.62,8,3,1,0,0,478,0,0,21.97,9.89,0
926.55,13,0,0,1,0,275,0,1,16.33,4.56,0
2421.7,8,3,1,0,0,214,0,1,20.13,4.38,0
54324.19,20,0,0,0,0,1002,0,0,20.89,17.54,1
8240.61,9,3,0,0,0,592,0,1,13.56,5.72,0
2757.37,7,5,0,0,0,1202,0,1,18.75,5.85,0
1915.49,16,6,0,0,0,381,0,1,25.31,5.05,0
3481.56,1,1,1,0,0,45,1,0,20.08,7.29,1
4173.68,9,3,3,0,0,431,0,2,15.38,0.89,0
2344.85,4,1,2,0,0,427,1,0,15.41,9.68,1
6352.24,8,4,3,0,0,342,0,0,11.91,4.3,0
1337.93,10,1,2,0,0,507,0,1,22.46,11.1,0
1331.01,1,4,0,1,0,241,0,2,16.9,6.24,0
5370.66,20,2,1,0,0,406,0,1,19.57,3.21,0
1067.34,9,2,0,0,0,499,1,1,18.41,8.52,0
7828.05,8,1,0,1,1,528,0,3,28.01,9.36,0
3586.76,3,3,0,0,0,1492,0,2,14.75,3.4,0
534.16,23,2,1,0,0,498,0,0,17.53,4.48,0
4084.58,20,2,1,0,0,350,0,3,19.02,2.94,0
620.54,11,0,0,0,0,603,0,1,22.82,8.16,0
7540.4,8,2,2,0,1,279,0,1,14.99,4.86,0
2804.13,11,1,0,0,1,689,0,5,11.35,2.38,0
25428.82,23,3,0,0,0,275,1,0,9.94,7.83,0
11213.55,5,4,0,0,0,527,0,5,20.78,2.61,0
1195.44,16,5,1,0,0,620,0,1,19.21,6.2,0
436.25,21,4,3,0,0,569,0,3,21.36,0.58,0
1647.71,18,3,0,0,0,849,0,1,19.27,4.72,0
1009.97,20,3,0,0,0,359,0,2,22.05,14.86,0
24761.0,22,0,0,1,0,171,0,3,21.27,2.36,0
3601.73,1,5,0,0,0,559,0,0,19.97,2.25,0
9702.02,5,3,0,0,0,201,0,0,17.2,1.13,0
2699.22,3,3,1,0,0,314,0,0,18.81,6.68,0
3014.98,13,3,1,0,0,389,0,1,22.58,4.14,0
3518.33,9,3,0,1,0,735,0,1,22.04,6.38,0
11636.08,0,1,1,1,0,465,1,2,21.87,3.71,0
5050.32,13,2,3,0,0,320,0,2,18.46,3.38,0
1199.67,2,7,2,0,1,128,0,1,15.86,10.76,1
20003.05,9,3,1,0,1,28,0,1,24.03,14.2,1
2677.25,8,3,1,0,0,168,0,1,12.41,6.91,0
2256.8,21,4,1,0,0,261,0,1,21.63,6.65,0
186.61,16,1,2,1,0,545,0,0,17.15,0.86,0
7087.72,14,2,0,1,0,148,0,2,17.82,2.39,0
4048.34,19,3,1,0,0,242,0,2,12.96,3.57,0
4043.73,4,4,1,0,1,80,0,0,21.71,17.55,1
2385.19,6,7,0,0,0,256,0,1,23.65,16.77,1
1990.26,18,4,0,0,0,138,0,0,3.22,10.31,0
2469.92,17,3,1,1,0,1317,0,4,17.94,2.81,0
5921.35,0,5,0,0,0,594,0,0,10.22,4.03,0
7122.92,5,3,0,1,0,225,0,0,11.02,11.71,0
2856.68,5,7,1,0,0,130,0,2,16.08,18.52,1
9861.41,0,3,2,0,0,366,0,1,14.18,1.83,0
3351.21,15,2,1,0,0,197,0,4,23.24,8.71,0
2144.29,1,7,0,0,0,460,0,2,29.08,11.32,0
4484.29,20,4,0,0,0,224,0,1,23.67,1.44,0
873.62,14,4,1,0,0,530,0,2,30.41,2.3,0
4648.75,18,2,0,0,0,434,0,2,18.59,10.32,0
721.05,11,1,1,0,0,84,0,2,17.78,13.23,0
1237.55,23,3,0,0,0,177,0,1,11.05,3.62,0
437.19,6,5,3,0,0,478,0,4,15.48,2.23,0
3029.42,13,3,1,0,0,540,0,0,7.62,5.71,0
19734.34,0,4,0,0,0,163,0,1,22.66,7.86,0
3219.78,19,0,1,0,0,484,0,2,10.32,3.49,0
7156.42,13,8,1,0,0,818,0,2,15.08,0.85,0
43041.91,4,4,1,1,0,543,0,1,13.14,4.36,0
5565.04,19,4,0,0,0,123,0,3,19.67,9.78,0
1630.31,23,4,0,0,0,283,0,2,12.02,4.01,0
1883.81,1,5,0,0,0,257,0,1,12.02,9.85,0
3643.47,20,1,0,1,0,606,0,0,19.95,23.67,1
1873.31,17,4,0,0,0,212,1,0,11.07,2.89,0
2026.38,8,0,0,0,0,798,0,1,21.47,2.7,0
10244.71,15,1,1,0,0,99,0,2,23.07,10.41,0
10694.28,18,2,4,0,0,192,0,3,5.74,11.1,1
645.98,11,5,1,0,0,309,1,2,30.72,7.6,1
1542.13,15,2,0,0,0,484,0,0,14.04,9.2,0
2236.79,1,5,0,0,0,123,0,1,19.3,6.59,0
6829.75,22,3,1,0,0,651,0,1,11.47,2.96,0
12091.15,22,2,3,0,0,264,0,2,21.19,6.35,0
62135.1,5,1,0,1,1,136,0,0,25.87,1.24,0
2232.87,11,3,0,0,0,525,0,1,15.86,6.04,0
2353.09,5,1,0,0,0,269,0,4,20.22,8.52,0
6754.73,9,1,0,0,0,176,0,0,23.36,11.45,0
1778.76,6,1,1,1,0,205,1,0,15.97,2.58,0
3140.04,20,3,0,0,0,438,1,1,25.11,2.15,0
2354.8,16,2,0,1,0,336,0,1,11.56,6.22,0
232.12,20,4,0,0,0,131,1,2,17.79,5.06,0
4143.91,19,3,0,0,0,133,0,1,18.63,6.35,0
3006.47,17,5,1,0,0,1076,0,1,14.69,15.64,1
13832.73,3,1,0,0,1,150,0,4,24.53,5.05,0
3662.0,19,2,0,0,0,207,0,0,18.19,5.26,0
975.08,18,3,1,0,0,312,0,1,26.78,5.75,0
2776.64,2,6,0,0,0,477,0,0,8.32,4.3,0
405.19,2,0,0,1,0,792,0,2,14.51,14.5,1
1021.0,18,4,1,0,0,835,0,0,11.01,9.0,0
7095.96,9,7,1,0,0,231,0,2,9.06,3.24,0
2808.18,7,1,0,0,1,1646,0,2,27.08,7.81,0
9591.51,9,5,1,0,0,374,0,2,25.08,7.92,0
461.63,20,0,0,0,0,465,1,2,22.73,7.66,0
2822.61,8,0,0,1,0,427,0,1,17.07,6.06,0
2209.92,8,1,1,0,0,659,0,2,6.81,4.27,0
9933.23,9,1,0,0,0,166,0,2,16.42,7.38,0
7379.06,1,3,1,0,0,522,0,1,5.6,2.04,0
7146.41,0,3,0,0,0,443,0,2,19.26,7.15,0
18370.12,9,1,2,0,0,661,0,3,25.99,2.29,0
2473.79,0,0,1,0,0,464,0,2,26.0,5.52,0
14791.9,18,6,0,0,0,146,0,0,21.86,3.44,0
1216.32,10,1,4,1,0,1595,0,2,4.77,8.51,1
1170.37,12,5,0,1,1,131,0,1,24.1,4.26,0
8025.54,8,0,0,0,0,913,0,1,19.25,2.9,0
749.96,18,3,2,0,0,283,1,0,15.4,14.96,1
6643.56,10,2,0,0,0,240,0,3,16.21,2.47,0
4049.62,0,4,2,0,0,405,0,2,20.73,17.0,1
11219.91,11,2,1,0,0,373,0,3,20.45,6.86,0
3420.64,4,1,0,0,0,280,0,2,14.34,2.4,0
3861.66,14,5,1,0,0,146,2,1,14.76,2.5,1
6215.04,13,3,0,0,0,393,0,2,18.7,1.21,0
1815.68,11,2,0,0,0,301,0,2,18.53,8.16,0
1734.52,9,4,1,0,0,621,0,2,15.2,5.36,0
5991.82,14,3,0,1,0,651,0,2,19.7,4.89,0
3530.69,16,2,1,1,0,73,0,2,22.76,7.99,0
2373.97,21,3,0,0,1,549,0,0,21.81,9.7,0
3337.83,23,3,0,0,0,560,1,0,20.02,9.91,0
19424.44,1,3,3,0,0,840,0,1,20.09,5.17,0
2286.62,15,2,1,0,0,127,0,1,16.7,3.72,0
2218.04,2,2,0,0,0,434,0,1,18.61,6.45,0
606.18,10,1,0,0,0,1058,0,0,11.5,5.93,0
3482.58,17,5,0,0,0,414,0,1,8.59,3.04,0
7257.04,13,3,1,0,0,476,0,2,24.03,0.91,0
8760.5,19,5,0,0,0,244,0,1,13.7,2.9,0
4079.09,21,3,2,1,0,954,0,0,10.19,0.58,0
9933.07,23,3,0,1,0,212,0,0,24.97,8.9,0
7846.26,16,3,1,0,1,429,0,0,12.07,4.42,0
11714.68,16,3,1,0,0,642,0,0,9.47,11.05,0
10234.48,19,5,0,0,0,423,0,1,22.89,4.38,0
18929.51,5,3,1,0,0,75,0,0,15.06,7.75,0
3046.72,7,3,1,1,0,1435,0,2,19.88,6.35,0
903.78,8,1,1,0,0,27,0,0,13.94,13.62,1
7309.31,17,2,0,1,1,239,0,0,15.76,11.42,1
8263.31,8,3,0,1,0,611,0,2,20.42,0.28,0
18929.85,3,7,2,0,0,963,0,1,13.77,3.18,0
13979.61,19,1,0,0,0,475,0,2,13.73,5.73,0
28078.12,17,2,2,0,0,96,0,0,13.91,6.67,0
6980.3,14,2,0,0,0,428,0,3,6.23,1.88,0
4629.72,21,2,0,0,0,14,0,1,22.15,8.64,0
850.45,19,5,0,0,0,558,1,1,18.44,5.68,0
5031.64,21,10,1,1,0,254,1,2,21.55,3.65,1
2038.3,6,3,0,1,0,261,0,2,25.23,0.96,0
4546.38,2,1,0,0,0,941,1,2,10.39,3.32,0
3855.43,8,3,1,0,0,443,0,1,20.97,3.01,0
5974.89,19,1,1,1,0,348,0,3,18.22,3.26,0
3287.24,22,3,0,0,1,652,0,1,24.26,9.68,0
9718.35,2,4,1,1,0,609,1,0,16.29,2.64,1
208.66,20,3,0,0,0,28,0,0,14.82,5.24,0
4444.81,11,2,1,0,0,467,0,2,15.24,13.1,0
12869.48,19,1,0,0,0,200,0,1,16.49,13.11,0
25940.25,16,3,1,1,0,658,0,1,33.66,0.84,0
7852.28,1,1,0,1,0,767,0,2,16.38,4.07,0
21356.84,11,2,1,0,0,288,0,1,15.31,13.72,0
4347.62,2,1,1,0,0,481,0,1,24.15,8.73,0
3651.91,8,2,1,0,0,238,0,0,21.47,2.51,0
6347.95,18,3,1,0,0,559,0,1,18.92,9.57,0
3628.76,16,3,1,0,0,211,0,2,16.91,0.57,0
1601.23,16,3,0,0,0,217,0,4,7.49,19.76,1
2119.63,15,2,0,0,0,108,0,1,15.63,6.67,0
1132.56,0,4,1,0,0,507,0,0,15.07,5.12,0
6341.03,13,1,1,0,0,74,0,0,15.4,6.75,0
3684.76,11,3,0,0,0,244,0,0,16.87,2.13,0
2494.14,12,6,0,0,0,126,0,3,16.13,0.69,0
2008.18,5,4,0,1,0,397,0,1,15.33,2.84,0
6187.64,16,2,2,0,0,821,0,2,14.64,1.16,0
8262.4,14,2,0,0,0,192,0,1,25.96,15.48,0
1110.94,9,2,0,0,0,563,0,1,11.23,4.1,0
941.93,1,5,1,0,0,389,0,1,30.86,1.95,0
9919.28,1,4,1,0,0,333,0,1,10.12,8.45,0
859.29,8,3,0,0,0,875,0,0,10.15,5.03,0
6469.55,12,4,1,0,0,692,0,3,11.7,2.24,0
19885.67,23,3,0,1,0,210,0,1,14.74,2.28,0
19934.29,17,5,0,0,0,512,0,0,21.34,5.7,0
7901.17,11,0,0,1,0,773,0,2,19.42,2.35,0
7663.7,7,1,1,0,0,254,0,1,14.11,4.54,0
38735.15,4,2,1,0,0,21,0,2,20.31,1.15,0
313.84,3,2,1,0,0,409,0,2,37.4,0.45,0
2236.01,1,4,0,0,0,254,0,3,12.26,4.01,0
8874.32,21,2,2,0,0,291,0,3,11.83,12.04,1
2555.11,0,2,0,0,0,209,0,0,22.36,2.32,0
13383.36,20,0,0,0,0,274,1,0,27.84,11.21,0
3493.57,14,2,0,0,0,706,0,1,13.39,2.75,0
4181.11,14,4,1,0,0,984,0,0,17.72,5.42,0
2728.73,23,3,1,0,0,497,0,1,10.4,4.07,0
2103.51,18,4,0,1,0,405,1,1,12.28,2.14,0
2049.88,3,1,1,0,0,663,0,0,20.16,5.3,0
4840.26,23,4,0,0,0,665,0,1,6.82,10.89,0
1614.38,4,2,2,0,0,1285,0,2,17.43,8.71,0
9905.7,13,1,3,0,0,150,0,0,13.65,13.07,1
7229.23,15,4,2,0,0,1041,0,2,14.01,2.42,0
11549.38,5,1,0,0,0,217,0,2,2.0,4.43,0
1112.79,15,1,0,0,0,367,0,0,23.16,5.6,0
611.28,15,3,0,0,0,106,0,2,32.05,6.43,0
3624.98,23,1,1,1,0,96,0,4,16.13,5.76,0
76400.2,21,4,2,0,0,480,0,2,7.11,4.93,0
13759.97,9,2,0,0,0,787,0,1,25.04,5.35,0
2034.15,16,5,1,0,1,202,0,2,16.52,3.69,0
5685.86,19,4,1,0,1,154,0,1,12.36,10.41,1
7816.3,0,4,0,0,1,305,0,4,20.17,14.35,1
865.4,16,2,1,0,0,288,0,1,15.58,3.15,0
15338.28,22,2,2,1,0,790,1,1,17.14,7.63,1
3053.99,2,0,1,0,0,256,0,0,21.82,5.36,0
3310.27,18,5,1,0,0,221,0,2,21.53,1.07,0
3733.02,1,3,0,0,0,144,0,2,11.31,1.42,0
12109.76,9,2,1,0,0,477,1,1,9.53,8.13,0
1647.57,19,2,0,0,0,129,1,3,25.28,3.98,0
606.49,23,5,1,0,1,323,1,1,23.5,8.46,1
5110.76,17,3,1,0,0,899,0,1,9.55,5.82,0
425.88,17,2,0,0,0,243,0,1,23.26,2.49,0
2654.05,6,1,0,0,0,96,0,1,20.35,7.9,0
12660.19,19,3,0,1,0,328,0,3,15.25,2.97,0
6687.86,15,1,0,0,0,819,0,3,11.1,10.29,0
10877.74,22,6,1,0,0,146,0,1,18.09,3.51,0
6983.94,14,7,0,0,0,216,0,1,20.04,5.01,0
45745.61,0,4,0,1,0,628,0,3,18.89,7.24,0
1963.23,12,1,3,0,0,446,0,0,17.97,2.38,0
5530.53,18,2,0,0,0,424,0,3,27.15,3.55,0
2298.41,18,4,0,0,0,1184,0,1,17.26,5.39,0
9943.17,9,5,1,0,0,892,0,4,10.13,2.34,0
3413.0,4,1,1,0,0,187,0,2,12.85,0.44,0
22132.16,20,1,0,0,0,555,0,2,21.33,7.71,0
2085.25,19,5,0,0,0,356,0,1,11.7,7.08,0
15954.29,21,0,1,0,1,92,0,0,24.63,0.49,0
6787.22,16,3,1,1,0,326,0,3,14.29,2.22,0
3518.94,19,1,0,0,0,343,0,1,18.63,9.79,0
6435.37,9,1,0,0,0,413,0,0,23.08,11.11,0
4790.2,18,1,0,0,0,578,0,1,17.13,18.86,0
5290.95,11,3,1,0,0,322,0,1,7.06,8.19,0
2930.08,19,4,1,0,0,409,0,0,13.13,1.94,0
1742.95,3,1,1,0,0,213,0,1,16.37,5.33,0
2561.06,7,3,0,0,0,100,0,1,14.81,3.38,0
621.85,5,5,0,0,0,89,0,3,13.14,4.07,0
8813.55,9,3,0,0,0,407,0,0,19.31,11.31,0
995.33,19,4,1,0,0,297,0,1,13.53,4.31,0
2897.11,2,3,0,1,0,418,0,1,22.04,3.89,0
7190.01,17,6,1,0,0,113,0,3,16.94,3.81,0
8789.97,19,3,1,1,0,320,0,2,19.62,3.43,0
564.88,16,1,0,0,0,360,0,1,18.75,6.12,0
3306.22,15,4,0,0,0,296,0,2,13.3,3.57,0
5900.14,3,2,0,0,0,192,0,3,17.17,4.34,0
3845.34,14,4,0,1,0,155,0,3,28.1,11.04,0
14932.25,5,2,1,0,0,339,0,0,14.69,6.52,0
1536.25,5,3,0,0,1,860,1,1,14.41,2.13,0
423.48,20,4,0,1,1,636,1,0,23.54,6.52,1
8525.72,14,3,1,0,0,157,0,0,22.15,1.32,0
2071.56,23,3,1,1,0,419,0,1,16.97,2.17,0
574.52,10,6,1,1,0,1078,0,0,10.13,9.65,1
3082.7,8,3,2,0,0,447,0,0,21.93,3.77,0
13254.41,23,2,1,0,0,831,0,3,9.81,10.27,0
966.41,14,5,0,0,0,480,0,1,6.18,5.29,0
42310.72,20,1,3,0,0,413,1,1,26.58,5.99,1
1510.54,1,5,0,0,0,767,0,1,21.19,3.69,0
3989.26,12,1,2,0,0,605,0,0,13.87,11.4,0
1012.23,19,4,1,0,0,572,0,1,12.08,10.32,0
3803.55,19,3,0,0,0,806,0,1,25.23,4.46,0
3163.91,17,3,2,0,0,135,0,0,23.83,9.62,0
762.06,3,1,0,0,0,311,0,1,23.35,4.23,0
70764.89,13,2,0,0,0,318,0,2,28.48,2.4,0
2164.39,2,0,1,0,0,133,0,2,13.43,0.78,0
2166.38,19,2,1,0,0,601,0,0,14.41,18.58,1
10071.73,15,1,1,1,1,602,0,2,24.76,5.4,0
24464.24,4,1,0,0,0,510,0,1,29.66,9.81,0
11881.75,17,1,1,0,0,344,0,3,26.89,7.92,0
1031.49,17,2,1,0,0,731,0,0,18.01,4.61,0
4557.84,1,3,3,0,0,928,0,2,10.43,4.08,0
505.0,2,2,0,0,0,158,0,1,24.12,11.55,0
9384.27,4,2,0,0,0,534,0,2,9.56,0.13,0
653.96,1,1,0,0,0,144,1,2,18.2,1.6,0
1566.56,12,2,1,0,1,240,0,1,18.82,5.48,0
3628.73,21,3,2,0,0,469,0,1,18.64,7.21,0
5809.54,1,3,1,0,0,112,0,0,16.21,4.92,0
2768.38,14,4,1,1,0,1047,0,3,10.43,5.15,0
17944.48,10,1,0,0,0,331,0,3,18.14,9.06,0
7780.7,20,1,0,0,0,108,0,2,23.34,3.98,0
7164.98,11,8,2,0,0,391,0,0,14.9,9.68,1
1001.37,16,4,0,0,0,386,0,2,19.59,7.41,0
21684.14,22,5,1,0,1,343,0,0,20.04,6.97,0
1566.79,3,3,2,1,0,479,0,3,26.21,4.69,0
22570.96,7,2,1,0,0,309,0,2,11.79,3.42,0
30433.67,6,2,0,0,0,405,0,4,31.73,3.0,0
6237.22,4,4,1,1,0,425,0,2,14.25,13.1,1
10760.25,15,2,1,1,0,104,0,0,30.52,5.19,0
143.01,0,1,0,0,0,738,1,2,17.25,8.43,0
2966.82,9,4,0,0,0,484,0,3,17.88,1.09,0
11582.77,2,2,1,0,0,308,0,0,21.85,6.19,0
9611.69,14,7,1,0,0,459,0,4,22.08,4.0,0
1011.6,18,1,2,0,0,1398,0,2,7.04,2.5,0
2674.7,11,3,0,0,0,320,0,1,27.02,1.87,0
253.87,10,3,0,0,0,1356,0,2,11.34,7.53,0
5617.5,10,3,0,0,0,817,0,2,24.97,11.29,0
503.96,4,3,0,0,0,334,0,4,21.51,10.42,0
11932.27,9,6,0,0,0,1410,0,0,16.39,10.84,0
12605.15,22,4,0,0,0,907,0,2,11.97,11.89,0
2212.58,0,5,0,1,0,453,0,0,27.22,11.4,1
6293.92,18,0,1,0,0,407,0,1,21.79,5.2,0
2898.78,3,4,1,0,0,633,0,2,16.94,8.25,0
4693.83,2,4,0,1,0,340,0,1,13.82,4.78,0
1091.58,6,1,0,0,1,716,0,1,21.9,0.98,0
6999.66,6,1,2,0,0,128,0,3,13.13,4.25,0
649.86,7,3,1,0,0,226,0,1,17.04,9.06,0
533.03,20,3,1,0,0,219,0,0,13.28,2.95,0
3203.42,21,1,0,0,0,679,0,1,22.76,8.16,0
2916.66,16,1,1,0,0,223,0,2,23.41,3.06,0
4846.04,3,1,1,0,0,179,0,1,27.04,6.15,0
1840.91,22,2,0,0,0,141,0,1,22.8,3.46,0
26369.84,20,4,2,0,0,343,0,0,16.61,2.81,0
4309.75,1,4,0,0,0,110,0,1,12.58,6.49,0
4649.55,9,0,1,0,1,1132,0,1,11.82,1.48,0
4478.73,18,3,0,0,1,575,1,1,3.56,3.16,0
10436.4,2,1,0,0,0,359,0,3,15.64,2.92,0
6666.29,1,2,2,0,0,185,1,2,11.72,4.9,1
5791.34,14,7,0,0,0,136,0,1,6.45,1.95,0
7885.52,8,3,0,0,0,180,0,2,23.17,3.38,0
536.01,10,3,1,0,0,162,0,1,27.31,9.27,0
557.69,18,2,1,0,0,477,0,0,11.22,4.25,0
3361.49,13,3,4,0,0,605,0,2,9.91,3.87,0
2958.51,17,5,0,0,0,487,0,3,14.86,9.28,0
6692.89,3,5,1,0,1,608,0,0,21.25,8.85,1
3718.28,0,1,0,0,0,78,0,3,18.76,3.85,0
6707.34,6,2,0,0,0,181,0,1,21.83,13.89,0
984.49,4,4,0,0,0,230,1,0,19.01,3.06,0
3600.1,7,2,1,0,0,203,0,1,13.21,2.55,0
890.6,18,5,0,0,0,229,0,3,11.09,9.72,0
5465.45,3,4,1,1,0,194,0,2,4.89,14.95,1
506.64,3,4,0,0,0,1195,0,6,13.85,9.37,0
5248.65,4,5,2,0,0,405,0,2,20.93,7.37,0
778.64,7,1,0,0,0,700,0,2,8.43,2.83,0
2434.01,4,3,1,0,0,382,1,2,22.34,4.97,0
9317.73,4,2,0,0,0,714,0,2,21.37,0.63,0
4622.77,13,3,1,0,0,629,0,0,24.53,2.01,0
646.81,2,3,0,0,0,502,1,0,25.62,4.32,0
1797.2,3,2,0,0,0,661,0,0,26.74,14.1,0
752.61,20,3,0,0,0,335,0,3,20.79,4.21,0
614.31,0,3,1,1,0,894,0,1,21.44,3.55,0
4119.74,1,4,0,1,0,116,0,1,12.15,5.68,0
6557.16,1,4,1,0,0,386,0,1,22.98,2.41,0
5782.76,12,3,2,0,0,240,0,2,15.76,14.04,1
6855.17,16,4,1,0,0,673,0,2,11.33,5.77,0
3595.7,16,2,1,1,1,872,0,1,20.96,2.64,0
2732.41,16,2,1,0,0,1015,0,2,10.44,11.62,0
1180.01,1,4,2,1,0,446,0,0,7.0,5.49,0
2293.69,8,4,0,0,0,594,0,1,24.82,3.0,0
909.22,15,5,2,0,0,618,0,0,21.73,5.7,0
1499.03,16,1,2,1,0,101,0,0,13.58,5.89,0
3997.3,8,1,1,1,0,306,0,0,14.8,16.02,1
3217.32,20,3,0,0,0,471,0,1,13.6,3.32,0
90940.84,20,4,2,1,0,241,1,1,19.04,1.33,1
886.18,18,3,2,0,0,444,0,1,11.3,7.39,0
3192.78,19,1,1,1,0,560,1,0,23.98,3.35,0
816.54,23,0,0,0,0,825,0,0,12.45,6.47,0
2423.15,19,2,0,0,0,156,0,2,23.12,3.01,0
2528.93,14,3,0,0,0,348,0,3,14.76,2.81,0
8840.72,9,4,1,0,0,424,0,1,20.45,2.41,0
2270.72,8,2,1,0,0,223,0,3,18.47,10.12,0
2978.32,19,1,0,0,0,54,1,2,24.91,1.37,0
2317.32,7,3,0,1,0,27,0,0,9.34,7.05,0
836.22,15,1,0,0,0,494,0,0,20.63,10.01,0
1835.9,12,2,1,1,0,486,0,1,22.94,8.09,0
2438.08,9,7,2,0,0,111,0,1,28.55,2.51,0
3934.41,10,2,2,1,0,841,0,0,22.84,1.72,0
6547.87,1,4,2,0,0,137,0,1,21.64,1.15,0
2846.01,17,3,0,0,0,1176,0,3,15.91,2.26,0
2793.96,1,3,0,1,0,352,0,1,17.07,9.97,0
597.73,1,3,0,0,0,678,0,0,12.52,4.5,0
6417.1,6,5,0,1,1,534,0,3,19.69,6.38,0
1753.39,12,2,0,0,0,512,0,1,9.68,6.97,0
7978.29,7,3,0,0,0,2267,1,3,27.15,5.19,0
14505.19,21,4,1,1,0,261,0,3,19.21,7.0,0
2988.99,22,2,0,0,0,629,0,0,10.74,3.34,0
1243.3,9,4,0,0,0,576,0,1,21.27,12.69,0
3577.67,23,4,0,0,0,86,0,2,8.73,15.71,0
5250.81,2,4,0,0,0,236,0,1,16.44,5.38,0
2614.18,3,2,0,1,0,310,1,1,13.78,0.24,0
2013.76,8,3,2,0,0,246,0,2,23.94,6.68,0
6579.47,22,2,0,0,0,45,1,3,15.43,5.66,0
6139.25,12,2,4,0,0,185,0,0,13.71,2.14,0
2531.07,16,4,0,0,0,1089,1,3,25.02,5.8,0
641.13,15,2,1,0,0,319,0,2,15.36,6.22,0
5879.32,11,4,0,0,0,517,0,1,23.83,4.54,0
1626.7,22,2,1,0,1,1950,0,1,14.16,6.65,0
4559.91,22,3,2,0,0,234,0,1,25.39,13.51,1
4267.21,10,5,2,1,1,519,0,3,15.22,3.02,0
501.0,17,4,0,1,0,361,0,1,22.39,1.95,0
3964.5,14,3,0,0,0,311,0,2,25.7,1.6,0
6249.52,14,5,0,1,0,1129,0,1,19.18,5.97,0
7108.24,2,2,2,1,0,403,0,2,17.96,3.39,0
4118.46,5,3,0,0,0,663,0,2,18.67,8.68,0
456.67,23,2,0,0,0,133,0,1,29.96,1.31,0
13917.96,5,5,0,0,0,609,0,3,36.59,3.36,0
5605.89,15,0,0,0,0,321,0,3,2.0,9.4,0
1029.18,21,2,1,1,0,802,0,1,13.53,15.03,1
1592.16,14,1,1,0,0,311,0,3,19.87,12.26,0
4641.47,5,1,0,0,0,840,0,4,23.11,8.35,0
7433.66,20,0,0,0,0,705,0,0,18.26,7.04,0
2181.22,0,4,1,0,0,1128,0,1,26.36,4.08,0
8662.87,17,3,1,1,0,628,0,2,18.53,18.75,1
554.24,6,3,0,0,0,526,0,3,12.64,4.73,0
1218.55,15,3,0,0,0,135,1,0,14.09,6.22,0
416.72,11,2,0,0,0,381,0,4,17.81,2.05,0
1419.02,13,0,0,1,0,239,0,2,14.57,2.94,0
17738.29,9,3,0,0,0,316,0,2,27.78,3.84,0
31593.05,12,2,0,0,0,1174,0,3,7.79,1.59,0
4657.9,22,3,0,0,0,226,0,1,10.07,9.18,0
1862.45,19,2,1,0,0,724,0,1,19.68,4.49,0
2884.99,10,1,0,1,0,73,0,3,23.1,7.19,0
5984.97,22,4,2,0,0,181,0,2,19.18,2.26,0
705.47,21,4,2,0,0,193,0,2,13.52,14.6,1
1995.95,15,4,0,0,0,125,0,2,15.07,13.37,0
16426.28,14,5,0,0,0,433,0,1,24.95,6.45,0
1214.4,0,2,0,1,0,498,1,3,8.92,1.79,0
1658.26,12,3,2,0,0,228,0,2,40.24,3.15,0
3691.74,5,2,0,1,0,628,0,0,13.4,5.43,0
4901.51,3,1,1,1,0,418,0,2,12.46,9.16,0
1888.89,20,2,0,0,1,293,0,3,16.04,2.88,0
3947.4,6,5,0,0,0,190,0,1,11.85,3.74,0
6893.52,14,1,0,1,0,152,0,0,20.06,0.75,0
28553.2,20,3,0,0,0,339,0,1,14.19,0.62,0
3188.94,14,6,0,0,0,599,0,1,18.62,7.04,0
3486.44,18,0,0,0,0,302,0,2,18.68,0.83,0
18102.86,18,0,1,0,1,791,0,4,14.18,3.19,0
2045.46,10,4,2,0,1,156,0,1,17.05,1.22,0
906.35,22,5,0,0,0,157,0,1,15.51,7.75,0
4735.12,21,1,1,0,0,852,0,4,20.16,12.3,0
11270.95,8,5,1,1,0,213,0,1,25.27,2.29,0
5319.31,19,2,0,0,0,149,0,1,26.4,11.45,0
3288.32,4,5,0,0,0,991,0,1,10.98,5.18,0
795.67,2,3,0,0,0,361,0,1,4.96,20.24,1
3424.51,12,1,0,1,0,332,0,2,23.56,10.72,0
13290.6,14,3,0,0,0,91,1,0,25.71,8.46,0
996.43,14,4,1,0,0,572,0,2,13.74,2.15,0
2815.84,19,7,0,0,0,913,0,1,24.64,11.71,0
2423.92,9,0,0,0,0,171,0,2,13.22,7.66,0
1750.07,19,2,1,0,0,608,0,1,16.34,1.65,0
4723.57,21,5,0,0,0,421,0,1,12.84,10.18,0
5799.17,2,5,0,0,0,230,0,0,19.44,6.1,0
5735.72,10,6,0,0,0,546,1,1,21.06,3.69,0
1305.51,5,3,0,0,0,911,0,1,12.07,10.25,0
646.59,15,4,3,0,0,116,0,1,23.59,8.48,0
4795.86,9,3,0,0,0,537,0,0,21.24,1.98,0
2140.48,6,2,0,0,0,54,0,2,25.65,9.07,0
25090.08,6,2,0,0,0,1500,0,1,13.27,1.91,0
26337.13,8,2,1,0,0,288,1,2,14.45,13.42,1
29443.38,2,1,0,0,0,665,0,1,23.42,12.38,0
1356.8,2,6,2,0,0,466,0,1,5.56,5.36,1
6619.91,15,1,1,0,0,421,0,1,5.88,2.07,0
9086.09,22,4,0,0,0,325,0,4,18.68,9.5,0
8072.93,12,2,0,0,0,338,0,4,17.07,3.78,0
2509.61,22,3,1,0,0,293,0,3,15.26,2.84,0
13948.44,3,2,2,0,0,246,0,2,15.97,1.6,0
3642.77,23,0,0,0,0,438,0,5,10.57,6.1,0
4165.17,14,6,1,1,0,103,0,2,17.28,3.85,0
724.35,17,6,0,0,0,166,0,2,24.01,0.38,0
7165.29,1,1,2,0,0,1144,0,1,26.11,14.1,1
2769.9,14,2,1,0,0,154,0,3,18.38,1.65,0
5931.41,9,7,0,0,0,191,0,1,13.3,8.13,0
4660.46,21,3,1,0,0,286,0,1,14.38,18.7,1
4402.74,19,1,0,0,0,170,1,0,8.84,5.82,0
3470.32,20,2,0,0,0,102,0,0,22.57,2.13,0
8315.94,21,3,0,0,0,311,0,1,18.12,2.45,0
2954.73,17,1,0,0,0,378,1,2,18.56,11.79,0
790.01,5,2,1,0,0,385,0,4,9.25,1.87,0
6617.04,6,1,1,1,0,873,0,1,18.98,7.32,0
1557.04,20,1,4,0,0,373,0,2,22.92,6.28,0
906.44,14,2,1,0,0,778,0,3,12.24,11.7,0
1244.69,21,2,0,0,0,180,0,1,18.6,0.91,0
4902.49,19,3,2,0,0,94,0,1,19.43,12.04,1
3290.04,14,4,0,0,0,224,0,1,18.34,3.01,0
387.87,3,4,1,0,0,626,0,2,13.36,6.02,0
2433.68,23,0,1,0,0,1162,0,1,13.6,6.14,0
12427.82,5,8,3,0,1,534,0,2,26.52,8.97,1
2266.83,5,5,2,0,0,262,0,2,22.36,2.19,0
3060.24,3,2,0,1,0,759,0,0,18.11,4.18,0
10885.0,1,4,0,0,0,384,0,3,22.99,18.17,1
8393.93,9,2,0,0,0,565,0,0,17.32,14.68,0
10644.93,20,1,1,0,0,929,0,0,23.94,15.0,0
198.11,20,1,0,0,0,162,0,1,16.23,16.85,0
22475.91,11,6,1,0,0,1675,1,2,18.01,0.75,0
7102.63,7,4,2,0,0,396,0,3,26.82,2.0,0
48269.26,8,2,2,0,1,853,0,0,10.72,4.48,1
1601.28,22,2,3,0,0,618,0,1,34.8,7.99,1
571.56,1,3,1,0,0,302,0,1,19.73,1.41,0
3668.65,1,1,1,0,0,202,0,0,22.69,1.54,0
2726.73,1,4,2,0,0,135,0,1,20.37,10.57,1
7232.55,21,2,0,0,0,189,0,2,18.12,1.77,0
11256.2,2,3,1,0,1,147,0,2,22.23,2.78,0
3322.06,22,1,0,0,0,44,0,2,21.01,3.43,0
2827.81,4,3,0,0,0,310,0,0,16.54,9.15,0
6303.47,13,3,1,0,0,251,0,2,27.18,0.91,0
2781.8,23,3,1,0,0,234,0,1,18.54,2.78,0
2547.88,2,4,0,0,0,567,0,0,13.04,4.34,0
10818.27,6,3,2,0,0,156,0,1,10.49,4.71,0
13667.37,17,3,3,0,0,511,0,0,15.27,5.5,0
11363.53,19,3,2,0,0,1065,0,1,19.7,11.51,0
3051.41,21,3,0,1,1,361,0,0,29.0,8.14,0
384.99,0,4,2,0,0,577,0,2,16.14,13.71,1
3116.24,18,2,0,0,0,107,0,0,25.78,7.05,0
1642.74,7,0,1,0,0,462,0,2,7.61,10.06,0
3177.31,13,2,0,0,0,172,0,0,12.16,9.45,0
1799.66,21,1,2,0,0,61,0,2,12.46,7.06,0
3562.52,21,2,0,1,0,266,0,1,29.94,9.41,0
1222.63,4,3,1,1,0,230,0,2,12.58,25.0,1
948.85,11,3,0,0,0,963,0,2,21.39,13.09,0
13145.39,6,3,0,0,0,988,0,4,33.02,6.19,0
1315.35,14,3,3,0,1,481,0,1,20.82,2.84,0
3642.22,19,2,1,0,0,407,0,0,22.1,5.31,0
9919.33,7,0,3,0,0,321,0,2,13.92,4.89,0
9509.24,2,5,0,1,0,298,1,0,22.84,5.98,1
8388.28,1,5,2,0,1,215,0,0,22.19,3.27,0
5004.08,1,3,2,0,0,430,0,1,11.53,9.14,0
7786.94,8,2,0,1,0,271,0,3,11.9,3.08,0
15394.15,23,4,1,0,0,402,0,3,14.48,2.55,0
5688.91,6,1,0,0,1,408,0,0,10.3,1.76,0
528.97,9,3,1,0,0,414,0,1,18.82,10.7,0
2090.25,16,1,2,0,0,148,1,3,18.35,3.37,0
7564.25,15,3,1,0,0,123,0,2,16.49,1.73,0
1884.75,6,1,0,0,0,294,0,0,13.46,2.62,0
19952.53,3,2,0,1,0,232,0,3,23.34,4.15,0
3407.25,3,4,0,0,1,306,0,0,26.5,5.49,0
3981.89,5,4,0,0,0,482,0,2,26.26,6.14,0
11860.65,2,1,0,0,0,461,0,1,10.59,6.5,0
3004.92,11,4,2,0,0,359,0,1,9.89,1.89,0
4381.26,15,1,1,0,0,45,0,4,23.62,1.96,0
9358.87,16,3,2,1,0,65,0,2,16.39,7.52,0
775.97,21,2,0,0,0,261,0,0,12.7,1.95,0
2698.46,7,1,1,1,0,141,0,3,21.27,3.04,0
8695.94,15,2,2,0,0,33,0,0,13.49,13.29,0
3900.58,21,5,0,0,0,319,0,0,16.72,22.33,1
16995.44,0,3,1,0,0,122,0,2,4.02,8.31,0
695.95,18,0,0,0,0,476,1,1,20.13,2.39,0
617.39,2,2,1,0,0,1530,0,1,13.29,5.87,0
8169.56,13,4,0,0,0,258,0,2,15.06,6.24,0
9037.14,19,3,1,0,0,265,0,0,20.22,3.94,0
2972.29,11,2,1,0,0,806,0,0,5.0,10.79,0
5543.68,13,2,0,0,0,269,0,2,8.87,2.93,0
7962.25,14,4,1,0,0,658,0,0,14.76,7.58,0
1549.12,13,2,1,0,0,706,0,1,8.71,8.76,0
1733.35,17,4,2,0,0,381,0,1,26.04,10.87,1
4443.57,20,4,1,0,0,169,0,3,17.93,5.58,0
9407.79,3,1,0,0,0,793,0,3,15.51,4.91,0
1070.35,9,7,0,0,1,198,0,2,8.93,2.25,0
2957.66,20,2,1,0,0,670,0,1,25.1,5.62,0
2817.35,9,3,1,0,0,185,0,1,12.28,3.92,0
5646.87,11,3,1,0,0,306,0,2,25.5,2.67,0
3607.85,17,4,0,1,1,357,0,1,21.39,6.13,0
2052.52,22,4,0,0,0,62,0,2,24.99,4.44,0
13507.41,6,2,1,0,0,798,0,1,9.17,6.27,0
2066.85,22,0,0,0,0,166,0,3,27.01,10.05,0
2679.27,17,3,2,1,0,289,0,0,7.1,3.35,0
684.66,0,3,0,0,0,1276,0,1,15.54,25.0,1
1721.06,20,6,2,0,0,284,0,1,19.02,7.8,0
6259.65,9,3,0,0,0,625,0,3,18.62,9.5,0
5098.15,6,3,0,0,0,691,0,2,14.74,1.19,0
6832.82,12,2,0,1,0,316,0,2,24.12,1.98,0
6493.33,13,5,0,0,0,334,0,0,27.68,5.84,0
32601.05,12,2,1,0,0,352,0,2,22.13,4.16,0
1660.29,1,2,1,0,0,562,0,1,12.11,2.85,0
664.88,19,1,1,0,0,600,0,2,19.25,11.96,0
1208.24,8,6,0,0,0,427,1,2,21.94,10.15,1
1739.17,3,3,0,1,0,248,1,0,19.46,7.15,0
1308.92,13,2,2,0,0,401,0,1,7.82,0.82,0
4017.21,14,1,0,0,0,427,0,0,13.27,8.62,0
13565.53,2,2,3,0,0,587,0,0,21.96,6.71,1
18336.37,22,2,1,0,0,486,0,1,19.09,3.57,0
6182.78,14,2,0,0,0,315,0,0,18.94,3.16,0
34486.93,23,3,1,0,0,26,0,2,14.73,5.88,0
2504.41,16,1,1,0,0,789,0,0,11.31,3.14,0
655.8,0,4,1,0,0,230,0,2,13.77,3.84,0
11002.05,5,4,0,1,1,420,1,1,18.13,2.68,0
528.2,23,3,3,1,0,464,0,4,13.32,2.32,0
1647.88,13,0,0,1,0,515,0,0,6.24,0.29,0
6286.24,2,7,0,0,0,40,0,5,15.59,8.97,0
3269.85,1,4,0,0,0,335,0,1,12.42,12.53,0
2979.47,12,6,0,0,0,288,0,5,15.55,7.79,0
1053.81,14,4,1,0,0,57,0,3,25.35,3.14,0
3599.89,5,7,2,0,0,144,0,2,21.15,9.65,1
10444.65,4,1,1,0,0,1695,0,0,20.53,5.87,0
3718.09,14,6,1,0,0,330,0,1,19.04,5.53,0
1522.73,10,3,0,0,0,810,0,3,13.78,7.13,0
982.48,0,2,1,1,0,93,1,1,13.23,8.2,1
1556.08,1,3,0,0,0,393,1,2,22.61,1.93,0
5496.96,5,6,1,0,0,375,0,1,24.61,4.76,0
5222.77,13,0,2,1,0,151,0,3,14.98,4.28,0
1571.0,7,5,0,0,0,541,0,2,18.45,10.64,0
357.35,0,3,0,0,0,357,1,1,23.44,1.37,0
5659.06,21,1,0,0,1,431,0,1,24.11,7.45,0
1418.57,16,2,0,0,0,823,0,2,3.44,3.05,0
7506.43,14,3,2,0,0,150,0,1,31.13,2.94,0
1645.97,5,5,1,0,0,217,1,1,21.17,7.87,1
1290.4,16,3,1,0,0,246,0,0,10.58,2.84,0
4276.24,22,1,0,1,0,284,0,1,18.05,14.33,0
43285.99,16,3,0,0,1,592,0,1,12.34,4.24,0
7994.28,7,2,3,0,0,375,0,2,21.62,11.85,1
4200.8,9,0,1,0,0,216,0,1,16.77,6.3,0
5307.06,22,3,1,0,0,614,0,0,30.16,9.15,0
579.01,0,4,0,1,1,665,0,1,13.43,2.57,0
1120.51,5,5,1,0,0,593,0,2,16.11,6.47,0
260.74,2,3,1,0,0,658,0,2,21.52,6.56,0
22389.95,15,3,0,1,0,223,0,0,16.89,4.85,0
18101.59,11,5,2,0,0,412,0,1,23.15,12.24,1
5499.76,3,4,2,0,0,83,2,2,11.1,0.27,1
4195.93,22,2,0,0,0,458,0,6,15.79,19.72,1
713.96,13,1,0,0,0,341,0,0,27.54,11.78,0
2892.09,5,2,0,0,0,354,0,0,20.4,3.04,0
23909.03,22,4,0,1,0,480,0,1,13.81,8.41,0
4179.67,16,2,0,0,0,501,0,3,24.32,9.11,0
2012.48,3,7,1,0,0,283,0,1,19.17,15.58,1
574.8,19,6,0,0,0,365,0,1,3.43,4.02,0
15511.25,1,5,2,0,0,260,0,2,14.97,3.5,0
3382.64,21,3,0,0,0,522,0,1,32.42,3.31,0
575.61,9,3,0,0,0,243,0,0,8.74,10.11,0
1379.56,7,4,0,0,0,550,0,2,22.62,3.08,0
952.02,1,5,1,0,0,188,0,1,18.02,8.45,0
3170.58,22,6,2,0,0,652,0,1,22.01,4.06,0
4526.51,13,3,0,0,0,119,0,2,25.63,5.0,0
2146.56,14,2,2,1,0,82,0,0,19.31,7.85,0
8232.94,20,4,1,0,0,615,0,0,23.01,7.76,0
3955.03,12,1,1,0,1,259,0,1,23.6,3.01,0
11108.08,6,1,2,1,0,183,0,0,7.27,1.17,0
2502.25,18,1,0,0,0,254,0,1,25.07,5.24,0
89106.88,12,3,0,0,0,625,0,2,14.52,1.9,0
2012.81,5,2,1,0,0,328,0,0,16.93,13.94,0
1410.22,20,4,1,0,0,595,0,0,20.77,2.06,0
1239.4,19,1,0,0,0,361,0,2,9.84,1.7,0
2917.59,5,0,0,0,0,26,0,1,18.47,1.41,0
598.54,15,0,0,0,0,98,0,1,14.34,9.83,0
4960.64,22,2,0,0,0,127,0,1,10.24,11.69,0
492.47,19,4,0,0,0,589,0,2,25.91,6.92,0
4314.58,4,5,1,0,0,235,0,3,11.26,2.8,0
881.11,20,4,0,0,0,425,0,3,19.23,5.99,0
2439.73,1,2,0,1,0,593,0,2,17.8,10.02,0
6868.96,14,3,0,0,0,289,0,1,21.83,3.99,0
40914.49,12,0,0,0,0,251,0,1,8.91,3.64,0
1173.91,0,6,1,0,0,300,0,1,9.61,2.59,0
3109.34,17,4,1,1,1,388,1,1,25.07,1.13,1
1702.84,7,0,1,0,0,642,0,1,12.97,8.27,0
1460.65,20,2,1,0,0,273,0,2,14.7,3.95,0
1718.62,21,1,1,1,0,140,0,0,20.42,5.51,0
8649.61,14,4,1,0,0,791,0,2,11.22,1.49,0
2181.01,15,6,1,0,0,360,0,1,10.2,5.68,0
38629.76,1,1,0,0,0,112,0,4,26.88,2.21,0
5635.15,21,1,1,1,0,489,0,0,21.15,5.51,0
1260.78,16,3,0,1,0,99,0,0,26.54,10.95,0
2477.39,9,1,2,0,0,424,0,3,20.27,8.4,0
1568.79,2,3,1,1,0,510,1,1,12.26,6.95,1
8434.39,12,3,1,0,0,46,0,2,13.55,20.53,1
651.5,21,2,0,0,0,369,0,0,12.02,1.45,0
890.69,20,3,2,0,0,418,0,0,11.73,5.26,0
1956.43,2,4,0,0,0,247,0,1,22.73,5.9,0
7458.38,18,2,1,0,0,505,0,2,16.72,6.52,0
13289.28,1,2,1,0,1,252,0,0,17.64,10.31,1
15515.1,9,8,0,0,1,193,0,2,19.71,6.16,0
6350.52,10,1,0,0,0,359,0,1,14.87,15.72,0
3337.46,0,5,0,0,0,685,0,2,20.85,2.68,0
8386.32,3,3,0,0,0,677,0,3,8.09,2.71,0
1094.74,21,2,0,0,0,304,0,2,11.06,4.11,0
524.85,15,2,0,0,1,971,1,2,13.37,4.98,0
5758.71,18,3,3,0,0,365,2,1,19.92,9.99,1
1266.53,13,3,1,0,0,991,0,3,32.03,1.68,0
3399.65,10,4,1,0,1,879,0,0,6.4,3.11,0
4128.25,0,0,1,0,0,225,0,2,14.81,2.79,0
4724.54,13,3,0,0,0,453,0,0,14.63,12.63,0
9746.67,18,8,1,0,0,833,0,2,21.82,7.07,0
8722.66,4,1,2,1,0,106,0,2,20.67,4.53,0
4468.24,11,3,1,0,0,401,0,0,26.92,5.17,0
2289.03,9,5,0,0,0,580,0,0,14.55,4.43,0
4077.14,20,7,2,0,0,486,0,1,19.44,23.03,1
1946.87,3,4,0,0,0,915,0,1,17.82,2.0,0
2962.38,2,4,0,0,0,138,0,3,13.15,10.1,0
56901.79,5,3,1,0,0,921,0,0,21.38,16.02,1
4408.54,3,0,0,1,1,313,1,1,8.09,3.74,1
5841.58,20,4,0,0,0,461,0,3,16.23,12.84,0
1735.84,6,1,0,1,0,179,1,3,29.91,5.17,0
10626.19,8,3,1,0,0,657,0,2,10.62,2.44,0
8089.21,6,2,1,0,0,70,0,1,21.83,10.02,0
8149.57,19,3,3,0,0,291,0,0,35.67,5.03,0
4562.54,15,2,1,0,0,233,0,3,6.39,6.48,0
10784.87,11,3,1,0,0,424,0,1,13.11,13.97,0
13839.33,19,4,0,0,0,374,0,1,21.38,5.49,0
4901.29,1,4,1,1,0,405,0,4,12.38,9.62,1
3228.13,16,3,1,0,0,581,0,1,19.9,5.67,0
9314.24,8,3,0,0,0,194,0,5,21.13,1.23,0
1409.05,9,3,1,0,0,460,0,1,8.78,3.17,0
1713.24,3,1,0,0,0,731,0,0,14.36,7.99,0
3442.78,2,2,2,0,0,621,0,4,21.32,18.44,1
584.98,16,3,0,0,1,313,0,1,7.58,3.6,0
8681.72,20,2,0,0,0,308,0,2,29.0,7.73,0
1324.7,21,3,2,0,0,724,0,1,21.92,7.84,0
2219.27,5,5,2,1,0,387,0,3,7.51,5.44,0
2910.43,18,2,1,0,0,739,0,2,18.97,7.71,0
3794.28,2,5,1,0,0,404,0,2,24.78,15.58,1
2538.08,18,4,1,0,0,209,0,1,14.54,10.36,0
3392.29,13,1,0,0,0,113,0,4,18.69,6.93,0
3419.98,20,3,0,0,0,664,0,2,15.06,2.34,0
2277.01,1,3,1,0,0,71,0,1,18.12,7.5,0
1616.71,18,1,1,0,0,209,0,1,19.87,3.77,0
11333.83,11,4,0,0,0,895,0,4,24.33,6.86,0
399.56,13,3,0,0,0,141,0,0,31.6,1.39,0
2933.64,12,2,0,1,0,190,0,2,18.8,13.09,0
2225.32,17,1,1,0,0,539,0,3,2.67,3.6,0
5651.81,14,2,0,0,0,412,0,1,21.92,6.13,0
790.76,9,0,0,0,0,301,0,2,20.26,8.38,0
2154.31,10,6,0,0,0,522,0,3,20.18,3.87,0
3269.92,1,2,0,1,0,364,0,0,26.79,6.23,0
11198.97,17,4,0,0,0,37,0,0,19.22,6.03,0
5160.53,16,1,2,0,0,219,0,1,29.07,5.63,0
1050.83,13,4,0,0,1,175,0,7,14.24,7.21,0
2182.33,17,3,1,0,0,420,0,0,17.15,1.41,0
9231.29,6,6,2,1,0,308,0,0,12.94,2.72,0
1031.93,5,1,0,1,0,773,0,1,16.36,3.99,0
3352.37,22,0,3,1,0,75,0,1,16.65,5.88,0
3606.25,22,0,0,0,0,757,0,2,13.14,4.82,0
2428.25,20,2,0,0,0,170,0,1,8.3,11.96,0
61730.87,1,3,0,0,0,1186,0,1,11.43,5.05,0
2360.51,13,2,0,0,0,589,0,1,23.49,14.32,0
5838.64,17,3,1,0,0,368,0,1,20.05,4.66,0
1628.45,0,1,0,0,0,288,0,2,14.73,8.03,0
6336.84,23,2,0,0,1,571,0,3,19.16,0.75,0
9084.52,18,2,1,0,0,622,0,1,18.21,6.85,0
1963.8,7,1,0,0,0,499,0,2,30.77,2.6,0
3437.72,12,1,3,0,0,78,0,3,30.97,3.72,0
1422.19,21,3,1,0,0,679,0,4,20.26,4.66,0
1094.85,20,1,0,1,0,528,0,1,16.2,7.65,0
10814.41,19,3,0,0,0,108,0,1,25.21,1.59,0
2035.1,23,1,0,0,0,697,0,0,19.41,5.04,0
288.79,17,2,1,0,0,427,0,0,18.17,6.94,0
23239.85,22,3,0,0,0,768,0,2,15.91,11.43,0
1568.38,22,5,1,1,0,225,0,1,20.05,12.74,1
2811.04,0,2,2,0,0,529,0,1,17.0,5.72,0
20393.1,15,2,0,0,0,570,0,0,21.65,4.91,0
3137.47,8,2,0,0,0,418,0,1,21.56,4.27,0
3067.13,11,1,0,1,0,454,0,1,14.97,5.1,0
1002.67,4,3,1,0,0,300,0,2,12.69,10.37,0
654.21,16,4,0,1,0,303,0,0,11.78,10.65,0
3057.32,20,4,0,1,0,40,0,0,24.41,8.49,0
5329.17,9,3,0,1,1,192,0,0,19.18,1.05,0
5018.08,16,3,1,0,0,344,0,1,13.88,3.45,0
2196.62,7,3,1,1,0,468,0,2,7.28,14.28,1
3719.23,17,4,1,0,1,406,0,3,17.48,8.99,0
528.97,1,0,1,0,0,599,0,1,19.74,2.68,0
5902.76,21,1,1,0,0,163,0,1,31.34,10.6,0
4313.38,9,3,2,0,0,1646,1,5,20.76,3.33,0
28921.6,12,4,0,0,1,279,0,1,15.85,9.6,0
3669.66,19,2,0,0,0,332,0,2,12.94,0.15,0
1353.16,0,5,2,0,0,857,0,2,10.43,9.24,1
3452.11,22,3,0,0,0,503,0,2,12.39,5.93,0
2580.69,14,2,0,0,0,414,0,4,9.96,6.18,0
5747.06,23,0,0,1,1,222,0,0,27.6,1.15,0
3745.22,13,3,2,0,0,706,1,0,22.51,5.27,0
969.77,4,3,0,0,1,584,0,0,17.2,7.22,0
653.58,13,2,0,0,0,658,0,2,11.78,1.92,0
4798.48,13,3,2,0,0,233,0,0,18.75,5.92,0
15557.07,22,0,0,0,0,765,0,0,14.0,7.39,0
3957.29,13,3,0,0,0,239,0,2,26.95,8.85,0
8552.36,9,1,2,0,0,328,0,1,15.93,0.92,0
10545.45,4,3,1,0,0,281,0,2,12.91,9.64,0
4818.08,7,2,0,0,0,600,0,1,13.89,7.34,0
1548.1,13,1,2,0,0,227,0,1,25.73,9.48,0
4469.69,8,1,0,0,0,498,0,3,21.9,23.53,1
12931.57,8,3,0,0,0,415,0,0,15.96,1.72,0
6351.11,0,4,0,0,0,706,1,0,12.27,1.75,0
7987.7,22,3,2,0,0,267,0,2,15.71,7.12,0
2240.21,20,2,0,0,0,62,0,0,23.62,0.94,0
2944.01,6,5,1,0,0,356,0,3,32.42,17.31,1
3214.21,3,2,0,0,0,659,0,2,15.93,1.78,0
3449.88,20,3,0,0,0,591,0,1,16.85,3.77,0
12411.22,20,2,0,1,0,306,0,2,26.49,12.3,0
309.66,21,4,0,0,0,288,0,1,23.01,13.48,0
3759.59,13,0,0,0,0,110,0,1,23.25,0.4,0
3349.37,17,1,0,0,0,192,0,1,20.25,7.22,0
862.58,17,2,2,1,0,454,0,2,8.03,6.85,0
7371.35,5,4,1,1,0,157,0,1,21.68,5.75,0
1701.52,12,5,1,0,0,240,1,0,9.2,14.63,1
2502.68,6,1,0,1,0,416,0,3,18.01,7.79,0
25367.42,18,1,0,0,1,569,0,1,13.49,16.11,1
10514.1,23,2,0,0,0,238,0,1,19.38,19.54,1
6655.58,1,3,0,0,0,217,0,4,21.0,5.88,0
5430.66,1,1,0,0,0,499,0,2,20.18,14.75,0
3062.8,6,3,0,0,0,379,0,1,22.29,0.8,0
29713.18,2,4,0,0,0,88,1,2,22.8,6.77,0
8452.99,0,0,2,0,0,132,0,1,8.82,4.52,0
1657.35,23,1,1,0,0,97,0,0,11.68,3.68,0
837.06,13,3,0,0,0,247,1,2,21.12,20.18,1
6602.34,18,3,0,0,0,170,0,2,16.79,0.93,0
3433.51,13,3,1,0,0,927,0,0,17.72,3.07,0
812.09,17,2,0,1,0,416,0,1,22.42,2.85,0
5710.24,16,4,2,0,0,643,0,1,21.72,9.74,0
2744.96,3,1,0,0,0,99,1,1,16.5,2.06,0
6356.28,3,2,0,1,0,263,0,2,12.61,6.02,0
5789.65,11,2,1,0,0,126,0,3,14.92,3.82,0
1922.39,8,1,2,0,0,280,0,0,16.05,11.12,0
7076.16,20,3,3,0,0,712,0,3,16.99,7.25,0
2158.57,7,2,1,1,0,457,0,0,15.58,6.98,0
2311.09,7,3,0,0,0,357,1,1,30.49,10.16,0
2082.06,12,4,2,0,0,280,0,1,6.72,4.73,0
11938.49,4,0,0,0,0,321,1,2,29.22,7.23,0
2711.88,20,4,1,0,0,209,0,0,18.73,4.1,0
15383.72,0,1,4,0,0,573,0,3,17.37,18.98,1
23686.47,20,5,1,0,0,541,0,2,19.59,6.41,0
1676.3,14,3,0,1,0,640,0,1,30.2,0.45,0
169.52,21,5,1,0,0,211,0,3,16.35,2.3,0
10902.37,7,0,1,0,0,43,0,1,26.92,5.0,0
2542.57,21,1,1,0,0,365,0,2,19.54,2.38,0
1466.31,20,0,2,1,0,638,0,4,13.61,9.58,1
1962.25,10,4,1,0,0,398,0,1,10.57,13.32,0
2355.35,6,3,1,0,0,534,0,0,20.7,1.02,0
14215.0,4,7,0,0,0,293,0,0,21.4,2.59,0
4306.61,3,3,1,0,1,428,0,1,24.28,4.28,0
14013.53,13,6,1,0,0,161,0,2,19.16,9.23,0
6117.64,23,3,1,0,0,304,0,1,12.51,5.57,0
2631.5,13,2,2,0,0,223,0,0,22.24,9.6,0
2416.62,23,3,2,0,0,556,0,0,15.74,7.49,0
6566.19,18,3,0,0,1,723,0,2,20.67,1.73,0
8616.61,16,7,1,0,0,413,0,3,18.07,9.29,0
10369.59,17,3,1,0,1,240,1,2,23.42,1.84,0
2766.63,22,3,1,0,0,246,0,1,10.21,5.17,0
4376.33,20,8,0,1,0,301,0,1,8.15,3.67,0
6722.68,3,1,0,0,0,570,0,2,20.69,2.0,0
2432.89,14,2,0,0,0,53,0,0,19.43,5.86,0
1105.79,11,8,0,0,0,631,0,2,11.22,9.38,0
1561.52,21,4,3,1,0,543,0,2,28.65,7.51,1
2826.83,4,4,0,1,0,611,0,2,22.82,9.78,0
7297.72,19,0,0,0,0,277,0,0,20.85,2.47,0
13655.89,11,4,1,0,0,498,1,1,28.11,4.07,0
876.69,22,2,1,0,0,64,0,1,23.36,10.11,0
1944.55,18,3,1,0,0,654,0,3,9.02,11.45,0
2500.5,8,6,1,0,1,322,0,3,13.89,14.09,1
8387.12,20,2,0,0,0,277,0,1,11.0,4.6,0
2091.18,4,6,0,0,0,809,1,3,20.31,1.31,0
2318.74,0,1,0,0,0,219,0,1,24.7,6.19,0
826.67,12,1,1,0,0,475,0,1,11.78,1.51,0
6048.57,9,5,0,0,0,205,0,2,20.47,18.05,1
3073.37,3,0,1,1,0,346,0,0,24.73,8.63,0
1832.16,23,1,1,0,0,140,0,0,21.31,4.85,0
2772.52,0,2,0,0,0,876,0,3,26.64,11.14,0
11888.72,14,1,0,0,0,291,0,0,23.89,4.1,0
1267.58,6,1,0,1,0,252,0,0,11.61,4.43,0
1504.56,7,0,0,0,1,208,0,0,20.45,7.03,0
13559.8,5,3,0,0,0,301,0,0,34.85,5.44,0
3942.47,9,5,1,0,0,178,0,3,28.65,2.71,0
7355.78,16,3,2,0,0,521,0,0,26.74,3.12,0
5551.59,7,5,2,0,0,118,0,2,18.0,7.01,0
3508.34,17,3,0,0,0,465,0,1,22.09,11.99,0
2525.73,10,3,0,0,0,622,0,0,17.82,3.38,0
8717.92,18,0,2,1,0,379,0,0,11.89,3.95,0
12338.18,10,0,1,0,0,483,0,0,15.53,4.41,0
11366.18,8,3,2,0,0,226,0,0,17.94,2.57,0
1048.65,12,2,0,0,0,682,0,5,20.99,9.62,0
14330.66,16,4,0,0,1,187,0,0,19.7,4.16,0
2500.3,11,2,0,0,1,569,0,2,15.48,15.83,1
1647.84,21,2,2,0,0,863,0,2,27.2,7.21,0
3047.89,12,2,0,0,0,669,0,0,18.78,9.24,0
8713.99,7,7,0,1,0,425,0,1,26.02,2.88,0
6422.02,0,5,1,0,0,375,0,4,27.92,12.44,1
2784.56,9,4,0,0,0,193,0,0,10.01,10.94,0
8774.01,1,8,0,0,0,366,0,2,11.49,8.61,0
4216.89,0,2,1,0,0,741,0,1,15.69,15.17,1
1994.96,8,1,1,0,0,113,1,2,16.22,3.18,0
1731.19,6,3,0,0,0,920,0,1,34.46,10.63,0
5601.26,21,1,0,0,0,715,1,2,6.36,2.55,0
3338.77,17,1,1,0,0,287,0,0,22.74,5.63,0
858.96,18,6,0,1,0,425,0,0,25.29,1.49,0
8861.93,13,2,1,0,0,103,0,1,10.09,5.82,0
2198.9,2,2,3,0,0,401,0,3,24.84,9.16,1
19374.74,20,3,0,0,0,565,0,1,19.41,12.55,0
834.52,11,3,1,0,0,741,0,0,12.84,4.34,0
3011.69,10,3,1,0,0,865,0,1,7.87,1.4,0
1745.9,14,2,1,0,0,229,0,0,29.7,13.53,0
1307.41,3,3,1,0,0,1068,0,1,22.98,2.92,0
2183.9,11,2,0,0,0,575,0,2,4.46,2.27,0
23367.37,14,5,1,0,0,124,0,2,21.8,12.28,0
4232.46,16,2,0,0,1,518,0,3,18.27,5.04,0
1585.58,12,4,0,0,0,439,0,3,21.42,1.99,0
533.76,23,4,1,0,0,379,0,2,23.61,2.24,0
597.39,23,3,1,0,0,51,0,1,13.43,8.44,0
2072.92,2,0,0,0,1,100,0,1,13.14,6.11,0
1871.75,1,2,1,0,0,223,0,2,14.17,1.76,0
2877.7,12,3,0,0,0,312,0,1,25.17,7.66,0
335.03,19,1,1,0,0,579,1,0,9.05,2.84,0
3306.79,12,1,0,0,0,172,0,2,26.23,12.56,0
10711.96,5,6,1,0,0,366,0,1,18.19,7.56,0
20009.92,13,1,0,0,0,473,0,2,12.92,2.41,0
498.12,22,5,1,0,0,721,0,2,23.62,4.29,0
1569.54,4,1,0,1,0,714,0,4,19.32,1.87,0
1484.83,10,4,2,0,0,237,0,2,21.02,15.97,1
4242.92,15,4,2,0,0,720,0,1,19.15,6.29,0
1011.55,9,6,0,0,0,601,0,3,10.44,8.29,0
21298.17,1,5,2,0,0,447,0,5,11.13,2.2,0
3811.2,16,1,0,1,0,200,1,1,22.24,14.11,1
3199.33,17,3,2,0,0,606,0,3,14.16,12.88,0
19386.83,15,2,0,0,0,176,0,1,17.09,6.8,0
3580.11,15,5,0,0,0,218,1,3,23.56,9.62,0
5543.15,15,1,1,0,0,182,0,1,27.74,5.92,0
1655.17,7,2,2,0,0,340,1,1,18.12,8.24,1
863.48,0,2,1,0,0,643,0,4,12.32,5.12,0
1918.16,23,4,1,0,0,742,0,2,6.97,4.67,0
36182.27,4,2,0,0,0,814,0,2,13.25,3.21,0
7077.47,19,3,2,1,0,396,0,2,34.7,13.94,1
4857.41,12,5,1,0,1,51,0,0,23.29,11.68,1
1306.11,12,2,1,0,0,1221,0,1,21.72,5.51,0
9478.8,0,4,0,0,0,571,0,2,9.77,2.95,0
875.17,23,3,0,0,0,351,0,1,30.41,2.39,0
702.46,12,1,0,1,0,556,0,1,11.8,1.57,0
2024.68,19,2,0,1,0,145,0,1,18.45,2.98,0
28345.27,18,3,0,0,0,32,0,1,24.56,9.7,0
26709.88,3,1,1,0,0,421,0,0,21.05,4.29,0
2266.97,22,5,0,0,0,1030,0,2,16.73,2.3,0
1793.8,14,1,0,0,0,298,0,0,13.98,3.4,0
650.42,4,4,1,0,0,346,0,2,19.35,6.93,0
3951.82,13,2,1,0,0,1722,0,1,12.54,5.39,0
4316.13,14,3,0,1,0,771,0,3,18.5,1.93,0
8341.8,15,3,2,1,0,926,0,2,21.46,15.06,1
9473.4,7,5,0,0,0,524,0,1,21.58,11.95,0
2959.3,22,0,1,0,0,1189,0,0,13.76,9.41,0
6527.83,5,6,0,1,0,418,0,1,20.35,4.01,0
1744.68,11,1,0,0,1,67,0,2,16.01,11.87,0
6398.98,20,3,0,0,0,271,0,1,20.31,3.52,0
2137.53,1,3,0,0,0,285,0,1,20.03,3.83,0
5898.37,9,3,1,0,1,443,0,0,17.42,18.64,1
5417.7,11,2,2,0,0,488,0,1,20.66,5.11,0
3913.72,18,3,1,0,0,352,0,1,16.41,18.01,1
8385.56,18,2,0,0,0,161,0,2,15.16,3.46,0
700.0,19,6,1,0,0,404,0,0,34.4,4.44,0
1190.15,8,7,0,0,0,419,0,4,17.37,1.63,0
2741.98,11,4,0,0,0,153,0,2,23.09,3.91,0
799.97,0,5,0,0,0,173,0,1,14.85,2.77,0
2375.09,19,4,1,0,0,171,2,2,5.4,3.27,1
2456.86,7,2,1,0,0,183,0,2,12.42,7.89,0
14402.66,11,0,2,1,1,580,0,0,9.61,4.34,0
4228.74,16,1,0,1,0,619,0,3,16.02,4.77,0
10731.1,18,1,1,0,0,464,0,2,31.15,5.49,0
4997.83,2,3,0,1,0,285,0,4,25.9,2.73,0
2074.65,18,4,1,0,0,327,0,2,14.05,6.4,0
4189.78,9,5,0,0,0,289,0,3,27.15,1.04,0
7831.41,10,5,0,0,1,766,0,1,23.8,9.16,0
12747.26,3,5,1,0,0,236,0,0,12.16,3.93,0
3168.69,17,3,2,0,0,172,0,3,17.06,7.15,0
645.56,11,2,1,1,0,187,0,1,22.05,2.01,0
599.63,2,3,1,1,0,748,0,2,15.84,2.71,0
2584.45,3,1,1,0,0,260,0,1,17.45,2.76,0
312.69,17,1,1,0,0,561,0,4,20.69,5.1,0
23977.22,2,3,1,0,0,595,0,2,22.16,2.94,0
6814.31,12,5,2,1,0,609,0,1,17.29,1.86,0
1867.86,16,2,0,0,0,178,0,1,15.27,8.59,0
1135.55,21,3,1,0,0,583,0,3,14.16,4.78,0
10716.34,3,3,1,0,0,644,0,1,33.54,8.66,1
1130.8,7,2,0,0,1,654,0,0,5.09,3.84,0
1249.95,3,5,0,0,0,759,0,2,25.47,9.78,0
1629.06,21,4,0,0,0,683,0,4,17.1,7.01,0
4104.31,14,3,2,0,0,158,0,1,18.82,9.32,0
6987.21,23,4,1,0,0,509,0,1,20.58,4.49,0
12737.5,1,0,1,0,0,212,0,2,23.14,0.87,0
10907.65,16,4,0,0,0,162,0,2,14.75,5.32,0
3643.91,0,0,0,0,0,843,0,0,22.23,7.1,0
10631.2,2,3,0,1,0,1075,0,2,29.65,6.82,0
1799.84,10,0,2,0,0,380,0,1,10.78,2.49,0
538.12,8,4,1,0,0,719,0,2,29.31,3.54,0
1799.59,8,2,0,0,0,317,0,0,11.54,8.55,0
1561.54,1,4,1,0,0,80,0,3,3.0,4.85,0
1875.09,13,1,0,1,0,480,0,0,9.21,12.5,0
1329.63,8,1,2,1,0,435,0,2,24.08,6.43,0
2243.6,23,3,1,0,0,175,1,0,19.32,4.52,0
6981.49,18,6,0,1,0,150,0,2,26.2,9.09,0
22048.94,10,3,0,0,0,165,0,2,23.47,3.56,0
594.9,18,1,0,0,0,190,0,2,18.33,14.77,0
941.88,13,5,1,0,0,387,0,2,25.51,4.75,0
1586.02,11,1,0,0,0,235,0,3,17.52,1.95,0
8135.8,22,2,1,0,0,397,0,0,18.62,8.08,0
2936.01,14,0,0,0,0,499,0,1,12.34,1.09,0
1702.21,11,1,0,0,0,84,0,0,15.06,3.89,0
7727.72,13,6,0,0,0,86,0,1,14.55,10.42,0
9938.88,18,2,1,0,0,301,1,2,10.01,11.42,1
3569.93,17,1,1,0,1,558,0,3,7.62,2.65,0
1545.29,13,0,0,1,0,838,0,1,15.34,7.56,0
4835.76,4,2,0,0,0,741,0,2,24.65,3.58,0
2849.98,15,5,1,0,0,490,0,2,18.46,5.76,0
2826.9,10,3,0,0,0,415,0,0,9.3,8.23,0
2125.96,22,5,1,0,0,86,0,1,18.18,7.74,0
9616.47,21,2,3,0,0,827,0,1,7.96,3.74,0
4733.28,0,2,3,0,0,252,0,1,20.61,4.72,0
10801.99,23,6,0,1,0,660,0,1,16.65,12.23,0
14811.25,21,4,1,0,0,883,0,0,19.75,16.08,1
5895.41,21,1,2,0,0,98,0,3,24.79,5.9,0
2139.23,11,0,0,0,0,583,0,3,21.74,2.75,0
10854.58,6,1,0,0,1,774,0,3,18.59,3.89,0
5936.93,14,3,1,0,0,183,1,2,20.71,4.52,0
56024.04,21,5,0,0,1,196,0,1,12.39,12.35,1
5042.25,10,5,0,0,0,88,0,0,27.26,1.9,0
7574.73,23,2,0,0,0,314,0,0,16.32,9.6,0
4939.13,6,7,0,1,0,1198,1,2,16.51,7.14,1
3281.14,20,2,0,0,0,604,1,1,28.24,6.85,0
2774.62,1,2,2,0,0,100,1,0,16.12,5.87,1
4958.98,20,2,2,0,0,749,0,2,18.39,5.75,0
6293.26,22,2,1,0,0,89,0,0,22.84,2.68,0
12235.63,16,5,1,0,0,275,0,1,22.59,2.87,0
5035.63,14,5,1,0,1,68,0,4,23.4,16.28,1
2239.41,9,1,2,0,0,75,0,2,13.71,3.62,0
2583.25,20,4,0,0,0,420,1,0,13.08,5.06,0
907.7,3,3,1,0,1,208,0,2,18.93,7.98,0
20832.6,6,3,1,0,0,66,0,5,18.74,0.92,0
2062.69,3,2,0,0,1,476,0,2,20.92,0.8,0
10054.87,6,3,1,0,0,441,0,2,16.31,7.81,0
4867.71,12,1,1,1,0,167,0,3,21.46,6.12,0
5008.63,8,0,2,0,0,488,0,0,18.35,5.15,0
3218.53,10,1,0,0,0,302,0,0,22.85,1.28,0
1592.1,5,2,0,0,0,422,0,2,15.63,5.29,0
1316.9,8,4,0,0,0,835,0,3,22.63,4.06,0
22356.86,11,7,0,0,0,826,0,1,15.95,7.2,0
4103.76,5,1,2,0,0,177,0,0,24.07,3.8,0
11867.17,22,1,0,0,0,131,0,1,29.58,5.92,0
15586.37,21,1,0,0,0,489,0,2,22.07,19.57,1
2365.18,21,4,4,0,0,86,0,1,12.46,5.86,1
5679.86,0,1,0,0,0,109,0,1,17.03,7.98,0
3817.16,11,3,0,0,0,413,0,4,18.17,4.45,0
1080.23,19,1,1,0,1,37,0,1,24.78,5.67,0
2996.64,8,2,1,0,0,286,0,1,7.62,7.51,0
6747.19,5,5,0,1,0,274,0,0,16.53,2.73,0
2156.02,14,4,1,0,0,35,0,2,10.8,5.36,0
2588.71,0,4,0,0,0,680,0,1,11.69,0.31,0
3034.99,14,1,1,0,0,461,0,2,18.21,8.59,0
33426.55,10,0,0,0,0,368,0,3,21.68,1.99,0
530.73,16,7,3,0,0,216,0,2,15.48,5.73,1
6165.51,16,6,2,1,0,451,0,3,6.13,9.65,1
2790.55,12,1,0,0,0,348,0,0,27.67,1.65,0
1858.1,14,8,1,0,0,261,1,1,19.16,7.42,1
2719.57,0,3,0,1,1,384,0,1,19.87,5.98,0
7337.44,23,4,0,0,0,226,0,1,21.12,2.94,0
7791.2,1,3,0,0,0,392,0,3,12.87,2.54,0
4426.29,23,3,0,0,0,207,1,3,24.56,5.48,0
11468.72,23,2,0,0,0,254,0,0,18.56,13.67,0
13797.94,17,2,0,0,1,127,0,3,16.33,4.96,0
8580.05,17,3,0,0,0,208,0,2,22.31,2.4,0
2051.85,0,2,2,0,0,137,0,1,17.66,2.95,0
6119.06,22,5,2,0,0,594,1,2,10.16,8.12,1
6149.71,12,2,1,0,0,440,0,1,15.53,5.97,0
1546.25,8,1,1,0,0,922,0,2,31.47,2.48,0
700.71,16,3,0,0,0,683,0,2,19.62,2.91,0
435.32,12,0,1,1,0,100,0,1,18.37,1.32,0
3918.05,8,1,1,0,0,282,0,2,21.96,2.44,0
4978.79,7,1,0,1,1,623,0,2,20.8,2.77,0
1052.72,2,2,1,0,0,181,0,0,12.76,14.9,1
10919.81,21,3,1,1,0,261,1,2,18.63,5.95,1
4271.96,15,3,0,1,0,356,0,2,13.03,5.77,0
15016.81,6,1,1,0,0,231,0,0,27.93,9.81,0
5372.58,17,3,0,0,0,185,0,0,20.48,4.78,0
1188.38,16,2,1,0,0,549,0,1,20.4,3.33,0
5891.08,3,5,0,0,0,1078,0,0,19.49,5.07,0
7358.54,4,2,0,0,0,251,0,1,14.23,14.39,0
2048.77,5,2,0,0,0,433,0,3,31.02,9.73,0
800.95,2,3,0,1,0,325,0,2,20.05,3.89,0
4045.3,19,3,0,0,1,118,0,2,13.98,11.74,0
1272.98,3,4,0,0,0,126,0,2,16.43,6.44,0
11812.72,19,2,0,0,1,318,0,4,22.01,1.82,0
2374.32,12,2,2,0,0,492,1,2,21.85,6.3,0
22266.33,2,2,0,1,0,271,0,1,17.2,18.18,1
391.36,20,3,1,0,0,156,0,1,14.8,8.3,0
4194.53,4,4,0,0,0,473,1,1,19.27,0.67,0
16331.68,23,0,2,0,0,226,0,1,13.46,1.76,0
1429.64,0,2,0,0,0,438,0,0,13.71,10.81,0
3080.47,14,3,0,0,1,332,0,1,13.14,2.3,0
2384.66,7,6,0,0,0,1040,0,0,13.77,12.88,0
1775.87,12,2,1,0,0,841,0,0,11.45,5.63,0
4707.22,20,5,3,0,0,687,0,2,13.72,1.99,0
934.31,18,3,0,0,0,863,1,2,14.07,8.82,0
3240.5,6,1,2,0,0,345,0,0,17.93,0.91,0
6259.11,1,5,1,1,0,507,0,0,13.08,6.38,0
2904.89,6,1,2,0,0,119,0,3,29.12,5.41,0
1273.83,19,1,0,1,0,354,0,0,15.76,3.35,0
10739.62,12,2,0,1,0,920,0,1,6.09,5.82,0
7838.24,18,3,0,0,0,627,0,1,18.54,10.7,0
1220.18,11,3,0,0,0,383,0,0,22.69,5.28,0
935.6,12,4,1,0,0,700,0,1,14.86,4.1,0
1340.07,1,4,0,0,0,95,0,1,19.57,11.52,0
6454.53,0,2,1,0,0,968,0,0,21.77,7.7,0
4862.71,16,2,0,0,0,340,1,2,23.14,5.05,0
8346.41,4,1,1,0,0,66,0,3,17.52,0.96,0
2585.16,8,4,0,1,0,266,0,0,18.88,2.2,0
1378.88,8,2,2,0,0,432,0,0,19.81,8.96,0
9554.7,15,3,0,0,0,101,1,0,17.46,7.92,0
2036.28,22,3,1,1,1,255,0,2,19.07,7.14,1
4428.76,18,2,0,0,0,729,0,2,25.37,1.17,0
715.21,15,3,2,0,0,332,0,1,21.43,11.13,0
2001.59,20,3,0,0,0,495,0,2,5.12,5.36,0
10507.73,12,2,0,0,0,170,0,1,14.35,11.18,0
1716.28,3,4,3,0,0,190,0,3,11.68,7.08,1
8563.2,11,1,1,0,0,151,0,1,18.07,10.67,0
314.95,23,2,0,0,0,870,0,1,18.01,2.1,0
2023.61,18,2,3,0,0,507,0,0,11.47,5.58,0
3041.41,8,5,2,0,0,56,0,2,22.43,3.94,0
22689.72,7,5,1,0,0,144,1,2,30.68,15.64,1
1066.87,22,4,0,0,0,766,0,1,17.43,5.58,0
7365.36,2,3,2,0,0,478,0,0,15.68,0.73,0
11045.5,22,3,1,1,0,476,0,4,17.59,8.23,0
1706.9,16,3,0,0,0,239,0,4,16.14,18.97,0
2459.71,19,1,1,0,0,277,1,1,18.62,5.68,0
4224.73,7,3,1,0,0,302,0,4,12.6,13.03,0
768.5,15,3,1,1,0,250,0,1,13.1,2.84,0
2257.79,7,6,0,0,0,501,0,2,26.18,7.46,0
13903.8,0,5,0,0,0,176,0,1,16.79,6.78,0
6303.04,10,2,1,0,0,1066,1,1,17.44,13.62,1
3088.41,23,1,1,0,0,998,0,1,25.25,7.64,0
4099.93,5,2,1,0,0,598,0,0,11.64,3.23,0
6700.59,3,1,1,0,0,721,0,0,9.36,1.69,0
8192.96,22,4,0,0,0,1030,0,1,26.96,8.89,0
2029.95,21,1,3,0,0,464,0,2,22.87,5.42,0
18241.55,20,1,3,0,0,198,0,1,18.84,4.5,0
14503.79,23,3,0,0,0,541,0,4,19.73,4.24,0
7413.96,23,3,1,1,0,429,0,1,12.93,4.53,0
1502.51,22,3,0,0,0,380,0,0,15.47,5.81,0
1247.34,23,3,2,0,0,357,0,1,31.99,7.32,0
2583.93,17,2,0,0,0,66,0,0,22.77,6.08,0
3880.83,7,2,1,0,1,472,0,1,17.06,5.65,0
568.55,10,7,1,0,0,1066,0,1,18.19,10.71,0
6120.68,9,3,0,0,0,243,1,3,8.72,7.38,0
14070.5,12,4,0,1,0,86,0,3,18.93,2.35,0
6669.48,16,0,2,0,0,181,1,1,12.57,6.69,1
1790.31,5,1,0,0,0,204,0,2,23.55,12.87,0
1581.1,0,2,4,1,1,358,0,2,24.2,3.25,1
4988.27,14,4,0,1,0,244,0,0,15.63,10.92,0
3099.61,23,1,0,0,0,424,0,1,17.41,6.26,0
5797.56,20,1,0,0,0,430,0,4,27.83,8.18,0
6848.65,0,5,1,0,0,571,0,2,13.07,9.04,1
11458.48,14,2,3,1,0,598,0,1,28.65,5.02,1
1109.06,12,4,0,0,0,302,1,2,26.81,5.06,0
4594.89,10,1,0,0,0,942,0,1,14.79,2.15,0
2485.8,16,4,0,0,1,28,0,2,19.28,7.04,0
3282.74,10,5,1,0,0,636,0,4,7.92,3.15,0
9023.88,21,1,1,0,0,723,0,1,13.6,6.06,0
10115.08,21,4,1,0,0,205,0,2,17.37,5.34,0
15809.49,15,7,0,0,0,392,0,2,15.66,4.41,0
5692.3,11,4,1,0,0,455,0,1,11.85,5.78,0
3243.74,14,3,0,0,0,194,0,2,18.28,1.34,0
2791.9,21,3,1,0,0,615,0,1,21.43,2.16,0
589.05,7,5,0,0,0,351,0,0,13.21,1.74,0
14864.36,20,5,2,1,0,273,0,1,8.19,2.21,0
2596.73,14,2,0,1,0,667,0,1,24.76,2.98,0
6193.11,1,2,2,1,0,277,0,1,17.01,3.27,0
7427.51,17,1,0,0,1,378,0,0,8.87,3.69,0
984.78,4,2,0,0,0,519,0,2,17.86,2.8,0
1380.89,12,4,0,0,0,200,0,1,20.38,8.42,0
18478.64,22,2,1,0,0,186,0,2,13.75,10.71,0
4939.19,18,1,1,0,0,128,0,1,16.36,16.31,0
1979.08,16,3,1,0,0,243,0,1,31.98,3.86,0
3188.59,1,3,1,0,1,161,0,1,13.97,3.29,0
11390.66,20,2,3,0,0,465,0,1,15.15,5.19,0
9711.15,8,3,0,0,0,229,0,1,10.26,3.28,0
781.03,1,4,0,0,0,383,0,2,6.19,5.93,0
20251.78,23,2,2,1,0,669,1,1,14.46,1.57,1
10041.24,4,2,0,0,0,526,0,1,11.87,1.96,0
3102.31,7,3,1,0,0,504,0,2,18.17,5.86,0
1041.79,3,1,1,0,0,2395,0,2,24.59,3.56,0
11011.65,14,1,2,0,0,157,0,0,16.61,5.37,0
6004.41,20,0,0,0,0,339,0,1,26.24,3.83,0
787.85,12,5,1,0,0,184,0,4,2.1,4.52,0
2853.55,20,2,0,0,0,944,0,0,11.25,9.5,0
97001.49,22,2,1,0,1,605,0,0,21.31,7.92,1
3704.59,20,0,0,0,0,608,0,1,14.39,3.8,0
1670.59,3,1,0,0,0,334,0,1,26.92,3.02,0
1262.79,4,4,2,0,0,350,0,3,25.81,9.62,1
23404.98,7,3,0,0,0,342,0,1,30.44,1.86,0
8867.49,15,4,0,0,0,509,0,1,21.22,5.07,0
15959.52,20,3,1,0,0,199,1,3,14.99,7.49,0
4724.87,7,1,2,0,0,237,0,3,25.55,3.06,0
13584.98,15,3,2,0,0,241,0,0,22.49,14.73,1
1494.08,4,0,0,0,0,455,0,2,18.71,10.17,0
4318.75,13,5,0,1,1,414,0,2,15.64,5.57,0
4921.68,18,6,0,1,0,305,0,0,13.44,3.37,0
15546.17,9,3,0,0,0,197,0,3,22.42,5.9,0
5088.74,3,0,1,0,0,263,0,1,20.94,6.69,0
1887.89,9,3,1,0,0,191,0,1,2.56,4.13,0
3894.33,18,5,0,0,1,488,0,4,13.87,4.93,0
626.26,22,3,1,0,0,246,0,1,16.97,8.85,0
318.3,14,6,0,0,0,340,0,1,26.49,10.73,0
8715.94,16,3,0,1,0,568,0,0,8.14,0.9,0
2456.56,10,4,1,0,0,111,0,1,14.95,2.15,0
2766.98,22,1,0,1,0,621,0,2,21.68,5.55,0
8712.33,20,2,1,0,0,543,0,0,23.43,3.84,0
15785.72,23,2,0,1,0,704,0,4,20.67,5.98,0
6381.84,20,3,1,0,1,344,0,0,20.45,2.91,0
27569.81,13,4,0,0,0,653,0,0,16.42,5.52,0
6172.28,23,4,0,0,0,995,0,2,25.85,4.96,0
5000.65,14,8,1,1,1,392,0,0,20.87,7.01,1
4686.35,14,1,0,0,0,731,0,3,13.62,3.49,0
944.1,15,4,0,0,0,794,0,0,20.37,10.53,0
9934.8,4,7,0,0,0,258,0,3,22.92,3.48,0
279.29,20,5,0,0,0,672,0,4,6.51,0.28,0
1967.33,8,4,0,0,0,566,0,1,20.34,6.18,0
3729.68,15,2,3,0,0,553,0,1,20.75,12.35,1
1588.82,20,2,0,0,1,1419,1,1,18.39,5.68,0
2265.74,2,3,1,0,0,552,0,1,16.76,2.84,0
25118.11,7,6,0,0,0,590,0,3,24.84,1.72,0
11605.39,22,2,1,0,0,307,0,0,19.95,4.14,0
1772.03,8,1,2,0,0,399,1,2,13.27,6.75,0
2223.76,15,2,1,0,0,936,0,0,10.99,0.63,0
952.55,13,2,1,0,0,463,0,1,30.26,3.51,0
7633.06,20,4,0,1,0,527,0,1,23.36,5.04,0
2801.11,12,1,3,1,0,876,0,3,23.92,1.73,0
461.84,10,3,2,0,0,772,1,0,18.76,13.83,1
4047.37,0,2,0,0,0,435,0,2,14.99,5.89,0
5772.89,11,1,1,0,0,368,1,0,22.11,7.09,0
10009.58,14,6,1,0,0,196,0,1,31.63,2.3,0
3371.04,16,2,1,0,0,869,0,1,17.36,3.55,0
2461.92,18,1,0,0,0,628,0,0,10.28,11.9,0
29306.89,18,3,0,0,0,356,0,2,17.75,7.61,0
3666.22,11,1,0,0,0,412,0,2,17.57,12.8,0
7750.71,1,1,0,1,0,222,0,0,24.65,10.35,0
2066.23,6,3,0,0,0,726,0,2,23.18,10.05,0
7513.11,9,3,1,0,0,715,1,2,16.23,7.79,0
789.65,23,1,0,0,0,698,0,3,14.89,1.68,0
2241.34,18,4,1,0,0,164,0,1,10.2,0.92,0
1023.84,21,0,0,0,0,238,0,2,22.03,5.16,0
1929.04,23,0,0,0,0,1062,1,2,14.4,2.7,0
13534.45,3,1,1,0,0,162,0,2,17.84,9.8,0
1914.21,0,1,2,0,0,587,0,1,15.06,3.71,0
7740.09,13,1,0,0,0,333,0,1,19.35,10.45,0
17910.25,6,5,1,1,0,709,0,2,21.38,2.01,0
3537.03,20,3,0,1,1,539,0,1,16.84,5.99,0
10336.69,11,2,0,0,0,463,0,2,13.02,3.4,0
6359.09,0,3,1,0,0,192,0,1,22.18,19.79,1
4114.44,5,1,1,0,0,72,1,0,20.39,1.68,0
8005.08,8,1,0,0,0,556,0,0,5.13,20.3,1
25132.95,0,2,0,1,0,311,1,1,13.55,16.14,1
1864.72,7,4,2,1,0,314,0,3,12.42,16.3,1
1329.87,12,3,0,0,0,138,0,3,20.91,8.13,0
1250.36,21,4,0,1,0,234,0,0,15.37,4.08,0
10343.87,15,0,1,0,0,54,0,1,21.96,3.44,0
11918.37,2,1,3,0,0,1009,0,0,31.19,8.68,1
2071.67,9,2,0,0,0,537,0,1,21.15,7.65,0
386.52,18,3,0,1,0,98,0,0,13.39,0.97,0
1792.75,8,6,1,0,0,262,1,0,18.27,1.06,0
6472.04,13,6,0,0,0,142,0,1,12.27,5.22,0
3394.6,23,4,2,0,0,661,0,1,24.88,2.37,0
4400.02,3,1,2,0,0,292,0,0,16.75,6.82,0
2101.67,11,1,0,0,0,305,0,0,11.65,3.58,0
10559.63,14,4,3,0,0,511,0,0,20.62,12.56,1
5220.52,19,4,2,1,0,167,0,2,16.63,8.9,1
6739.81,20,4,0,0,1,360,0,3,25.64,1.58,0
4302.79,6,0,0,0,0,528,0,0,21.34,4.95,0
6314.39,11,1,2,1,0,948,1,0,17.3,9.08,1
5892.88,19,4,1,0,0,502,0,1,23.77,16.77,1
1374.06,20,3,0,0,1,279,0,0,24.62,2.58,0
5386.85,19,4,0,0,0,471,1,2,16.58,10.58,0
8358.91,16,1,0,0,0,249,0,2,23.08,6.77,0
12245.31,6,2,1,0,0,375,0,0,24.42,19.9,1
5635.9,8,3,1,1,0,1014,0,0,11.67,19.05,1
1321.45,15,2,0,0,0,425,0,2,16.57,1.44,0
1553.27,6,0,2,0,0,1185,0,1,12.48,3.97,0
2305.6,16,4,0,0,0,180,0,2,29.31,1.06,0
4442.34,12,2,2,0,0,401,0,2,23.48,10.65,0
3202.39,10,0,0,0,0,215,0,2,21.43,11.38,0
1118.88,8,4,0,0,0,90,0,2,15.97,3.24,0
1111.86,18,2,1,0,0,155,1,1,15.55,9.35,1
402.04,11,1,1,1,0,365,0,1,6.62,4.46,0
137.63,7,5,1,0,0,855,0,3,18.51,10.7,0
3170.45,9,1,2,0,0,385,0,2,13.94,4.18,0
41616.08,11,5,1,0,0,395,0,0,22.37,7.64,0
24019.43,14,1,2,0,0,334,0,2,23.0,4.32,0
1303.56,23,2,1,0,0,367,0,0,21.74,4.33,0
4261.59,8,1,1,0,0,159,0,1,16.9,4.95,0
782.26,4,3,2,0,0,31,0,1,19.88,1.72,0
918.08,23,1,0,1,0,399,0,1,25.69,5.24,0
1035.51,3,3,1,0,1,892,0,1,19.82,19.72,1
2873.33,21,2,1,0,0,764,0,2,28.01,12.19,0
3006.16,3,2,0,0,0,1007,0,0,15.87,7.3,0
4747.33,8,1,1,0,0,178,1,1,16.85,3.88,0
7305.46,23,4,1,0,0,570,0,4,14.93,6.07,0
2556.19,3,2,0,1,0,1186,0,2,16.86,18.84,1
3782.01,3,4,2,0,0,530,0,2,8.39,5.03,0
1154.59,14,2,1,0,0,314,0,2,24.23,3.73,0
887.38,4,3,1,0,0,171,0,0,17.69,4.61,0
754.52,0,3,0,0,0,1015,0,1,6.85,8.56,0
7199.09,16,3,1,1,0,448,0,0,10.72,8.4,0
2553.44,23,2,1,1,1,65,0,1,15.77,4.77,0
510.47,18,4,0,0,0,213,0,1,22.5,12.64,0
3407.58,23,4,1,1,0,73,0,1,21.34,8.06,0
981.16,12,4,0,1,0,397,0,3,17.21,13.64,1
20814.35,14,2,0,0,0,231,0,0,21.56,6.93,0
1982.74,23,6,0,0,0,161,0,3,17.51,3.71,0
7447.11,12,1,1,0,0,91,0,0,15.77,7.11,0
11423.31,0,3,0,0,0,31,0,1,29.57,3.34,0
1335.85,5,5,0,0,0,255,0,2,16.23,5.16,0
3943.6,14,4,0,1,0,474,1,1,16.82,2.31,0
6510.3,20,0,1,0,1,315,0,1,23.9,2.86,0
4110.6,14,0,0,0,0,62,0,3,24.41,7.64,0
5319.61,9,3,1,0,0,315,0,3,22.16,8.26,0
901.35,7,2,0,0,0,607,0,1,16.74,3.39,0
6514.19,16,5,0,0,0,232,0,4,19.78,6.14,0
2185.34,21,3,1,0,0,364,0,0,15.6,7.96,0
5254.94,6,3,1,0,0,455,1,2,18.94,2.77,0
9566.17,13,7,1,0,0,75,0,1,13.32,2.57,0
7348.48,10,2,1,0,0,436,0,3,9.12,2.99,0
5250.9,5,6,0,0,0,452,0,2,2.2,1.94,0
7145.48,9,0,0,1,0,66,0,1,7.04,9.04,0
7501.3,2,3,3,0,0,644,1,2,16.01,18.88,1
17505.6,12,2,0,0,0,290,0,4,19.74,3.38,0
3513.07,2,3,2,0,0,525,0,2,22.83,10.93,0
4324.95,11,1,0,1,0,668,0,0,18.44,2.26,0
9688.26,21,3,1,0,0,265,0,0,18.9,5.61,0
2175.67,3,4,0,0,0,297,0,0,24.44,5.14,0
896.03,6,2,0,0,0,499,0,2,16.25,6.12,0
6111.28,17,5,1,0,1,236,0,3,27.03,2.41,0
2932.69,21,3,1,0,0,405,0,1,19.4,7.39,0
1024.64,22,2,0,1,0,230,1,2,12.45,7.6,0
6158.38,2,9,3,0,0,263,0,2,6.12,1.62,1
16361.56,5,4,1,0,0,712,0,3,14.21,3.19,0
657.71,23,3,0,0,0,96,0,5,26.9,4.26,0
10651.34,12,1,0,0,0,766,0,3,5.53,8.04,0
253.68,20,4,0,0,0,308,0,2,15.34,5.89,0
2391.55,0,2,1,0,0,309,0,1,16.09,8.87,0
25148.2,2,3,2,0,0,62,0,0,5.18,12.86,1
2579.26,4,3,0,0,0,771,0,3,14.42,9.93,0
4001.54,2,1,1,0,0,791,0,6,15.36,6.48,0
8111.27,21,1,1,0,0,42,1,2,12.28,2.04,0
600.46,19,4,0,0,0,1387,0,0,20.37,8.52,0
3927.27,9,5,1,0,0,71,0,1,40.35,1.62,0
3894.9,1,1,0,1,0,537,0,1,22.26,13.68,0
25730.62,2,1,1,1,0,155,0,1,19.92,4.3,0
994.73,6,2,4,0,0,506,0,1,14.86,5.44,0
2439.1,17,7,1,0,0,331,0,0,16.64,4.7,0
1373.65,19,5,0,1,0,264,0,0,29.21,3.69,0
1228.89,12,3,2,0,0,365,0,2,25.36,1.97,0
11893.8,21,1,1,0,0,325,0,0,15.39,6.26,0
3744.28,22,2,0,0,0,430,0,1,20.7,8.23,0
2031.75,18,2,1,0,0,642,0,2,15.72,7.69,0
2113.84,1,2,3,0,0,404,0,1,22.75,1.79,0
2015.48,21,3,0,1,0,1184,1,1,16.09,8.69,0
2213.89,21,4,2,0,0,136,0,3,20.15,3.29,0
965.2,13,6,0,0,0,463,0,0,29.0,5.8,0
2774.8,14,4,0,0,0,249,1,1,22.65,3.35,0
2496.97,18,3,0,0,0,687,0,2,24.74,9.19,0
1643.06,14,3,0,0,0,553,0,2,16.69,1.85,0
4284.67,8,0,2,0,0,221,0,1,16.42,4.95,0
4683.89,16,2,0,0,0,408,0,3,3.62,4.42,0
2029.45,18,0,0,0,0,128,0,1,23.33,1.19,0
3129.6,3,2,0,1,0,683,0,2,12.91,10.68,0
35121.01,16,1,1,0,0,159,0,0,15.29,16.54,1
33740.53,4,3,0,1,0,446,0,0,18.35,3.06,0
1203.76,13,5,0,1,0,112,1,3,25.99,0.31,0
1393.86,2,2,2,0,0,714,0,0,19.91,0.48,0
1197.06,23,4,0,0,0,458,0,0,10.97,13.84,0
11046.92,16,4,0,1,0,99,0,1,19.32,5.8,0
2395.97,11,3,0,0,0,223,0,2,13.32,1.07,0
4682.83,12,3,0,0,0,250,0,1,19.78,1.84,0
29638.09,14,2,0,0,0,467,0,2,13.85,8.13,0
3601.16,2,3,1,0,0,1101,0,1,24.73,1.76,0
7643.12,12,5,1,0,0,107,0,3,36.87,1.47,0
6288.27,17,1,2,0,0,293,0,2,29.35,6.79,0
1963.28,6,4,1,0,0,167,0,0,23.82,25.0,1
11071.39,11,5,0,0,0,884,0,0,26.86,9.86,0
1491.91,7,7,0,1,0,377,0,1,34.4,3.95,0
14866.62,3,2,1,0,0,859,0,2,19.86,5.52,0
1964.86,23,2,0,0,0,224,0,2,23.11,9.07,0
2204.23,14,2,3,0,0,362,0,0,20.61,7.89,0
1161.06,9,4,1,0,0,485,0,2,11.6,3.04,0
1379.57,8,5,0,0,0,1337,1,1,14.72,5.04,0
2325.98,16,5,0,0,0,271,0,4,17.76,9.43,0
283.46,2,1,0,0,0,111,0,2,12.53,22.05,1
2849.79,13,1,0,0,0,495,0,2,8.91,14.1,0
2135.87,5,4,0,1,0,129,0,1,12.88,9.33,0
8345.78,21,2,0,0,0,200,0,2,19.26,5.29,0
5676.73,18,4,0,1,0,520,0,3,15.56,6.67,0
1731.91,18,3,2,0,0,494,0,0,22.92,2.1,0
2249.63,3,2,0,0,0,172,0,1,30.56,6.4,0
2845.95,1,3,0,0,0,378,0,1,23.43,5.59,0
17331.04,11,5,0,0,0,221,0,1,9.92,12.56,0
1535.45,8,2,1,0,0,405,0,3,10.4,6.46,0
1710.0,17,3,0,0,0,263,0,2,7.48,2.63,0
1113.19,17,0,2,0,0,715,0,1,17.17,2.58,0
768.05,9,3,1,1,0,618,0,1,19.73,7.27,0
5025.87,3,5,1,0,0,91,0,1,12.15,5.35,0
4505.47,7,1,0,0,0,379,0,1,24.85,4.9,0
14001.22,12,2,0,0,0,251,0,4,14.82,2.55,0
10866.93,6,4,1,0,0,570,0,2,28.28,8.15,0
45115.11,7,2,1,0,0,235,0,1,25.79,3.71,0
3369.21,5,5,0,0,0,411,1,1,13.84,7.54,0
2769.56,1,4,0,0,0,138,0,1,11.62,6.52,0
929.61,14,0,2,0,1,54,0,0,16.83,2.13,0
7565.9,23,5,2,0,0,355,0,1,17.43,3.15,0
4123.51,22,3,0,0,0,147,0,0,26.85,2.42,0
7214.37,22,1,1,0,0,413,0,4,11.73,9.0,0
1100.94,15,0,0,0,0,23,0,2,20.1,1.3,0
5266.83,17,4,2,1,0,727,0,1,24.33,6.45,0
4516.35,1,3,0,0,0,267,0,0,15.71,3.1,0
4213.24,4,3,0,0,0,174,0,1,28.85,2.12,0
1776.8,16,6,1,0,0,678,0,0,9.56,1.79,0
12692.81,23,5,0,0,0,992,0,2,17.95,2.37,0
31345.4,21,2,0,0,0,531,0,1,9.7,10.51,0
1134.72,15,4,0,0,0,288,0,2,17.79,3.67,0
7757.89,2,1,1,0,0,769,0,4,25.41,5.67,0
177.37,23,3,1,0,0,637,2,0,9.6,5.24,1
7346.95,7,1,0,0,0,1142,0,1,17.74,2.85,0
510.98,1,2,0,0,1,466,0,0,28.59,3.56,0
2098.09,18,2,1,0,0,449,0,0,23.05,2.25,0
917.2,4,3,0,0,0,318,0,2,17.14,11.27,0
2903.31,7,4,1,0,0,269,0,1,11.68,2.02,0
8784.41,16,2,1,0,0,326,0,2,12.26,0.34,0
517.92,23,2,1,0,0,469,0,2,20.1,5.65,0
2496.25,21,3,1,0,0,657,0,4,21.81,12.44,0
2123.8,3,5,1,0,0,728,0,1,13.89,1.08,0
19150.83,4,1,1,0,0,543,0,1,19.67,10.45,0
5729.3,19,2,2,0,0,686,0,3,15.16,11.5,0
1057.77,7,4,0,1,0,448,0,2,15.25,5.22,0
2219.73,1,1,0,0,0,614,0,0,17.8,5.63,0
18655.75,14,7,0,1,0,238,0,1,21.21,10.22,1
7708.54,15,4,1,0,0,4,0,2,21.22,6.31,0
1388.33,23,3,0,0,0,420,0,1,29.35,6.33,0
2750.6,11,2,0,1,0,666,0,1,6.69,4.75,0
2844.48,19,4,2,0,0,397,0,1,6.98,0.81,0
2069.62,12,3,1,0,0,67,0,1,3.53,2.25,0
604.42,22,1,0,0,0,63,0,1,11.91,5.03,0
1787.36,11,3,0,1,0,375,0,0,21.1,3.72,0
15656.78,16,3,3,0,1,193,0,1,13.83,8.53,1
2440.11,23,4,0,0,0,453,0,1,11.27,4.59,0
3266.86,21,4,1,0,0,400,0,2,16.84,8.96,0
4219.84,9,0,1,0,0,250,0,2,23.92,8.58,0
37385.88,12,5,2,0,0,447,0,1,23.21,0.68,0
3675.04,14,2,0,0,0,515,0,3,22.22,1.96,0
11483.23,2,2,1,1,0,336,0,0,20.27,4.81,0
1942.85,5,3,0,0,0,180,0,1,7.88,10.92,0
2772.85,17,4,0,0,0,330,0,1,26.74,8.83,0
3689.26,1,1,0,0,0,747,1,0,21.68,1.54,0
1615.11,14,1,2,1,0,15,0,5,16.32,1.27,1
2939.8,11,2,2,1,0,193,0,2,20.5,5.84,0
9250.69,11,3,1,0,0,622,0,1,13.94,3.45,0
1571.23,20,3,0,1,0,556,0,1,31.89,4.19,0
3641.29,6,1,0,0,0,34,0,2,19.66,14.53,0
7663.09,18,3,2,0,0,647,0,0,14.73,2.51,0
1531.97,18,4,0,0,0,268,0,0,20.13,3.18,0
11500.94,23,4,1,0,0,1505,0,1,15.32,1.44,0
3930.52,19,4,0,1,0,381,0,2,22.46,5.22,0
3061.38,12,5,0,0,0,465,0,1,14.31,2.21,0
442.06,8,4,1,1,0,647,0,0,20.92,6.46,0
2459.48,18,6,1,0,0,667,0,2,28.28,9.45,0
5378.54,22,5,1,0,0,604,0,3,21.33,4.25,0
22756.64,6,2,1,0,1,137,1,0,25.83,0.88,0
6609.63,8,5,1,1,0,358,0,0,7.0,6.92,0
11879.0,11,2,2,1,0,115,0,2,19.62,10.8,1
1022.94,2,3,2,0,0,607,0,0,23.08,6.73,0
3187.0,7,3,0,1,0,974,1,1,9.37,0.86,0
13118.57,3,2,0,1,0,853,0,3,25.15,9.09,0
1433.51,18,0,2,0,0,439,0,4,19.89,5.94,0
10031.48,11,2,0,0,0,348,0,0,20.66,1.41,0
7863.47,14,2,0,1,0,184,0,3,13.4,8.99,0
4858.38,1,5,1,0,0,546,0,0,12.57,14.49,1
2578.24,13,2,0,0,0,106,0,1,21.46,3.4,0
1292.57,17,6,1,0,0,254,0,1,23.24,5.6,0
23485.73,16,1,2,0,0,1027,0,1,17.16,10.15,0
7068.87,19,0,1,0,0,160,0,0,13.13,3.05,0
5206.42,2,1,0,0,0,658,0,0,6.82,3.58,0
2360.21,13,2,0,0,0,478,0,2,20.21,6.1,0
3788.65,11,2,1,0,0,408,0,1,12.52,7.32,0
4328.4,21,3,3,0,0,833,0,0,14.85,4.35,0
5540.66,16,4,0,0,0,785,0,1,17.82,2.42,0
7871.92,22,0,0,0,0,888,0,3,23.41,1.41,0
1601.03,0,3,2,0,0,295,0,0,23.14,1.82,0
780.61,10,3,0,0,0,642,0,1,15.97,8.14,0
3977.84,16,4,0,0,0,335,0,3,20.24,7.3,0
581.39,2,7,0,0,0,690,0,0,11.82,8.31,0
2591.92,15,2,1,0,0,256,0,1,19.71,8.47,0
2133.14,5,9,1,0,0,525,0,4,15.36,3.17,0
6101.78,1,1,0,1,0,386,0,2,19.86,5.37,0
29194.25,15,1,1,0,0,518,0,0,26.16,4.32,0
472.57,10,3,0,1,0,386,0,2,11.61,3.86,0
39651.91,9,5,0,0,0,696,0,2,8.29,3.14,0
2850.56,7,2,0,0,0,219,0,2,15.04,2.48,0
5245.88,16,3,1,0,0,448,0,0,24.79,9.3,0
824.21,14,4,0,0,1,404,0,4,8.66,5.22,0
10370.44,16,1,0,0,0,488,0,1,12.86,1.47,0
3803.0,18,4,1,0,0,406,1,0,23.11,10.16,1
3413.38,14,5,2,0,0,264,0,0,26.51,5.13,0
476.16,1,1,0,0,0,778,0,2,11.32,12.28,0
3934.29,3,3,1,0,0,209,0,0,13.27,9.51,0
8849.53,23,3,0,0,1,916,0,2,14.61,4.49,0
2840.99,6,3,1,0,0,164,0,0,21.83,6.62,0
12492.82,10,6,0,0,0,1019,0,1,27.92,6.72,0
11962.59,9,4,0,0,0,148,0,0,14.34,4.41,0
1857.25,23,1,1,0,0,1193,0,2,19.76,4.61,0
19435.75,19,3,2,0,0,323,0,1,23.32,2.33,0
3818.3,11,5,0,0,0,901,0,1,20.8,3.52,0
3836.18,16,2,0,0,0,387,1,1,13.09,3.38,0
4039.72,13,3,2,0,0,400,0,6,19.77,10.92,0
3915.83,15,2,1,1,0,304,0,1,12.04,2.1,0
230.06,22,2,1,0,0,133,0,0,27.67,6.35,0
2996.55,16,1,0,1,0,108,0,3,20.79,15.94,0
869.45,2,4,1,1,0,107,0,1,17.23,3.01,0
20083.47,12,4,1,0,0,166,0,2,22.26,7.02,0
19252.33,19,2,0,0,0,120,0,1,17.01,5.98,0
8906.49,0,4,0,0,0,322,0,2,18.29,3.87,0
2834.47,8,2,0,0,0,563,0,4,11.69,6.84,0
1263.43,4,5,0,0,0,853,0,0,13.77,3.09,0
1825.37,17,1,1,0,0,259,0,1,22.86,3.87,0
27994.8,3,5,0,0,0,852,0,0,3.56,8.97,0
1760.22,14,2,0,0,1,236,0,3,28.12,11.85,0
306.93,1,5,2,0,0,135,0,1,21.74,10.86,1
10739.39,22,3,2,0,0,1167,0,1,15.99,16.99,1
17597.78,7,4,0,0,0,64,0,1,6.43,2.43,0
20788.94,9,0,0,0,0,331,0,1,18.64,1.77,0
10832.06,18,7,2,0,0,326,0,0,21.19,11.33,1
12856.38,9,5,2,0,0,444,0,2,23.42,9.37,0
3849.05,2,2,0,0,0,959,0,0,12.05,5.02,0
411.53,21,3,1,0,0,137,0,2,11.37,4.94,0
3749.12,2,6,0,0,0,749,0,1,17.51,2.66,0
6992.91,11,3,2,0,0,234,0,0,14.69,2.4,0
3158.86,2,4,0,0,0,405,0,6,16.18,5.09,0
3011.28,16,2,1,0,0,164,0,2,14.2,12.08,0
1323.02,6,2,0,0,1,442,0,1,21.61,8.53,0
1271.78,22,3,1,0,0,445,0,2,17.13,7.03,0
25085.77,4,3,0,0,0,735,0,2,24.29,0.7,0
26057.57,16,5,2,0,0,149,0,3,17.72,2.65,0
3630.84,0,0,0,0,0,213,0,1,18.83,2.71,0
4893.19,2,3,0,0,0,227,0,0,21.59,7.5,0
1299.97,6,4,1,0,0,269,0,2,28.95,3.83,0
7148.83,21,1,1,0,0,294,0,0,17.62,6.47,0
23101.01,23,6,1,0,0,834,0,2,20.68,1.58,0
730.92,14,3,0,0,0,409,0,1,27.87,8.35,0
5925.84,8,3,2,0,0,181,0,0,16.76,7.54,0
6412.3,7,2,0,0,0,572,0,0,17.5,2.94,0
6335.9,5,2,1,0,0,904,0,3,7.51,1.76,0
20434.06,8,7,1,0,0,369,0,1,13.75,3.25,0
30878.61,11,3,0,0,0,306,0,1,24.48,3.25,0
2849.34,16,1,0,0,0,334,0,0,19.3,5.42,0
7382.24,5,2,0,0,0,194,0,2,24.19,1.71,0
3977.65,0,5,2,0,0,520,0,2,8.95,3.08,0
1874.84,13,2,1,0,0,260,0,2,15.07,5.66,0
4838.47,5,2,1,0,0,542,0,1,23.56,3.94,0
7369.27,9,2,0,1,0,894,0,0,17.49,13.02,0
4572.32,17,1,0,1,0,600,0,3,17.36,7.25,0
1443.4,21,2,4,0,0,338,0,2,17.69,3.93,0
2237.83,12,2,0,0,0,109,1,2,21.31,3.69,0
2255.88,22,3,0,1,0,140,0,1,8.33,13.28,0
1503.32,6,3,1,0,0,634,0,0,15.82,2.02,0
5060.48,17,3,0,0,0,107,0,0,9.98,7.6,0
5647.78,23,0,0,0,1,174,0,2,5.35,3.75,0
10183.19,5,2,1,0,0,1051,0,0,18.43,5.26,0
1479.55,17,5,0,0,0,535,0,3,22.8,11.63,0
1985.54,11,4,0,0,0,947,0,0,25.04,7.02,0
18625.71,21,4,1,0,0,109,1,2,26.86,22.78,1
3063.4,7,7,0,1,0,868,0,1,19.05,1.87,0
3757.98,23,5,0,0,0,189,0,2,14.08,5.01,0
3029.46,19,4,2,1,1,482,0,1,19.73,2.83,0
11964.3,16,2,0,0,0,1257,0,3,20.68,9.24,0
12461.5,0,4,0,0,0,370,0,1,14.95,2.15,0
11717.85,1,6,1,1,0,175,0,2,23.1,6.35,1
3743.95,15,8,1,0,0,496,1,0,24.55,0.99,1
1456.72,11,1,1,0,0,536,0,0,22.83,2.71,0
27487.15,7,3,2,0,0,350,1,1,17.03,9.82,1
8947.46,20,5,0,0,0,387,0,0,13.42,7.03,0
2254.1,11,3,0,0,0,1001,0,0,20.17,6.03,0
16236.38,11,2,1,0,0,199,0,3,20.49,4.17,0
2074.78,7,1,0,1,0,259,0,0,9.35,3.29,0
16014.32,23,4,1,0,1,488,0,0,10.2,19.9,1
17191.99,8,4,2,0,0,678,0,1,13.44,3.29,0
1383.6,6,0,3,0,0,873,0,5,18.6,4.85,0
6706.59,16,1,1,0,0,437,0,0,16.14,4.32,0
8277.53,0,2,0,0,0,154,0,2,24.6,4.28,0
56707.1,14,4,0,0,0,367,0,3,17.71,4.0,0
1670.01,13,2,0,0,0,161,0,1,21.31,11.01,0
16385.8,5,5,0,0,0,57,0,4,16.47,6.99,0
3707.87,18,5,0,0,0,380,0,0,27.03,3.39,0
988.87,1,1,1,0,0,617,0,3,25.24,5.9,0
3209.96,23,3,0,0,0,239,0,1,5.54,7.94,0
3650.39,20,1,0,0,0,942,0,4,16.86,3.38,0
1197.71,4,3,0,0,0,333,0,1,25.08,5.91,0
5053.23,11,4,0,0,0,334,0,1,18.16,6.16,0
9953.7,4,1,0,0,0,268,0,1,15.03,5.79,0
4675.59,14,3,0,0,0,670,0,0,7.54,12.33,0
2061.24,8,2,0,0,0,261,0,1,7.0,3.12,0
3115.37,11,4,0,0,0,444,0,4,23.27,1.37,0
3623.62,22,7,0,0,0,65,0,0,22.32,8.07,0
4574.2,14,2,0,1,0,362,0,0,15.43,3.59,0
11676.37,20,4,1,0,0,313,0,2,10.36,2.13,0
4844.2,15,2,0,0,0,620,0,2,18.53,7.32,0
834.78,11,1,0,0,0,622,0,2,18.02,8.42,0
2017.4,0,2,2,0,0,393,0,2,13.95,10.69,1
4334.33,2,2,1,0,0,106,0,4,27.78,23.99,1
11852.93,12,3,1,1,0,102,0,1,11.06,11.83,0
14224.75,12,1,0,0,0,725,0,0,27.5,5.71,0
23468.62,12,6,0,0,0,409,0,2,35.43,2.29,0
4176.15,20,3,0,0,0,420,0,2,30.92,5.11,0
8115.04,2,5,0,0,0,158,0,0,23.03,8.69,0
790.62,15,2,0,1,0,626,0,2,14.83,5.59,0
5718.01,17,4,0,0,0,423,0,0,19.24,1.15,0
1177.29,15,3,0,0,0,455,0,2,11.81,1.88,0
3409.54,5,3,0,0,0,489,0,2,8.77,2.55,0
87669.58,9,1,1,1,0,345,0,2,14.4,2.86,0
5007.7,1,4,1,0,0,496,0,1,13.42,8.5,0
1469.97,4,0,1,0,0,20,0,2,16.92,11.15,1
5586.89,19,2,0,0,0,148,0,2,11.52,8.54,0
2115.55,14,3,0,1,0,183,0,1,20.83,5.95,0
1327.72,20,1,0,1,1,311,0,2,14.49,4.68,0
33133.38,16,6,1,0,0,119,0,2,14.73,11.87,1
11160.69,5,2,1,0,0,630,0,0,16.03,5.57,0
5233.38,19,2,1,0,0,222,1,3,9.68,10.95,1
2412.9,16,1,1,0,0,254,0,2,11.39,4.98,0
2627.19,4,3,4,1,0,893,0,2,13.37,13.57,1
18390.8,0,2,1,0,0,381,0,1,7.35,4.56,0
5023.62,18,2,0,1,0,233,0,0,19.31,5.8,0
143.03,17,3,1,0,0,497,0,1,17.93,6.14,0
46257.8,2,3,0,0,0,478,0,0,18.58,1.81,0
4412.58,11,2,2,0,0,247,0,5,10.73,7.43,0
5221.49,21,6,1,0,0,364,0,2,28.9,4.57,0
11396.14,19,2,2,1,1,319,0,0,20.07,7.55,1
5935.3,19,2,0,0,0,558,0,4,20.68,4.92,0
7976.49,9,4,1,0,0,709,0,1,14.48,9.49,0
2333.42,2,2,2,0,0,849,0,3,20.92,3.05,0
1000.96,8,3,0,0,0,296,0,1,16.18,11.65,0
4886.56,16,8,1,1,0,224,1,0,26.81,6.34,1
16369.83,20,4,2,0,0,710,0,0,6.53,3.01,0
1844.21,15,2,1,0,0,606,0,3,19.2,0.63,0
1695.23,0,4,0,0,0,305,0,0,17.28,6.92,0
13122.32,14,5,1,0,0,1545,0,2,21.39,11.32,0
2252.72,4,8,0,0,0,530,1,1,27.26,15.45,1
2365.9,14,2,0,0,0,826,0,0,25.18,8.15,0
2460.69,9,5,1,0,0,25,0,2,18.66,4.16,0
3400.81,12,3,0,0,0,268,0,0,19.51,2.63,0
697.62,14,2,0,0,0,570,0,1,4.69,23.21,1
2066.67,15,1,0,0,0,692,1,1,18.21,4.23,0
4637.29,0,3,0,0,0,131,0,0,28.34,6.06,0
4602.71,23,1,0,0,0,671,0,4,17.68,22.22,1
12282.03,13,6,0,0,0,305,0,1,13.89,8.21,0
25118.55,12,0,1,0,0,409,0,2,11.7,0.45,0
17820.55,9,2,1,0,0,1091,0,1,16.24,3.57,0
9512.72,2,1,0,0,0,354,0,0,16.94,4.91,0
3114.51,15,2,1,0,0,90,0,1,9.82,7.57,0
1892.73,8,1,0,0,0,251,0,1,19.01,6.39,0
3709.95,21,5,2,0,0,305,0,1,20.34,1.6,0
6733.55,15,4,2,1,0,80,0,2,15.4,3.16,0
8630.3,10,2,0,0,0,729,0,3,25.63,2.51,0
7004.02,0,3,1,0,0,648,0,0,18.79,17.4,1
3205.96,13,3,0,0,0,169,0,2,15.37,16.54,0
8318.23,20,4,1,0,0,259,1,2,26.3,9.23,1
13683.09,11,4,0,0,0,90,0,4,15.06,2.64,0
9174.36,15,6,0,0,0,585,0,0,17.4,2.29,0
3520.6,2,2,1,0,0,337,1,0,12.98,2.1,0
1516.95,9,4,0,0,0,594,0,0,5.95,6.3,0
1479.64,19,5,0,1,0,41,0,0,3.49,1.23,0
1780.63,10,3,0,0,0,678,0,6,20.08,2.15,0
4769.18,21,3,2,0,0,446,0,1,19.72,9.54,0
6284.2,9,1,1,0,1,1080,0,2,14.39,4.11,0
824.47,19,5,1,0,0,128,0,2,22.64,2.79,0
2144.81,15,2,2,1,0,396,0,1,23.79,3.26,0
4700.62,22,7,0,0,1,543,0,0,14.53,18.65,1
1415.64,12,1,1,0,0,1091,0,0,9.69,9.28,0
5742.21,11,6,1,1,0,1462,0,0,16.78,9.37,0
2636.48,8,3,1,1,0,49,0,3,16.54,3.55,0
1703.45,15,3,2,0,1,165,1,3,16.61,10.13,1
3850.14,23,4,2,0,0,408,0,0,25.87,6.38,0
5496.65,4,4,1,0,0,535,0,0,19.0,16.78,1
1493.75,22,4,1,0,0,329,0,4,21.29,2.89,0
2822.16,23,6,0,0,0,66,0,2,16.6,7.41,0
5949.5,18,3,3,1,0,836,0,2,7.91,6.82,1
1635.67,13,4,0,0,0,396,0,0,27.43,3.21,0
638.65,20,2,1,0,0,279,0,1,23.98,6.06,0
725.31,6,4,1,0,0,112,0,3,9.47,4.78,0
2347.36,15,3,0,1,0,591,0,2,17.86,12.67,0
912.02,19,2,1,0,0,317,0,3,20.08,5.78,0
2527.26,19,5,0,0,0,250,0,2,13.5,9.88,0
20914.33,14,3,2,0,0,592,0,2,25.02,1.83,0
856.17,9,3,0,1,0,123,0,3,15.73,2.85,0
2706.1,22,4,0,0,0,314,0,3,17.37,8.93,0
34163.73,16,1,0,0,0,396,0,2,17.38,6.31,0
5588.89,18,4,0,0,0,329,0,2,21.9,5.4,0
2474.74,14,6,1,1,0,609,1,2,17.6,0.85,1
3087.98,21,5,2,0,0,219,0,1,18.04,1.13,0
5714.89,11,3,1,0,0,302,0,1,17.74,8.01,0
21602.42,13,5,0,0,0,135,0,1,17.31,13.16,0
2085.17,19,2,0,0,0,406,0,2,19.13,2.51,0
1643.38,12,4,2,1,0,446,0,3,11.63,4.45,0
855.98,5,0,1,0,0,250,1,2,20.21,1.68,0
4057.21,18,5,1,0,1,244,1,1,18.6,7.91,1
832.16,9,1,0,1,0,820,0,4,30.43,16.73,1
2237.31,2,2,1,0,0,991,0,1,7.12,1.36,0
1402.32,8,2,0,0,0,272,0,1,9.94,6.31,0
11246.7,1,5,0,0,0,321,0,1,10.8,5.38,0
2134.92,21,3,0,1,0,315,0,3,22.6,1.59,0
5523.55,23,2,0,0,0,180,0,1,23.69,6.37,0
675.67,6,3,0,0,0,110,0,2,17.61,1.69,0
4180.07,21,3,0,0,0,91,0,1,13.42,18.48,0
1029.35,17,3,2,1,0,447,0,0,14.17,5.66,0
2328.71,22,2,0,0,0,101,0,0,14.44,4.44,0
37114.49,3,4,0,0,0,419,0,3,21.27,6.8,0
9689.35,1,5,1,0,0,16,0,1,15.48,8.12,1
3181.69,22,1,2,0,0,537,0,1,16.84,1.64,0
104703.62,6,1,3,0,0,798,0,1,2.87,6.05,1
1392.79,14,3,1,0,0,88,0,3,15.68,0.58,0
12375.54,21,2,0,1,0,187,0,1,14.06,3.8,0
728.28,8,5,1,1,0,448,1,2,10.15,0.85,1
2818.28,2,2,0,0,0,680,0,1,23.33,14.25,0
884.32,18,4,1,0,0,851,0,3,12.11,3.23,0
4770.18,10,2,0,0,0,691,0,1,20.48,7.39,0
3861.34,0,2,1,0,0,750,1,2,11.5,3.96,0
2635.83,8,1,0,0,0,297,0,1,19.98,2.66,0
11460.48,12,3,2,0,0,162,0,2,10.97,15.39,1
2007.3,21,5,0,1,0,539,0,0,17.15,25.0,1
5131.71,5,5,0,0,0,137,0,2,18.15,7.81,0
8617.78,12,7,0,0,0,237,0,0,25.36,1.56,0
767.1,4,3,0,0,0,228,0,1,7.34,4.94,0
1659.32,6,2,1,0,0,846,0,1,27.72,8.76,0
3852.79,6,1,0,0,0,336,0,2,17.54,9.5,0
7056.19,12,2,0,0,1,235,1,0,22.14,8.39,1
16192.44,15,2,0,0,0,234,0,3,17.07,8.49,0
2902.5,2,8,0,0,0,854,0,2,16.81,5.98,0
2611.57,1,2,0,0,0,695,0,1,12.35,5.81,0
1456.47,17,5,1,0,0,218,0,1,18.31,10.13,0
5148.62,7,2,0,0,1,372,0,2,19.87,2.36,0
2665.18,14,3,2,0,0,701,0,2,15.92,0.55,0
2730.57,1,7,0,1,0,499,1,0,19.97,14.09,1
3299.14,14,3,0,0,0,599,0,1,12.37,5.88,0
6497.74,21,2,0,0,0,608,0,2,12.02,4.49,0
2014.41,10,3,0,0,0,74,0,2,26.48,2.51,0
1618.47,13,3,0,0,0,112,0,1,22.66,13.34,0
5729.08,7,2,0,0,1,263,0,2,29.63,5.67,0
151.86,6,5,0,0,0,176,0,1,29.37,16.9,1
1931.67,1,1,1,0,0,186,0,0,20.4,14.31,1
1086.94,11,1,2,0,0,409,0,3,15.01,13.25,1
12879.87,22,2,0,0,0,1315,0,2,21.34,0.41,0
2291.63,2,2,0,0,0,254,0,0,23.82,9.49,0
2020.8,9,1,0,1,0,383,0,3,12.93,2.8,0
3459.73,20,3,1,0,0,246,0,2,25.27,8.64,0
1948.59,11,3,1,0,0,543,0,0,24.33,17.17,1
2385.63,18,5,1,1,0,118,0,0,10.22,5.1,0
4031.79,9,6,1,1,0,136,0,0,16.09,1.71,0
2337.55,14,3,1,0,0,351,0,2,16.49,0.98,0
2320.0,23,5,2,0,0,628,0,1,16.12,7.9,0
1260.59,14,5,0,0,0,95,0,2,25.61,5.05,0
1084.12,19,0,0,1,0,55,0,4,9.8,7.11,0
3880.3,16,3,0,0,0,433,0,2,16.73,13.13,0
5023.74,2,5,1,0,0,552,0,1,18.09,5.11,0
812.76,3,3,2,0,0,138,0,1,21.09,8.49,0
8086.4,14,1,2,0,0,292,0,2,12.58,14.54,1
8121.34,8,5,1,0,0,767,0,0,23.12,4.57,0
10131.69,11,6,1,0,0,317,0,1,35.13,8.59,1
4988.47,11,5,0,1,0,710,0,0,19.0,2.65,0
7107.72,19,2,0,1,1,536,0,1,25.07,5.37,0
36108.27,23,1,0,0,0,826,0,1,17.63,4.81,0
2652.88,23,2,0,0,0,790,0,2,15.16,5.82,0
1214.42,1,2,0,0,0,240,1,0,27.41,9.37,1
727.23,17,1,0,0,0,617,0,2,19.16,6.99,0
23004.79,17,4,0,0,0,553,0,3,14.52,12.78,0
23323.73,20,2,2,0,1,193,0,0,7.12,2.8,0
1379.08,10,3,1,1,0,1288,0,0,22.33,7.17,0
1696.48,12,5,1,0,1,281,0,0,13.18,4.2,0
2591.03,10,4,6,0,0,353,1,1,6.57,3.57,1
13167.01,8,4,0,1,0,756,0,1,13.84,2.83,0
942.31,5,5,1,1,0,488,0,2,15.45,6.67,0
461.76,15,4,0,0,0,206,0,1,20.81,12.29,0
35450.41,0,3,1,0,0,460,0,0,11.93,1.72,0
5054.29,17,5,0,0,0,160,0,2,13.32,6.89,0
5867.21,20,4,0,0,0,457,0,1,12.0,4.16,0
2935.52,5,2,0,0,0,234,0,2,22.82,2.73,0
5937.68,5,6,0,0,0,224,1,1,20.81,3.97,0
742.55,12,3,2,0,0,262,0,2,12.97,6.92,0
1505.73,20,5,0,0,0,33,0,0,25.55,3.65,0
4066.0,2,1,0,0,0,478,0,2,20.07,2.74,0
335.48,10,1,1,0,1,73,0,5,16.44,3.46,0
2650.11,5,4,0,0,0,190,0,2,25.0,2.22,0
2484.0,20,3,1,0,0,119,0,0,18.28,5.55,0
2649.63,21,2,0,0,0,126,0,2,13.69,5.6,0
2041.34,2,3,1,0,0,243,0,0,13.01,7.71,0
1279.61,3,3,1,0,0,800,0,1,23.92,3.36,0
537.47,3,5,0,0,1,74,0,3,20.77,4.64,0
4238.58,19,3,0,0,0,328,0,2,11.91,1.23,0
2656.78,21,3,0,0,0,50,0,0,20.18,0.73,0
859.16,8,3,0,0,0,106,0,0,19.41,2.51,0
3888.04,3,3,1,0,0,963,0,0,15.42,1.07,0
2671.25,15,3,3,0,0,98,0,0,9.55,4.49,0
2243.8,21,3,2,0,0,174,0,2,19.95,5.41,0
378.14,21,0,0,0,1,518,0,1,23.46,5.88,0
7456.98,10,4,0,0,0,659,0,3,16.55,1.84,0
997.54,18,0,2,0,0,198,0,0,19.61,2.65,0
3891.05,22,3,2,0,0,495,0,5,14.71,9.29,0
1558.25,19,2,0,0,0,156,0,2,10.46,7.09,0
2420.76,11,2,0,0,0,559,0,1,25.19,4.77,0
12208.74,6,3,0,1,1,179,0,1,20.82,9.53,0
6362.64,8,2,0,1,0,551,0,1,28.27,3.02,0
11926.78,8,3,0,0,0,632,0,2,12.45,6.03,0
5150.79,23,0,0,0,0,1431,0,3,21.5,2.65,0
5518.99,17,4,1,1,0,402,0,1,15.68,4.66,0
561.05,20,5,3,0,0,557,0,1,26.23,13.54,1
2608.68,18,4,1,0,0,349,0,3,5.97,9.69,0
2875.11,11,5,2,0,0,155,0,0,12.48,6.81,0
13158.83,18,3,1,0,0,96,1,1,14.49,4.72,0
2139.78,15,5,2,0,0,478,0,1,9.91,7.61,0
4808.32,17,6,1,0,0,324,0,1,2.54,3.32,0
4614.9,7,1,0,0,0,1491,0,4,11.76,4.11,0
12277.93,5,5,1,0,0,368,0,0,17.97,6.97,0
3163.93,4,2,0,1,0,194,0,2,9.44,1.68,0
8683.47,6,1,0,1,0,267,0,4,33.34,15.56,1
607.83,23,2,0,0,0,373,0,1,25.47,6.71,0
668.66,22,2,1,1,0,771,0,0,19.01,2.6,0
331.12,3,4,0,0,0,1831,0,1,23.56,6.94,0
8310.58,13,4,2,0,0,517,0,0,24.51,3.17,0
7386.06,22,3,3,0,0,616,0,1,20.37,0.5,0
9336.33,18,5,0,0,1,390,0,2,28.18,1.49,0
1787.85,14,2,1,0,1,542,0,4,19.34,3.84,0
2014.8,14,2,1,0,0,406,0,0,22.59,9.13,0
3206.39,7,5,0,0,1,956,0,1,11.63,5.29,0
16578.87,22,5,2,0,0,654,1,0,26.31,8.85,1
21558.37,1,2,0,1,1,646,0,2,21.64,5.59,1
8379.13,20,2,1,0,0,680,0,0,19.23,1.86,0
5154.22,20,4,0,0,0,432,0,2,24.58,7.05,0
14796.59,6,4,1,0,0,651,0,2,28.37,9.14,0
2783.22,12,0,2,0,0,372,0,1,16.05,1.45,0
2415.14,21,3,0,0,0,172,0,1,11.53,3.07,0
3179.65,11,3,1,0,0,417,0,3,20.47,5.35,0
1302.9,7,0,0,0,0,132,0,3,21.48,6.02,0
3029.76,1,3,1,1,0,277,0,1,12.05,4.54,0
1126.33,10,3,1,0,0,191,0,0,14.7,6.41,0
10681.39,6,1,0,0,0,208,0,1,29.19,6.3,0
6443.79,20,0,0,0,0,729,0,4,12.66,7.78,0
16334.59,20,1,2,0,0,22,0,0,18.08,4.05,0
658.03,7,2,0,0,0,485,1,0,12.77,3.13,0
26816.75,5,1,1,0,0,333,0,2,19.54,2.33,0
698.48,6,4,0,0,0,325,0,0,16.18,2.3,0
1034.61,9,3,0,0,0,305,0,0,2.0,14.6,0
1897.21,16,2,1,0,0,94,0,2,19.32,3.46,0
14373.0,3,2,2,1,0,297,0,0,19.35,2.86,0
4614.01,23,1,2,0,0,384,0,3,11.67,5.55,0
2818.55,16,3,1,0,0,281,0,2,17.16,9.88,0
1584.05,3,3,0,0,0,196,0,1,16.35,2.05,0
858.57,7,3,0,0,0,424,0,1,20.7,6.92,0
11959.23,16,1,0,1,0,430,0,0,19.47,13.58,0
8421.74,12,3,0,1,0,1009,0,1,17.25,3.51,0
15064.15,12,1,1,0,0,280,0,0,16.95,14.39,1
5522.9,0,8,0,0,0,258,0,3,15.7,0.64,0
227.19,9,3,0,0,0,298,0,2,26.33,9.94,0
985.54,14,5,0,0,0,281,0,0,21.2,6.83,0
5931.99,17,5,1,0,0,373,0,2,27.01,9.94,0
2469.56,10,1,0,0,0,524,0,2,21.57,5.11,0
2024.78,13,5,0,0,0,326,0,1,17.14,2.72,0
1143.23,5,3,1,0,0,498,0,2,14.0,10.74,0
9847.46,19,1,1,0,1,418,0,1,15.74,0.76,0
5878.18,16,6,0,0,0,68,0,2,19.14,3.23,0
6162.58,17,3,1,0,0,463,0,0,23.9,2.98,0
1871.92,16,3,0,0,0,394,0,2,13.71,11.72,0
4381.31,23,2,0,0,0,986,0,1,19.78,11.18,0
893.68,21,4,2,0,0,236,0,1,13.39,8.59,0
3176.96,19,4,0,0,0,334,0,1,17.25,3.31,0
256.13,8,0,1,0,0,137,0,1,21.95,4.06,0
701.68,1,2,0,0,0,81,0,0,22.91,7.83,0
2595.6,0,4,0,0,0,264,0,5,4.23,7.02,0
44084.96,18,1,0,1,0,394,0,1,19.09,4.46,0
549.62,21,2,0,0,0,305,0,1,22.52,2.89,0
986.58,15,2,0,1,0,324,0,2,14.09,4.45,0
4571.58,17,1,2,0,0,364,1,1,17.4,3.5,0
23339.3,2,1,2,0,0,383,0,1,21.7,12.19,1
4502.02,13,2,2,0,0,228,0,0,16.58,4.84,0
7610.23,14,0,1,0,0,204,0,3,11.5,0.96,0
2554.26,3,5,0,0,0,580,0,0,19.12,5.59,0
2129.94,18,2,0,0,0,691,0,2,19.73,1.72,0
3969.1,8,2,0,1,0,175,0,1,18.01,5.19,0
1824.02,4,3,3,0,0,173,0,4,15.03,6.68,0
7789.12,16,2,0,0,0,272,0,3,13.83,9.27,0
674.12,10,3,0,0,0,633,0,2,13.76,3.92,0
9269.52,12,4,1,0,0,330,0,1,5.63,9.63,0
3794.39,13,2,0,0,0,496,0,3,18.4,2.47,0
2906.03,14,4,1,0,1,63,1,0,15.01,13.0,1
648.63,9,2,2,0,0,307,0,1,23.11,4.31,0
1301.43,19,3,2,0,0,846,0,1,19.92,1.2,0
12817.72,21,4,0,0,0,632,0,3,17.53,3.55,0
2924.77,11,5,1,0,0,526,0,1,13.07,19.08,1
4877.16,4,3,1,0,0,144,0,2,16.13,5.18,0
1445.91,6,3,0,0,0,82,0,0,19.15,7.55,0
3531.55,18,2,0,1,0,158,0,1,20.61,7.73,0
861.99,6,2,0,0,0,614,0,0,19.07,3.7,0
4043.54,18,2,3,0,1,1315,0,2,10.82,7.89,1
5373.17,15,2,1,0,0,113,0,0,23.2,6.84,0
5098.21,10,4,0,1,1,482,0,0,5.94,4.76,0
1409.85,3,0,0,0,0,702,0,0,16.47,2.46,0
2542.36,12,0,1,0,0,356,0,1,9.96,10.87,0
6400.0,16,1,0,0,1,585,0,0,16.24,10.76,0
2916.07,3,1,0,0,0,499,1,0,20.94,0.88,0
2692.78,19,6,0,0,0,277,0,0,15.02,6.85,0
26866.65,4,2,0,0,0,484,0,1,20.4,2.63,0
1341.39,9,2,0,0,0,76,0,2,17.67,2.07,0
11321.28,12,0,0,0,0,362,0,0,14.13,3.63,0
1083.1,17,5,0,0,0,257,0,0,22.71,2.06,0
7241.04,5,6,1,0,1,248,0,0,15.36,3.12,0
7658.41,8,4,1,0,0,52,0,3,18.12,8.5,0
2130.51,19,7,0,0,0,215,0,1,22.2,3.02,0
1013.99,7,2,1,0,1,93,0,1,15.0,6.04,0
459.92,14,0,0,0,0,133,0,0,25.86,7.03,0
1908.61,9,4,0,0,0,648,0,1,15.93,1.36,0
6326.67,1,1,2,0,0,1116,0,1,28.35,5.98,0
1174.37,12,2,0,0,0,185,0,2,29.17,1.68,0
4031.11,8,3,0,0,0,146,0,2,21.63,8.76,0
772.59,6,1,0,0,0,371,1,1,14.41,11.1,0
2848.13,20,4,0,0,0,219,0,2,23.35,7.47,0
1091.82,18,4,2,0,0,598,0,0,9.45,2.72,0
3354.71,6,2,1,0,0,20,0,0,15.99,16.81,1
2151.38,12,3,2,0,0,719,2,2,12.69,9.35,1
1043.27,17,2,3,0,0,348,0,1,11.35,3.04,0
1822.9,1,3,0,1,1,891,0,1,9.56,9.99,1
1365.31,2,3,0,0,1,1310,0,1,15.46,3.13,0
916.33,12,4,0,1,0,336,0,2,11.36,6.32,0
11348.98,22,1,1,0,0,453,1,1,16.3,7.38,0
2494.43,22,1,1,0,0,155,0,0,14.71,11.29,0
360.56,10,2,0,0,1,178,0,3,22.72,5.1,0
1892.31,16,3,0,0,1,427,1,1,25.02,13.3,1
9513.31,11,1,0,0,0,8,0,6,22.5,25.0,1
1636.92,21,3,0,0,0,235,0,2,26.58,3.22,0
17546.87,13,4,0,0,0,263,0,0,13.29,1.07,0
1481.05,21,1,0,0,0,275,0,3,21.33,7.58,0
6176.94,8,3,1,1,0,342,1,1,18.28,7.41,1
10812.63,22,3,0,0,0,665,0,0,13.63,1.35,0
5841.27,17,5,0,1,0,442,0,3,10.32,9.7,0
859.87,18,2,1,0,0,359,0,1,16.61,8.06,0
1353.44,0,1,2,0,0,550,0,2,13.97,5.05,0
12438.78,19,3,2,0,0,489,0,3,16.95,7.15,0
1564.24,3,5,0,0,0,669,0,1,14.43,1.58,0
10142.2,22,1,1,0,1,520,0,0,12.78,3.43,0
2317.4,4,2,1,0,0,172,0,1,18.13,9.28,0
4223.88,19,2,0,0,0,161,0,3,9.0,8.48,0
849.45,15,3,1,0,0,346,0,3,23.31,3.71,0
1922.38,9,1,2,0,0,599,0,1,9.23,7.35,0
1452.34,21,2,0,0,0,245,0,2,18.5,21.62,1
4614.13,9,2,0,0,0,364,0,2,19.44,6.37,0
4015.26,1,3,0,0,0,306,0,1,18.3,2.17,0
5918.17,1,4,2,1,0,147,0,2,21.73,2.96,0
2175.36,20,1,1,0,0,1018,1,0,20.63,3.36,0
1370.95,9,3,3,0,0,212,0,0,23.97,1.37,0
4411.04,19,3,0,1,0,237,0,1,23.8,4.04,0
1235.13,0,0,1,0,0,505,0,0,20.15,3.49,0
11297.58,1,4,1,0,0,45,0,0,17.32,13.36,1
3228.43,23,2,0,0,0,274,0,1,16.35,17.49,0
2585.2,3,0,1,0,0,472,0,3,22.54,4.22,0
5915.22,16,3,1,1,0,592,0,0,15.3,3.12,0
3360.41,8,5,1,0,0,428,0,2,19.62,4.23,0
638.45,12,3,0,0,0,104,0,1,15.27,2.9,0
1194.52,2,6,2,0,0,86,0,3,15.75,1.75,0
11054.51,6,5,0,0,0,185,0,1,27.32,9.26,0
3976.19,18,2,0,0,0,567,0,2,22.32,22.61,1
622.88,12,3,2,1,0,461,0,2,23.11,10.59,0
5269.64,12,2,0,0,1,489,0,1,24.73,5.29,0
2023.89,22,1,0,0,0,250,0,1,17.2,3.81,0
1453.57,9,3,0,0,0,224,0,3,16.15,14.74,0
1094.31,19,3,1,0,0,160,0,0,18.81,3.12,0
10403.8,17,1,0,1,0,858,0,1,8.93,19.24,1
462.31,11,1,1,0,0,700,0,0,22.86,1.8,0
1511.1,7,2,2,0,0,142,0,3,10.6,4.06,0
4130.41,8,1,1,0,1,103,0,4,21.68,1.17,0
19096.9,20,1,0,0,0,188,0,3,23.59,2.99,0
6512.97,7,2,0,0,0,339,0,0,26.7,4.01,0
1497.68,15,4,0,0,0,390,0,0,12.45,9.61,0
18139.03,2,4,2,0,0,678,0,0,17.35,4.99,0
877.54,8,4,2,1,0,216,0,2,16.99,10.45,1
4810.72,22,0,0,0,0,234,0,1,18.29,16.14,0
6076.44,12,4,1,0,0,211,0,1,17.3,4.01,0
1443.5,19,0,0,0,1,99,0,2,11.4,5.95,0
7573.97,6,4,3,0,1,128,0,2,11.75,5.88,1
2122.64,18,6,3,0,1,136,0,3,25.1,2.62,1
7554.51,23,1,0,0,0,322,0,1,21.83,8.45,0
527.65,22,4,3,0,0,525,0,1,14.7,0.77,0
5175.67,10,2,0,1,0,672,0,1,24.72,3.64,0
2362.06,16,3,0,0,0,1160,0,1,11.55,25.0,1
12175.6,21,3,1,0,0,220,0,3,17.61,7.29,0
3476.64,19,3,0,0,0,521,0,2,28.53,5.9,0
13516.83,23,8,1,1,0,1143,0,0,12.82,2.85,0
6204.27,0,5,2,1,0,126,0,2,27.19,1.63,0
3184.71,12,6,0,0,0,698,0,2,8.93,4.73,0
8325.29,18,4,2,0,0,203,0,0,22.15,3.5,0
8381.33,17,1,1,0,1,317,2,0,8.41,10.27,1
5975.99,3,1,0,1,0,518,0,3,29.37,5.31,0
328.02,13,5,1,0,0,489,0,3,17.3,4.89,0
1297.65,3,1,0,0,0,585,0,3,16.97,7.53,0
15573.27,2,7,0,0,0,292,0,1,20.56,3.13,0
973.85,2,2,1,0,0,143,0,0,17.03,14.03,1
9196.55,22,5,0,0,0,136,0,1,19.5,10.59,0
7644.76,6,0,1,0,0,448,0,3,19.88,2.85,0
1699.28,10,1,1,0,0,515,0,2,12.55,3.58,0
448.1,6,6,0,0,0,125,0,1,16.72,4.01,0
2003.48,21,2,0,0,0,1119,0,3,30.59,6.9,0
32270.73,21,4,1,0,0,663,0,2,19.53,4.38,0
1470.8,15,1,1,0,0,533,0,0,16.05,5.49,0
1581.34,19,2,1,0,0,245,1,2,20.99,10.34,1
1277.34,2,2,2,0,0,517,0,0,21.76,2.71,0
13036.7,23,1,0,1,1,363,0,3,23.5,10.06,0
2821.26,10,3,3,0,1,511,0,1,14.14,1.33,0
1887.1,9,3,1,0,0,285,0,4,25.63,5.73,0
16060.98,4,1,3,0,0,118,1,3,20.67,3.97,1
6690.67,21,5,0,0,0,836,0,0,19.34,5.57,0
1386.79,4,3,2,0,0,250,0,0,13.37,18.31,1
1007.51,20,4,2,0,0,430,0,1,21.22,4.39,0
12284.31,17,0,0,0,0,280,0,0,14.24,12.44,0
3705.7,18,2,1,0,0,155,0,3,11.81,2.31,0
715.86,0,4,1,0,0,1102,0,0,20.9,5.66,0
559.88,17,4,3,0,0,462,1,1,15.54,1.96,0
1127.95,23,4,1,0,0,484,0,3,13.75,8.9,0
990.83,9,2,1,0,0,292,0,1,6.07,12.32,0
424.8,10,3,2,1,1,280,0,1,18.51,2.18,0
1147.7,2,2,3,0,0,567,0,2,12.66,0.89,0
1387.09,11,1,1,0,0,282,0,2,16.0,5.02,0
2239.9,16,3,0,0,0,879,0,3,20.54,1.49,0
21537.6,7,2,0,0,0,176,0,2,13.59,9.55,0
2751.26,17,3,2,0,0,397,0,0,16.59,3.42,0
3053.51,2,1,0,0,0,1033,0,1,20.73,2.23,0
6214.98,16,0,0,0,0,489,1,1,18.65,10.81,0
2837.89,14,2,0,0,0,259,0,0,16.84,8.75,0
5542.28,5,0,1,1,0,278,0,2,21.88,4.88,0
4888.52,8,1,2,0,0,1406,0,0,13.24,2.84,0
4141.11,5,1,1,0,0,952,0,2,2.0,11.33,0
66488.84,14,1,2,0,0,178,0,2,9.82,1.11,0
9477.56,15,4,4,0,0,177,0,2,24.08,11.12,1
1169.34,13,3,0,0,0,388,0,0,23.3,16.01,0
5370.81,4,4,3,0,0,866,0,5,23.25,2.34,0
1585.53,5,3,0,1,0,385,0,3,16.25,9.35,0
5817.14,19,6,4,0,1,121,0,1,2.97,1.04,1
859.24,11,1,1,0,0,838,0,4,19.28,0.77,0
1137.78,10,4,0,1,0,273,0,0,25.76,1.59,0
5224.44,7,3,0,0,0,190,0,1,13.3,3.34,0
10379.13,22,1,0,0,0,770,0,0,16.85,6.7,0
6171.99,5,0,0,0,0,580,0,0,27.24,4.88,0
8926.89,18,2,0,0,0,313,0,1,19.16,2.2,0
5391.13,18,2,0,0,0,569,0,1,14.83,4.82,0
4363.9,5,3,0,1,0,473,0,1,3.66,2.96,0
2145.49,0,7,0,1,0,36,0,2,6.64,13.53,1
8549.7,5,3,1,0,0,591,0,0,22.36,9.03,0
10679.95,6,3,0,0,0,360,0,0,22.77,9.64,0
3407.48,17,4,0,1,0,430,0,1,24.77,22.31,1
3220.29,12,4,2,0,0,540,0,1,20.96,4.29,0
19360.23,10,1,0,0,0,439,0,3,23.52,1.18,0
3563.71,11,2,1,0,0,626,0,1,28.49,3.32,0
3942.11,22,0,0,0,0,299,0,2,15.8,0.59,0
6053.77,22,4,0,0,0,441,0,1,19.66,4.71,0
3285.6,0,0,1,1,0,206,0,0,14.18,19.57,1
1538.62,20,4,0,0,0,138,0,1,23.53,9.33,0
5414.65,8,9,0,0,1,188,0,0,21.4,5.83,0
3495.76,18,1,0,0,0,214,0,3,15.37,6.14,0
25194.03,23,3,1,1,0,472,0,0,14.26,7.03,0
8332.1,12,6,1,1,0,503,0,0,26.33,12.65,1
1948.36,14,1,2,1,0,79,0,0,17.77,2.07,0
7828.4,10,1,1,0,0,314,0,0,20.38,14.0,0
5030.42,1,3,3,0,0,104,0,1,18.92,1.26,0
14398.76,0,6,0,0,0,457,0,0,21.6,0.74,0
2099.22,8,5,2,0,0,355,0,2,18.38,3.78,0
4438.67,19,2,1,0,0,611,0,2,17.33,6.04,0
3281.16,8,1,2,0,0,571,0,1,13.2,14.95,1
3871.52,10,2,1,0,0,350,0,1,18.06,5.64,0
1437.33,12,3,2,1,0,734,0,1,18.89,8.58,1
6665.55,7,7,0,0,0,225,0,0,16.04,4.19,0
5646.9,11,1,1,1,0,268,0,0,21.92,4.26,0
14037.46,14,5,2,0,0,995,0,2,16.82,4.59,0
3602.82,20,3,1,0,0,1154,0,1,2.0,10.25,0
2362.72,18,7,1,0,0,545,0,1,21.1,5.02,0
8339.5,19,4,1,0,1,1038,0,0,22.04,0.4,0
1581.43,12,4,0,0,1,436,0,2,23.05,9.31,0
11375.69,16,1,0,1,0,483,0,1,28.16,6.48,0
11350.13,3,4,3,0,0,565,0,2,27.04,7.01,1
13631.56,3,1,0,0,0,577,0,1,21.59,12.7,0
5407.02,22,3,2,0,0,355,0,2,23.41,0.69,0
2184.58,14,3,0,0,0,48,0,0,21.1,1.72,0
4083.24,2,6,0,0,0,430,0,1,16.84,4.39,0
5426.62,9,1,1,0,1,376,0,4,5.1,7.92,0
2022.02,23,1,1,0,0,479,0,3,2.0,3.35,0
14761.42,0,0,0,0,0,105,0,2,10.69,8.21,0
6694.81,10,2,3,0,0,341,0,1,27.89,5.17,0
1426.77,20,0,2,0,0,938,0,2,18.95,12.74,0
26291.93,22,5,0,0,0,301,0,2,17.02,1.14,0
4032.97,8,2,1,1,0,418,0,2,18.48,3.39,0
1154.23,21,2,2,0,0,899,1,2,20.01,4.07,0
1522.69,17,5,0,0,0,418,0,1,25.02,5.09,0
17364.32,9,3,0,0,0,465,0,2,20.0,15.49,0
24741.42,18,1,1,0,0,48,0,1,19.04,13.38,1
10508.71,19,3,2,0,0,396,0,0,21.78,7.37,0
14548.95,6,4,1,0,0,726,0,3,8.59,16.42,1
13061.79,2,4,0,0,0,748,0,1,12.69,7.14,0
6533.92,18,6,0,0,0,467,1,4,19.08,13.64,1
5143.52,1,5,0,0,1,338,0,2,25.94,2.8,0
6417.96,18,1,1,0,0,282,0,0,11.14,3.79,0
7885.78,8,3,1,1,0,191,0,0,12.07,9.75,0
1671.24,16,2,2,0,0,586,0,1,14.86,4.74,0
7852.26,14,4,1,1,0,387,0,1,22.2,1.09,0
16840.6,0,2,0,0,0,306,0,3,18.95,3.72,0
2931.62,0,3,0,0,0,155,1,1,14.95,9.94,0
2620.42,15,3,0,0,0,405,0,0,20.73,4.59,0
6005.16,12,2,1,1,1,303,1,3,16.24,4.25,1
1840.62,1,0,2,0,1,183,0,4,11.54,3.87,0
913.55,23,3,0,0,1,430,1,0,18.7,2.56,0
12150.25,5,2,0,0,0,544,0,3,11.44,5.72,0
2267.65,20,1,0,1,0,645,0,3,24.5,6.74,0
3712.17,2,5,1,1,0,717,0,1,14.35,5.19,0
1918.63,5,1,0,0,0,815,0,2,21.49,2.64,0
13913.19,12,1,0,1,0,328,0,0,22.11,3.4,0
8918.07,12,3,1,1,0,835,0,2,22.3,3.55,0
2827.71,14,5,4,0,0,47,0,2,17.43,13.49,1
1054.8,4,0,2,0,0,254,0,3,16.22,8.06,0
2529.37,6,1,0,0,0,881,0,2,11.93,3.37,0
6625.36,6,5,1,0,0,869,0,2,12.94,9.16,0
4438.48,10,2,1,0,0,578,0,1,9.75,7.83,0
4082.86,22,2,2,0,0,108,0,1,6.65,1.74,0
4547.28,11,2,1,1,0,171,0,0,21.48,11.13,0
8076.68,23,2,2,1,0,744,0,2,28.05,1.57,0
3484.39,6,3,0,0,0,828,0,2,14.19,3.6,0
5840.16,5,3,0,0,0,522,0,1,17.34,7.44,0
1291.73,2,2,0,0,0,95,0,1,19.3,1.95,0
53185.62,5,1,0,1,0,989,1,1,19.17,10.87,1
2702.54,7,3,0,0,0,276,0,1,13.85,3.43,0
4508.74,9,1,1,0,0,559,0,1,16.01,0.38,0
6599.76,17,4,0,0,0,598,0,2,26.47,13.89,0
2365.32,10,0,0,0,0,1466,0,0,14.43,2.67,0
3670.99,16,2,0,0,0,161,1,0,23.87,15.59,1
3624.45,2,4,1,0,0,246,0,3,24.87,4.97,0
1394.46,22,1,1,0,1,701,0,1,14.83,16.49,1
5770.53,3,2,2,0,0,269,0,2,13.16,5.03,0
644.4,0,4,0,0,0,236,1,0,16.03,8.41,0
22933.27,10,2,2,0,0,188,0,1,18.86,1.76,0
8371.76,15,3,1,1,0,283,0,1,15.38,1.85,0
7122.96,5,5,2,0,1,1112,0,1,18.35,5.79,1
587.88,3,4,0,0,0,188,0,3,21.64,7.09,0
1584.22,20,5,1,1,0,318,0,2,12.68,9.51,1
15659.18,19,3,3,0,0,67,0,0,19.94,3.64,0
150000.0,18,1,0,0,0,206,0,1,18.53,9.41,1
12764.55,5,4,0,0,0,287,0,2,13.92,7.12,0
10816.09,12,1,0,0,1,737,1,0,3.53,6.14,0
6318.41,16,6,0,1,0,543,0,2,16.39,7.34,0
1495.37,10,1,1,0,0,121,0,1,20.54,4.18,0
10351.98,4,3,0,0,1,372,0,0,15.2,7.41,0
1145.66,19,1,0,0,0,316,0,0,13.73,9.33,0
1021.36,22,1,1,0,0,739,0,2,19.17,12.43,0
956.03,3,2,2,0,0,597,0,3,21.96,3.1,0
10142.69,16,3,1,0,0,153,1,1,10.51,3.66,0
3427.94,21,1,1,0,0,129,0,1,16.95,5.51,0
4047.69,12,6,1,0,0,75,0,1,16.81,6.11,0
3582.53,1,5,2,0,0,225,0,1,32.21,6.45,1
1116.55,16,6,1,1,0,298,0,0,12.02,7.95,0
1800.34,22,3,0,0,0,229,0,1,20.6,6.83,0
1897.99,6,1,0,0,0,751,0,0,13.6,9.95,0
832.53,3,6,0,0,0,150,0,2,16.69,8.61,0
2144.32,6,4,0,0,1,921,0,2,30.17,11.88,1
1169.85,19,2,1,1,0,261,0,1,18.99,7.01,0
6677.9,13,4,0,1,0,1153,0,1,23.29,1.26,0
7288.26,0,1,1,0,0,589,0,1,31.63,4.08,0
936.06,14,2,1,1,0,259,0,1,17.13,6.99,0
2666.54,19,4,1,0,0,454,0,2,17.31,7.68,0
25562.02,4,4,0,0,0,100,0,0,8.8,14.87,1
1300.1,14,1,0,0,0,196,0,0,30.03,12.4,0
5698.57,5,2,1,0,0,500,0,2,18.27,1.72,0
4067.56,0,1,0,0,0,280,0,1,16.53,13.84,0
11470.48,9,3,0,0,0,471,0,4,21.75,2.1,0
4965.36,18,5,0,0,1,468,0,3,6.04,3.13,0
2314.94,16,3,0,0,0,1085,0,5,12.68,4.97,0
3905.35,2,4,0,1,1,378,0,0,21.97,0.52,0
3965.7,4,2,2,0,0,1005,0,1,27.96,3.97,0
3306.75,12,2,1,1,0,845,0,1,25.51,3.3,0
911.36,7,5,0,0,0,584,0,1,6.16,5.41,0
13429.96,7,2,0,1,1,561,0,0,30.52,3.02,0
11156.25,10,3,0,0,0,323,0,3,12.83,1.32,0
1216.34,18,1,0,0,0,422,0,2,14.82,2.6,0
2655.1,13,0,1,1,0,666,1,1,17.96,8.64,1
2874.57,20,1,0,0,0,342,0,2,15.51,13.56,0
1081.01,2,1,0,1,0,257,0,3,22.32,5.61,0
512.79,11,2,0,0,0,115,0,2,16.37,6.35,0
1800.6,13,3,0,0,0,1017,0,1,24.25,7.01,0
2504.33,18,4,0,0,0,667,0,0,22.5,3.3,0
801.68,12,6,0,1,0,282,0,0,21.66,1.32,0
4384.48,21,3,0,0,1,957,1,1,20.99,9.41,0
12344.91,20,3,0,0,0,802,0,0,26.0,2.57,0
8815.1,16,6,1,0,0,129,0,1,18.05,5.94,0
3187.46,9,1,0,1,0,339,1,3,22.78,3.64,0
527.19,7,2,0,0,0,493,0,2,8.59,9.19,0
7719.37,12,3,1,0,0,581,0,2,20.17,3.41,0
4245.91,11,3,0,0,0,263,0,1,27.95,1.38,0
5684.9,0,2,0,0,0,83,0,2,21.77,9.03,0
27803.24,5,5,1,0,0,142,1,2,6.29,17.22,1
1531.42,20,3,1,0,0,387,0,2,16.96,2.91,0
177.94,11,3,0,0,0,342,0,4,25.4,13.28,0
1204.56,22,2,0,0,1,517,0,1,16.93,2.88,0
6065.35,5,3,2,0,0,789,0,1,21.61,8.59,0
3745.36,23,4,0,1,0,286,0,0,23.39,14.03,1
1015.95,19,1,1,1,0,232,0,3,24.22,5.3,0
819.99,8,4,0,0,1,255,0,3,15.83,3.2,0
2509.05,14,3,1,0,0,118,1,1,12.56,5.58,0
983.98,23,2,1,0,0,444,0,2,17.58,10.05,0
6289.68,15,3,0,1,0,253,0,0,5.88,0.61,0
2363.74,22,1,1,0,1,1050,0,0,19.32,8.28,0
1884.7,2,6,1,0,0,1141,0,1,16.21,6.14,0
1642.23,3,2,1,1,0,699,0,3,19.24,0.79,0
4799.56,0,3,0,0,1,385,0,1,23.81,3.35,0
3807.54,7,5,0,0,0,388,1,1,11.74,5.19,0
4501.0,18,2,1,1,0,322,0,2,22.97,3.37,0
4399.01,23,4,1,0,0,232,0,1,9.99,1.79,0
3375.15,13,2,1,0,0,220,0,0,29.18,3.6,0
1230.55,10,1,1,0,0,1028,0,0,24.95,3.56,0
1691.04,22,3,0,0,0,160,0,0,23.42,2.27,0
2405.69,14,1,2,0,0,335,0,3,11.93,5.13,0
31839.25,12,2,0,0,0,726,0,0,15.7,8.79,0
883.35,2,5,2,0,1,483,0,2,21.37,5.24,1
2345.08,5,2,2,0,0,383,0,1,13.31,10.53,0
4036.69,16,4,0,0,0,305,0,2,19.37,3.8,0
2647.84,16,3,0,0,0,81,0,3,7.04,3.55,0
11244.88,11,0,0,0,0,208,0,0,14.35,2.05,0
2633.52,16,3,1,0,0,491,0,1,19.67,2.9,0
2846.18,16,4,1,0,0,411,0,2,20.66,9.22,0
8564.32,1,3,2,0,0,418,0,0,7.34,16.81,1
24373.39,20,2,0,0,0,570,0,0,5.75,16.74,0
15960.52,16,0,0,0,0,446,1,4,15.11,6.01,0
3154.27,5,3,0,0,0,123,0,1,14.24,4.33,0
3456.49,5,6,1,0,0,353,1,2,17.23,3.75,0
3824.01,22,3,0,0,0,150,0,2,11.11,4.07,0
4248.62,6,4,1,0,0,619,0,2,24.1,4.88,0
1495.6,0,3,0,0,0,465,0,2,19.06,5.87,0
9734.42,0,5,0,0,0,312,0,3,24.2,13.14,0
4523.04,5,1,1,1,0,254,0,1,17.37,4.09,0
3473.44,15,4,1,0,0,880,0,1,15.03,4.13,0
958.43,10,6,0,0,0,235,0,1,19.34,9.21,0
3887.03,17,4,0,1,0,572,0,1,23.78,4.71,0
498.76,5,0,1,0,0,281,0,1,13.67,16.35,0
1976.87,5,3,0,0,0,519,0,3,16.65,18.93,1
2015.75,9,3,1,0,1,523,0,2,13.28,14.75,1
4921.38,19,1,1,0,0,647,0,2,6.93,10.94,0
26208.59,12,4,0,0,0,203,0,2,34.89,25.0,1
6637.58,18,2,1,1,1,68,0,2,24.12,3.52,0
16660.94,2,2,1,0,0,151,0,2,16.98,9.67,0
7168.65,9,2,1,1,0,144,0,2,18.47,3.7,0
11864.5,10,1,1,0,0,116,0,2,13.78,15.1,0
25590.69,1,3,1,1,0,482,0,1,12.49,10.33,1
1688.46,7,1,0,0,0,85,1,1,16.94,11.8,1
1576.62,6,5,0,0,0,520,0,1,8.25,17.92,1
7348.5,10,2,0,0,0,251,2,2,15.55,4.43,0
3626.91,3,1,1,0,0,168,1,2,16.38,6.88,0
4588.79,6,1,2,0,1,57,0,2,13.16,9.56,1
2804.27,23,2,2,1,0,22,0,1,6.09,6.86,1
1946.77,3,4,2,0,0,182,0,0,27.85,14.36,1
19966.34,19,4,1,0,0,139,0,1,18.93,2.74,0
1147.28,13,2,1,0,0,497,0,1,11.55,5.44,0
7485.42,1,7,0,1,0,71,0,1,20.51,3.29,0
6313.46,9,2,3,0,0,181,0,1,16.9,9.51,1
693.7,12,3,0,0,0,296,0,1,23.95,2.96,0
1521.85,6,3,1,1,0,949,0,3,13.61,2.89,0
1815.61,6,3,2,0,0,410,0,0,13.44,5.88,0
6586.74,17,1,1,0,0,540,0,1,24.99,2.39,0
2476.53,0,2,1,0,0,371,0,2,18.83,2.42,0
3328.01,22,5,0,0,0,167,1,1,22.39,1.33,0
787.98,7,1,0,0,0,89,0,2,25.65,3.83,0
41865.08,9,5,0,1,0,400,0,1,31.83,8.68,0
3923.56,3,2,0,0,0,234,0,2,15.32,1.91,0
6148.42,21,2,2,0,0,240,0,2,29.21,14.57,1
2063.88,5,1,0,0,0,190,0,3,16.09,13.67,0
1834.89,19,2,0,0,0,635,0,1,18.85,1.84,0
27127.92,7,4,2,0,0,78,1,0,28.34,3.36,1
486.6,0,3,0,0,0,1050,0,2,21.27,18.97,1
4878.43,9,3,3,1,0,759,0,1,13.65,9.79,1
1020.37,12,1,0,0,0,599,0,2,16.54,3.25,0
2379.75,11,2,0,0,0,138,0,3,13.4,14.26,0
1863.11,23,2,1,0,1,134,0,0,17.84,8.05,0
1293.0,12,4,1,0,0,230,1,4,14.83,16.52,1
3779.0,18,2,0,0,0,62,0,1,6.41,9.76,0
245.57,8,3,0,0,0,206,0,2,12.8,5.93,0
2614.26,3,0,2,0,1,396,0,3,10.79,8.76,1
3311.63,11,3,0,0,0,952,0,1,6.34,5.3,0
873.72,13,3,0,0,0,51,0,1,3.98,5.09,0
17834.31,10,3,0,0,0,526,0,0,23.29,4.04,0
1950.46,18,3,0,1,1,329,0,1,6.26,9.02,0
2837.39,23,2,1,0,0,217,1,1,19.73,3.66,0
1955.05,1,4,0,0,0,278,0,2,11.52,2.3,0
3342.1,1,3,1,0,0,249,1,2,13.27,4.7,0
14379.39,6,5,1,0,0,440,0,2,17.93,4.9,0
48857.67,14,1,3,0,0,168,0,1,24.28,11.03,1
7965.87,1,2,1,0,0,423,0,2,17.01,10.47,0
11411.69,4,4,0,0,0,613,0,1,6.42,1.06,0
22076.06,9,3,0,0,0,221,0,0,19.74,11.67,0
4728.27,9,4,4,0,0,480,0,0,10.27,2.89,0
18934.93,20,2,1,0,1,444,0,1,15.93,14.49,1
8366.75,13,2,1,0,0,310,0,0,14.08,4.35,0
4235.2,20,1,0,0,0,960,0,1,21.16,4.22,0
5259.85,18,1,1,0,0,174,0,1,25.26,5.47,0
537.81,9,4,2,0,0,604,0,0,22.05,8.54,0
4947.93,23,3,0,0,0,243,1,3,3.67,2.74,0
719.87,20,3,1,0,0,943,0,1,19.14,4.95,0
660.81,11,3,0,1,0,855,0,3,25.42,3.1,0
4458.3,20,3,0,1,0,55,1,1,24.43,0.74,0
1130.28,6,2,0,0,0,614,0,1,17.13,5.31,0
3613.86,4,1,0,0,1,214,0,3,6.99,2.59,0
4210.58,18,1,0,0,0,487,0,4,22.15,4.36,0
4412.52,18,4,1,0,0,216,0,1,8.69,6.19,0
1409.05,5,1,0,1,0,480,0,1,22.32,2.57,0
9354.53,18,3,0,1,0,591,0,0,24.87,8.15,0
3315.3,12,2,0,0,0,162,0,0,10.86,0.37,0
5785.61,13,1,1,0,0,76,0,2,17.12,5.78,0
1036.64,20,3,0,0,0,662,0,2,14.04,12.51,0
3019.23,3,2,0,0,0,518,0,1,13.69,1.2,0
11523.68,9,3,2,0,0,454,0,1,16.64,4.2,0
10083.81,6,3,4,0,0,282,1,4,6.73,10.02,1
1576.31,13,4,2,0,0,111,0,2,15.13,8.53,0
2053.22,3,2,0,1,0,219,0,0,11.6,3.69,0
1289.33,2,0,3,0,0,191,0,3,12.84,4.43,0
1827.61,16,2,1,0,0,591,0,1,18.75,9.49,0
837.97,1,3,0,0,0,45,0,1,19.41,9.27,0
3149.24,10,0,0,0,0,266,0,1,26.15,3.91,0
7078.34,23,2,0,1,0,129,0,2,8.28,2.48,0
1596.7,23,0,0,0,0,668,0,2,13.77,4.1,0
3310.53,4,7,1,0,0,878,0,0,19.18,4.54,0
2888.45,22,4,0,0,0,876,0,0,13.23,6.28,0
11024.49,8,2,1,1,0,461,1,0,6.52,8.96,1
1915.68,4,0,0,1,0,791,0,2,15.13,2.01,0
1990.27,12,2,0,0,0,285,0,0,12.44,2.23,0
1497.69,11,6,0,0,0,483,0,2,24.08,10.52,0
1102.81,8,2,0,0,0,490,0,1,31.14,4.81,0
6346.41,10,2,0,0,1,142,0,1,24.8,1.83,0
3159.39,2,6,0,0,0,502,0,2,18.64,12.72,0
3856.64,6,3,1,0,0,438,0,1,21.76,11.75,0
13882.35,4,1,1,0,0,927,0,1,11.67,0.46,0
14745.38,22,4,0,0,0,324,0,1,26.27,1.8,0
646.42,11,1,0,0,0,1114,0,0,20.79,7.93,0
7188.42,13,0,0,0,0,172,0,2,16.78,4.2,0
4614.36,10,1,1,0,0,803,0,4,15.22,4.14,0
2242.46,21,1,0,0,0,877,0,1,28.2,3.6,0
5136.2,19,1,1,0,0,251,0,3,11.41,4.26,0
594.25,16,3,2,0,0,593,0,1,26.62,3.28,0
16911.93,7,3,1,0,0,389,0,1,18.88,5.48,0
6252.22,7,4,1,0,0,252,0,3,13.87,4.66,0
1467.83,22,1,0,0,0,339,0,5,18.46,4.29,0
1969.08,22,1,2,0,0,663,0,0,13.23,5.28,0
608.93,6,3,2,0,0,676,0,1,8.13,4.7,0
2618.47,8,1,2,1,0,479,0,0,15.92,1.48,0
2193.23,7,3,0,0,0,386,0,0,6.35,5.44,0
905.63,18,2,1,0,0,554,0,1,19.33,4.98,0
8229.97,22,0,3,0,0,510,0,3,20.7,4.41,0
13913.81,21,3,2,0,0,482,0,3,21.24,1.86,0
3537.84,20,2,0,0,0,109,0,3,18.62,13.06,0
2641.42,8,0,0,0,0,531,0,2,14.52,12.43,0
5748.73,7,1,0,0,0,153,0,4,17.96,9.92,0
3566.64,21,2,1,0,0,885,0,1,16.13,2.82,0
1168.78,9,2,1,0,1,537,0,0,10.86,2.03,0
1834.8,5,1,1,0,0,650,0,2,9.12,3.53,0
2667.09,20,5,0,1,0,50,0,2,16.88,6.75,0
4724.87,11,4,0,0,0,756,0,0,21.21,4.13,0
3676.82,2,2,0,0,0,795,0,2,23.85,11.43,0
4540.93,21,2,0,0,0,78,0,0,16.56,7.28,0
734.31,7,5,1,0,1,100,0,2,20.94,8.52,0
7320.83,7,1,0,0,0,1388,0,1,9.05,1.99,0
3654.03,12,2,1,0,0,663,0,2,20.78,5.71,0
53121.9,6,3,1,0,0,431,1,0,20.24,7.58,1
2423.54,19,5,1,0,1,113,0,1,17.49,4.18,0
5113.46,16,2,0,1,0,320,0,1,18.99,3.31,0
71017.39,13,2,2,0,0,358,0,3,21.63,7.13,1
4463.98,4,1,3,0,0,255,0,2,16.22,4.52,0
3391.37,11,0,2,0,0,467,0,1,15.4,2.97,0
1291.72,6,2,0,0,0,699,0,0,9.38,8.25,0
18118.33,23,0,0,1,0,519,0,1,16.76,11.61,0
1078.09,19,0,1,0,0,669,0,2,23.77,3.94,0
5701.46,2,1,0,0,0,378,0,0,19.49,14.91,0
2214.47,12,1,2,0,0,28,0,2,8.74,2.65,0
2984.53,18,1,0,0,0,159,0,1,20.61,5.67,0
816.37,12,1,0,0,0,340,0,1,22.05,1.75,0
14917.4,3,1,2,0,0,444,1,5,27.42,3.19,1
2719.8,3,2,0,0,0,606,0,3,13.8,6.48,0
1016.54,17,4,4,0,0,366,0,1,21.88,13.24,1
13566.04,12,1,1,0,1,486,1,3,25.02,3.2,0
2144.49,13,2,2,0,1,1040,0,1,19.43,2.71,0
5173.67,6,2,1,0,0,577,0,3,17.75,9.07,0
8808.63,6,2,0,0,0,477,0,0,20.0,2.89,0
5989.34,9,0,1,0,0,480,0,4,19.89,8.81,0
362.68,13,1,0,1,0,125,0,1,23.33,4.33,0
7556.21,11,1,0,0,0,494,0,0,26.62,12.28,0
3275.92,21,2,0,0,0,462,0,2,18.24,3.84,0
2577.36,4,4,2,1,0,119,0,1,11.35,3.86,0
3246.95,11,2,1,0,0,940,0,0,16.93,5.93,0
671.47,5,0,1,0,0,177,0,2,16.48,5.67,0
4454.99,0,3,1,1,0,530,0,1,19.47,12.84,1
869.04,9,2,0,0,0,378,0,2,11.08,2.7,0
2696.93,1,1,0,0,0,469,0,0,22.84,11.02,0
4290.15,8,3,1,1,0,747,0,0,23.94,5.42,0
11245.68,15,1,4,0,0,120,0,2,17.36,7.6,1
1539.8,9,2,0,1,0,245,0,2,14.09,5.56,0
16716.75,16,1,1,0,0,925,0,3,19.72,9.57,0
9839.85,7,1,1,0,0,601,0,2,21.19,8.44,0
2319.53,9,4,1,1,0,580,0,0,16.31,7.96,0
1136.62,21,2,1,0,0,549,0,0,22.16,8.52,0
799.51,5,5,3,0,1,407,0,0,17.65,6.51,1
4843.25,12,2,0,0,0,282,0,0,14.28,3.49,0
1678.83,17,0,0,1,0,425,0,0,15.32,10.41,0
12827.22,8,3,0,1,0,320,0,2,15.54,7.84,0
1783.8,7,0,1,0,0,778,0,4,13.72,4.51,0
1414.17,16,5,1,0,0,256,0,2,19.33,7.38,0
4653.19,1,2,4,0,0,136,0,0,26.79,3.85,1
1771.62,6,1,0,0,0,524,0,2,16.23,3.56,0
3673.78,9,5,1,1,0,212,0,2,22.71,9.43,0
10252.62,5,1,0,0,0,80,1,0,24.64,14.2,1
4117.87,12,3,1,0,0,352,0,2,27.78,9.13,0
4134.05,14,2,4,0,0,648,0,0,21.28,7.07,0
4516.1,23,1,0,0,0,115,0,2,10.59,4.26,0
615.38,14,1,1,1,0,563,0,3,8.09,6.55,0
5494.1,14,1,0,0,0,270,0,3,9.67,8.92,0
4306.7,17,2,0,0,1,222,1,4,10.11,2.34,0
9297.88,4,6,1,0,0,959,0,2,14.09,8.09,0
6878.12,11,2,0,0,0,259,0,1,14.21,4.2,0
2945.26,19,4,0,0,0,181,0,2,20.54,1.55,0
10764.54,4,3,0,0,0,831,0,2,21.56,5.24,0
2677.76,6,1,0,0,0,14,0,3,4.1,2.51,0
4719.77,5,1,0,0,0,345,0,0,10.09,4.91,0
2626.2,23,6,0,0,0,398,0,3,14.29,4.8,0
5912.63,8,2,0,1,0,59,0,2,14.83,11.8,0
2452.06,7,5,1,0,0,334,0,2,19.53,7.0,0
20535.89,19,6,1,0,0,214,0,0,25.0,6.77,0
30279.64,21,6,0,0,0,143,0,0,10.39,1.1,0
9114.62,0,2,0,0,0,313,0,2,37.0,1.41,0
18367.93,21,4,0,0,0,203,0,4,20.2,2.23,0
723.3,16,1,0,0,0,928,0,0,8.4,4.77,0
818.57,20,1,1,0,0,300,0,3,17.06,9.38,0
2597.65,2,8,2,0,1,503,0,0,13.76,0.57,1
3802.04,0,2,1,0,0,250,0,0,4.39,3.52,0
2956.86,8,1,1,0,0,406,0,1,15.66,2.81,0
649.21,20,4,2,1,0,525,0,1,21.92,6.61,0
12199.76,11,3,0,0,0,89,0,0,16.48,21.79,1
34958.19,17,0,2,0,0,526,0,4,22.64,4.2,0
13975.16,5,2,1,1,0,1205,0,3,10.38,0.22,0
11382.13,8,1,1,0,1,162,0,1,26.07,6.83,0
4616.65,21,4,0,0,0,284,0,0,23.5,14.6,0
1502.45,11,2,0,0,0,1171,0,1,23.56,3.56,0
3929.06,18,2,3,0,0,48,0,0,3.39,7.13,0
33218.67,15,2,1,0,0,341,0,2,19.41,3.74,0
2515.97,4,0,1,0,0,60,1,4,20.81,7.34,1
2258.14,22,5,1,1,0,77,0,0,26.11,11.74,1
11645.43,22,2,1,0,0,96,0,2,8.9,15.29,0
12486.09,18,5,0,0,0,264,0,3,17.91,13.51,0
1494.73,11,4,0,0,0,289,0,2,27.29,5.92,0
2766.78,10,0,3,0,0,316,0,2,11.26,4.32,0
2149.52,7,3,1,0,0,239,1,2,28.93,7.98,1
3917.36,15,3,1,1,0,735,0,4,5.44,6.93,0
11601.28,7,5,1,1,0,544,0,1,20.03,3.67,0
1565.2,4,4,1,0,0,202,0,1,18.11,8.95,0
11431.73,1,2,0,1,0,184,0,0,18.5,3.0,0
4051.06,10,2,1,0,0,45,0,0,27.58,3.14,0
41877.41,19,5,1,1,0,561,0,0,15.54,6.76,0
5088.67,18,4,0,0,0,215,0,1,21.06,4.55,0
3288.66,20,2,0,1,0,458,0,2,20.3,6.94,0
6657.17,14,4,2,0,0,51,0,1,24.44,7.81,0
2555.48,20,2,0,0,1,332,0,0,13.42,7.22,0
552.78,18,3,0,1,0,312,0,2,21.76,6.04,0
2828.36,19,0,0,0,0,390,0,0,15.73,16.26,0
2781.91,12,4,0,0,0,93,0,2,24.95,1.04,0
684.07,2,3,1,0,0,206,0,1,14.96,8.41,0
3372.17,9,1,0,0,0,355,0,1,24.06,6.14,0
415.52,20,4,0,0,0,745,0,2,13.99,4.75,0
2527.36,17,3,2,0,1,275,0,1,13.85,5.31,0
4702.15,0,1,1,0,0,119,0,0,12.52,2.48,0
4031.31,2,4,0,0,0,375,1,1,14.89,2.22,0
2364.63,15,1,3,0,0,245,0,1,15.62,10.52,0
3328.22,23,1,0,0,0,688,0,3,7.62,3.41,0
1598.36,17,3,0,0,0,192,0,1,20.04,3.61,0
3682.54,22,2,1,1,0,828,0,1,20.97,2.42,0
3869.93,1,3,1,0,0,416,0,3,11.96,8.06,0
1414.79,21,0,1,0,0,154,0,1,18.05,0.88,0
4822.68,3,4,1,0,0,139,0,0,11.4,5.44,0
4791.15,21,3,0,0,0,751,0,2,11.48,6.99,0
3057.89,23,4,0,0,0,275,0,1,22.0,12.24,0
46263.07,12,1,1,1,0,980,0,0,26.43,2.74,0
3140.89,12,1,1,0,0,227,0,4,24.72,11.19,0
2715.7,11,3,1,0,0,447,0,1,9.64,2.33,0
2336.68,13,4,1,0,0,351,0,1,17.88,7.55,0
1313.58,19,5,0,0,0,411,0,1,27.22,9.56,0
7481.53,6,1,1,0,0,220,0,0,22.57,6.51,0
1771.25,6,5,2,1,0,676,0,3,24.87,7.92,1
2005.51,23,5,3,0,1,836,0,3,28.04,11.38,1
2069.05,20,1,1,0,0,512,0,0,30.61,4.06,0
1294.41,12,4,1,0,0,847,0,1,14.18,9.29,0
579.03,4,3,0,0,0,240,0,3,9.47,8.66,0
2239.29,22,1,2,0,0,32,0,2,38.57,9.76,1
9108.85,21,2,0,1,1,70,0,2,16.31,12.15,1
4477.54,7,4,1,0,0,211,0,3,15.86,3.18,0
18743.53,12,2,2,1,0,274,0,2,16.41,15.38,1
8010.47,10,4,1,1,0,487,0,0,26.56,0.72,0
6311.72,20,2,0,0,0,469,0,3,17.07,0.43,0
26285.73,16,3,1,0,0,677,0,4,24.49,5.5,0
3287.88,11,8,0,0,0,457,0,2,23.96,2.07,0
3890.25,23,4,1,0,0,142,0,0,15.53,7.07,0
3597.38,14,2,0,0,0,140,0,2,19.39,8.67,0
18416.02,11,5,1,0,0,205,0,0,12.72,3.97,0
3650.58,22,3,1,0,0,471,0,1,23.68,13.2,0
1843.29,10,3,1,0,0,809,0,4,5.99,7.58,0
6748.39,10,2,1,0,0,280,0,1,16.89,8.1,0
1545.23,9,7,1,0,0,246,1,1,16.83,7.32,1
6375.04,5,0,0,1,0,131,0,3,21.55,8.4,0
5622.51,6,3,4,0,0,288,0,1,18.8,6.59,0
2984.32,2,2,2,0,0,1227,0,0,15.77,2.51,0
6595.23,17,1,0,0,0,1122,1,0,16.01,2.14,0
763.43,14,3,0,0,0,253,0,1,16.56,3.87,0
4320.43,22,6,0,0,0,1221,0,3,23.05,4.32,0
2239.7,14,1,0,0,0,981,0,4,18.89,1.64,0
73524.71,1,1,0,0,0,477,0,2,18.09,0.96,0
4288.17,14,0,2,0,0,736,0,1,16.12,7.19,0
1946.5,4,7,1,0,0,123,0,1,19.75,4.66,0
856.44,0,4,0,0,0,391,0,0,33.23,5.97,0
14338.11,15,2,0,0,0,123,0,1,21.98,12.47,0
2521.14,0,1,0,1,0,236,0,3,15.84,11.19,0
1586.17,9,2,0,0,0,639,0,3,13.15,4.58,0
5182.87,21,7,0,0,0,312,0,3,19.03,1.62,0
7202.65,6,2,1,0,0,249,0,3,21.31,2.87,0
7084.4,16,4,1,1,0,493,0,1,18.45,1.76,0
3717.24,9,2,2,0,0,399,0,1,16.04,6.83,0
4303.35,2,3,1,1,0,796,0,2,12.92,4.21,0
4645.43,4,4,0,0,0,532,0,2,18.97,8.64,0
5183.4,1,1,1,0,0,117,0,0,25.11,5.67,0
5688.09,3,5,2,0,0,183,0,5,10.52,2.59,0
11489.35,3,3,0,0,0,198,0,3,17.25,1.69,0
3863.14,21,4,1,0,0,236,0,3,20.38,2.39,0
1544.35,19,1,1,0,0,148,0,2,13.31,9.38,0
3129.08,8,1,0,1,0,438,0,1,24.62,11.92,0
8034.26,17,2,0,0,1,213,0,1,11.91,2.5,0
557.88,4,2,0,0,0,303,0,2,16.39,8.71,0
561.27,15,3,1,1,0,224,0,1,22.18,7.28,0
9548.98,4,4,2,1,0,583,0,2,31.61,10.52,1
17964.07,15,1,0,0,0,180,0,1,18.43,6.14,0
964.43,8,1,3,0,0,1248,0,2,13.32,6.53,0
4045.99,20,1,1,0,0,744,0,1,23.3,15.54,0
2393.42,20,1,1,0,0,188,0,2,15.27,6.56,0
2768.69,8,4,2,0,0,798,0,2,17.54,7.65,0
5018.1,0,3,4,0,0,269,0,2,20.95,10.27,1
936.82,7,1,2,0,0,521,0,1,12.77,15.97,1
1138.45,6,6,0,0,0,315,0,0,10.94,5.56,0
2653.64,10,2,2,0,0,449,0,2,18.57,4.13,0
3125.52,13,3,1,0,0,980,0,0,27.26,3.41,0
1116.27,23,2,1,0,0,865,0,1,34.07,9.24,0
8342.6,1,3,0,0,1,563,1,2,19.24,3.3,0
2348.57,13,3,0,1,0,250,0,0,15.08,4.66,0
2338.09,4,3,1,0,0,260,1,4,18.48,11.32,1
4899.03,13,4,0,0,0,199,0,0,20.78,5.91,0
3180.03,15,4,1,1,0,65,1,1,18.76,1.54,0
8772.27,19,3,1,0,1,507,0,2,23.7,6.78,0
1366.36,13,3,2,0,1,526,0,2,15.52,2.2,0
839.45,4,1,0,0,0,271,0,1,17.33,7.89,0
2629.96,21,1,0,0,0,425,0,2,17.58,4.88,0
3878.67,9,3,2,0,0,336,0,0,15.45,4.88,0
989.51,11,4,1,0,0,101,0,1,28.03,6.74,0
847.98,15,2,0,1,0,232,0,1,12.94,1.22,0
4409.04,6,1,1,0,0,197,0,3,26.17,4.72,0
1643.08,23,4,1,0,0,150,0,2,18.31,9.81,0
792.24,1,1,1,0,0,269,1,4,11.57,8.87,1
10032.73,3,6,0,1,0,416,0,0,13.84,3.13,0
1875.47,23,1,1,0,0,61,0,1,10.0,5.04,0
12176.98,10,5,0,0,0,250,1,4,17.24,3.46,0
3751.44,21,2,0,0,1,272,0,1,18.09,0.72,0
4961.67,21,4,3,0,0,593,0,3,22.45,3.14,0
2915.88,23,2,1,0,0,192,0,1,32.7,6.48,0
224.1,17,2,0,0,0,205,0,2,18.83,2.19,0
1103.65,16,1,0,0,0,518,0,1,17.16,7.33,0
3190.73,14,2,0,0,0,485,0,1,20.4,6.47,0
5339.92,16,2,0,1,0,103,0,2,25.76,11.27,0
556.04,6,0,1,1,1,370,0,1,19.64,11.78,1
3441.69,19,2,0,0,0,1015,0,1,17.73,9.57,0
1120.6,4,5,1,0,0,433,0,3,14.94,10.7,1
4658.05,11,1,0,0,0,362,0,0,25.58,12.27,0
3567.53,8,2,1,0,0,374,1,0,19.01,1.93,0
7948.01,18,2,0,0,0,855,1,2,15.26,1.64,0
11160.81,6,0,1,0,0,392,0,1,18.35,4.9,0
5895.47,4,0,0,1,0,645,1,0,15.26,10.23,1
8985.91,19,2,0,0,0,824,0,1,15.03,10.72,0
2520.32,11,3,1,0,0,162,0,0,20.55,5.64,0
70563.85,17,5,2,0,0,111,1,2,26.52,5.01,1
1012.56,21,2,0,0,0,705,0,1,15.18,7.4,0
2091.96,20,3,3,1,0,684,1,2,18.07,8.33,1
9380.86,9,3,1,1,0,105,0,0,17.35,2.09,0
8025.32,4,2,2,0,0,412,1,0,19.12,10.97,1
6073.91,23,0,1,0,0,148,0,3,20.22,0.44,0
7398.88,7,3,1,1,0,595,0,1,32.49,8.14,0
408.41,18,6,0,0,0,129,0,0,26.23,5.23,0
19317.44,18,0,0,0,0,108,0,1,11.82,5.11,0
2939.26,10,2,0,0,0,72,0,0,17.61,7.33,0
13469.58,3,4,1,0,0,319,0,2,14.09,0.61,0
430.44,11,1,1,0,0,168,0,2,26.26,5.86,0
4766.64,3,4,0,0,0,336,1,1,19.44,2.79,0
2014.9,8,3,1,0,0,550,0,0,30.66,6.82,0
6639.06,9,4,1,0,0,528,0,0,16.2,8.45,0
5079.28,12,3,3,0,0,417,0,1,9.3,9.04,0
5347.32,4,4,0,0,0,638,0,3,21.41,9.02,0
1197.64,20,1,1,0,1,538,1,3,29.7,12.36,1
3429.54,1,2,0,0,0,260,0,5,13.99,3.82,0
3013.4,23,1,0,1,0,301,1,1,21.05,4.1,0
6124.64,7,3,0,0,0,240,2,1,17.57,6.75,1
10288.29,11,3,1,0,0,175,0,1,11.55,2.38,0
4264.16,21,4,1,0,0,1778,0,1,21.91,5.32,0
953.39,15,4,0,1,0,715,0,2,16.16,10.01,0
4076.35,1,1,1,0,0,899,0,0,19.97,14.13,1
56479.33,14,1,1,0,0,322,0,1,8.63,6.47,0
20502.57,13,5,1,0,0,509,0,2,11.1,4.42,0
160.27,22,4,3,0,0,706,0,1,17.8,10.66,1
3891.35,13,3,0,0,0,1384,0,1,21.63,7.58,0
9688.8,23,3,1,1,0,64,0,0,12.19,8.57,0
3006.57,12,0,0,0,0,535,0,1,21.37,2.05,0
2246.0,4,3,0,0,1,492,0,2,9.26,7.61,0
2750.91,12,5,2,0,0,533,1,1,15.23,0.73,0
6501.57,22,3,2,0,0,583,1,2,20.78,9.7,1
1090.19,0,3,1,0,0,247,0,1,11.18,2.58,0
12684.34,9,4,2,1,0,344,0,1,18.0,1.97,0
3433.06,1,2,0,0,0,203,0,0,14.43,12.74,0
1364.07,20,1,3,0,0,408,0,1,12.98,7.71,0
11855.74,12,2,3,0,0,497,0,2,16.34,3.85,0
718.82,17,4,1,1,0,294,0,1,14.4,2.32,0
2032.52,23,2,0,0,0,523,0,2,22.7,7.88,0
1997.68,19,1,0,0,0,132,0,1,20.11,2.02,0
34583.74,9,2,0,0,0,139,0,0,16.32,3.0,0
1773.53,22,3,0,1,0,872,0,4,11.15,10.2,0
378.91,11,3,0,0,0,319,0,0,21.39,4.75,0
1976.52,23,1,0,0,0,216,0,0,20.36,2.88,0
5874.22,23,1,0,0,0,184,0,1,11.91,7.74,0
8294.01,5,3,0,1,0,244,0,4,25.23,13.09,0
39750.06,18,4,1,0,0,653,0,1,18.5,4.49,0
15950.45,16,0,1,1,0,414,0,0,17.35,5.43,0
4435.16,18,2,0,0,0,181,0,3,27.61,7.52,0
1427.98,4,3,2,0,0,576,0,0,18.61,5.52,0
20034.86,12,3,0,0,0,533,0,1,13.67,2.21,0
2472.56,3,1,1,0,0,635,0,0,14.15,15.45,1
1824.27,21,1,2,0,0,265,0,0,18.2,2.16,0
2349.77,20,4,0,0,0,366,0,2,17.36,6.95,0
977.6,13,2,1,0,1,785,0,2,15.93,2.38,0
2234.4,3,3,1,0,0,359,1,0,26.31,2.47,0
2850.46,15,1,0,0,0,357,0,1,12.65,16.82,0
7841.53,10,1,0,0,0,287,0,2,22.85,5.47,0
2422.38,18,6,0,0,0,1308,0,1,18.75,3.5,0
962.15,2,3,0,0,0,911,0,1,19.73,7.01,0
675.9,9,2,0,0,1,227,1,3,21.36,5.9,0
4537.12,8,2,1,0,0,244,1,5,32.26,6.63,1
3929.46,22,1,1,0,0,439,0,1,23.34,3.59,0
2034.43,7,0,0,0,0,561,0,3,12.61,15.48,0
2228.69,23,5,0,0,0,50,0,1,11.91,6.28,0
5474.8,22,2,2,0,0,114,0,4,20.14,7.78,0
15678.94,14,2,1,1,0,565,0,1,23.49,1.4,0
1604.95,4,1,1,1,0,446,0,2,21.33,5.21,0
3997.19,5,2,0,0,0,159,0,1,3.86,13.03,0
9958.52,0,2,1,0,0,323,0,2,24.04,4.62,0
1611.76,18,3,1,0,0,360,0,0,29.61,5.92,0
3581.68,17,3,1,0,0,508,0,1,23.28,10.33,0
3498.55,7,3,0,0,0,295,0,1,21.79,8.52,0
918.87,17,0,0,1,0,363,0,1,17.0,4.59,0
4345.62,13,4,1,1,0,786,0,1,19.89,7.2,0
3763.56,19,5,1,0,1,376,0,0,10.22,10.34,1
6521.36,2,0,0,0,0,140,0,0,6.84,3.65,0
1047.09,4,2,0,0,0,368,0,0,16.05,6.56,0
3679.27,19,3,0,0,0,219,0,1,26.54,2.48,0
15534.53,8,4,0,0,0,340,0,3,31.75,6.8,0
32253.27,23,1,2,1,0,244,0,1,17.47,8.07,1
13962.57,21,1,0,1,0,315,0,0,10.03,8.37,0
1057.94,2,4,2,0,0,287,0,1,12.45,10.84,1
5846.54,9,5,0,0,1,267,0,2,19.2,3.19,0
2192.28,17,2,0,0,0,335,0,0,23.54,3.51,0
4905.42,3,2,1,1,0,126,0,2,6.25,2.65,0
1618.37,20,0,0,0,0,522,0,1,13.27,12.89,0
602.36,2,5,0,0,1,134,0,0,17.68,6.81,0
2535.78,2,4,1,0,0,657,0,2,11.52,4.7,0
7775.5,13,8,1,0,0,772,0,1,12.75,2.7,0
4926.58,5,4,2,0,0,222,0,1,17.8,6.56,0
5558.56,15,4,0,1,0,189,0,1,16.31,2.14,0
4569.54,9,7,0,0,0,361,0,1,17.62,2.68,0
5567.79,6,5,0,0,0,1101,0,0,12.1,21.21,1
6348.59,20,0,1,0,0,290,0,2,14.71,23.66,1
2728.71,3,1,2,0,0,277,0,1,11.32,1.08,0
3972.04,11,2,0,1,0,235,0,2,17.08,6.38,0
22706.84,4,6,1,0,0,166,0,0,23.53,14.66,1
4226.51,3,8,1,0,0,270,0,2,18.76,0.9,0
3807.36,4,3,0,0,0,360,0,2,17.2,3.77,0
4056.31,6,4,3,0,0,204,0,2,21.45,5.73,0
2896.32,9,5,0,0,0,587,0,2,19.28,0.91,0
2305.09,11,5,0,0,0,604,0,3,11.87,4.01,0
4532.88,3,0,0,0,1,519,0,0,25.13,6.06,0
2140.94,0,5,1,1,0,317,1,2,16.2,6.09,1
3125.06,2,5,0,0,0,375,0,1,18.27,5.94,0
1587.57,15,3,0,0,0,287,0,3,23.42,1.95,0
4078.21,23,2,1,0,0,720,0,0,26.63,6.95,0
6723.77,0,4,1,1,1,698,0,4,24.99,3.01,1
2914.6,0,2,1,1,0,392,0,2,24.74,3.65,0
441.95,18,0,1,0,0,192,0,1,24.77,4.39,0
6767.52,17,1,0,1,0,448,0,3,9.0,2.98,0
4130.66,17,1,1,0,0,474,0,0,17.32,8.85,0
1283.19,4,8,0,0,0,238,0,3,19.22,9.44,0
8200.36,20,1,0,0,1,224,0,2,20.07,3.09,0
838.53,14,3,0,1,0,212,0,0,23.57,8.34,0
10912.65,3,3,0,0,0,175,0,0,20.64,8.26,0
3428.11,2,4,2,0,0,116,0,3,19.44,3.15,0
336.2,14,2,2,0,0,284,0,1,15.89,4.67,0
4390.71,18,3,0,0,0,150,0,0,19.12,5.84,0
2376.77,18,4,1,1,0,336,0,1,29.32,7.55,0
2029.02,14,3,0,0,0,531,1,3,12.73,3.33,0
1678.05,12,3,0,0,0,225,0,2,7.83,1.03,0
3185.69,16,5,1,0,0,810,1,2,32.74,1.5,0
2187.58,3,1,0,0,0,905,0,2,20.19,4.74,0
518.26,8,2,0,0,0,451,0,2,17.97,0.28,0
13844.89,2,4,0,0,0,566,0,2,12.53,9.83,0
2816.99,20,4,2,0,0,571,1,4,15.08,4.72,1
1688.28,14,1,0,1,0,179,0,0,21.61,8.8,0
1113.38,18,5,0,0,0,642,0,4,18.07,0.99,0
8178.54,11,5,0,0,0,76,0,2,10.31,4.11,0
931.36,22,7,0,0,1,329,0,3,14.01,8.52,0
4190.97,22,2,1,0,0,291,0,2,26.51,0.92,0
1972.72,14,3,1,1,0,197,0,2,15.91,5.16,0
2097.1,20,3,1,0,0,270,0,1,30.51,1.49,0
1142.83,15,0,1,0,0,578,0,2,18.13,7.88,0
1898.21,17,3,0,0,0,233,0,0,27.52,3.24,0
3674.8,5,2,0,0,1,399,0,3,15.97,5.36,0
4661.43,23,0,0,0,0,565,0,0,21.27,13.42,0
1595.8,4,4,1,0,0,322,0,1,11.82,4.54,0
3309.39,16,4,2,0,0,286,0,3,13.51,1.53,0
9254.61,14,4,1,1,0,112,0,0,23.35,7.11,0
635.39,2,3,1,0,0,330,0,0,19.08,7.58,0
3617.06,18,2,0,0,0,102,0,1,21.86,7.68,0
1341.68,1,2,4,0,0,400,0,0,11.56,2.31,1
1205.54,12,2,1,1,0,530,0,0,12.07,13.29,1
4788.93,19,4,1,0,0,323,0,2,13.91,2.1,0
2053.88,3,1,1,1,0,914,0,1,24.99,4.27,0
1014.71,8,2,0,0,0,388,0,1,21.27,5.16,0
14625.14,12,4,1,0,0,491,0,0,18.87,4.56,0
9567.18,22,4,2,0,0,303,0,0,26.93,5.35,0
478.7,9,3,1,1,1,436,0,3,21.09,6.19,0
774.22,2,3,0,0,0,916,0,2,19.22,7.37,0
6789.48,3,4,1,0,0,685,0,1,25.33,3.37,0
2699.66,4,4,1,0,0,770,0,1,25.68,1.65,0
17599.11,20,4,0,0,0,419,0,1,8.47,5.59,0
6954.56,18,3,0,0,0,194,0,0,18.08,1.84,0
4986.25,10,3,1,0,0,303,0,2,26.75,4.08,0
1245.19,20,3,0,0,0,116,0,2,27.69,0.43,0
6099.81,22,2,1,0,0,300,0,1,18.09,10.52,0
953.79,20,2,1,0,1,522,0,0,15.07,3.57,0
14335.68,0,5,1,0,1,310,0,2,16.21,8.69,1
5671.71,2,4,0,0,0,397,0,0,12.47,0.77,0
1531.39,17,2,0,1,0,920,0,2,17.9,8.45,0
8475.3,9,3,1,0,0,571,0,1,8.61,1.89,0
38315.17,3,0,1,0,0,887,0,5,20.5,5.77,0
2897.21,15,4,0,1,0,443,0,5,21.33,5.9,0
6489.46,8,4,1,0,0,354,1,1,18.05,6.02,0
2313.64,22,3,2,0,1,1026,0,1,12.68,3.7,0
3982.32,13,2,2,0,0,409,0,2,15.59,10.34,0
748.0,5,1,1,1,0,578,0,2,11.98,7.22,0
3638.93,22,5,2,0,0,337,1,1,19.57,5.34,1
3811.42,14,4,0,0,0,275,0,2,15.5,15.53,0
24075.44,7,2,0,0,0,755,0,2,15.66,1.77,0
552.94,3,4,1,0,0,242,0,0,25.49,4.43,0
2711.0,13,4,0,0,0,301,0,1,22.78,2.26,0
14080.18,17,3,1,0,0,91,0,2,26.09,7.57,0
2824.65,20,1,2,0,0,104,0,2,13.15,13.97,1
3041.46,3,7,1,0,0,396,0,4,37.36,7.35,1
1517.89,10,6,1,1,0,345,0,0,25.17,4.66,0
1367.53,23,2,0,0,0,414,0,0,22.22,10.76,0
535.31,15,3,3,1,0,672,1,3,19.81,1.79,1
1880.56,2,1,0,0,0,570,0,2,4.68,8.88,0
1288.43,22,4,2,0,0,426,0,2,13.63,5.61,0
4121.37,16,2,0,1,0,256,0,3,4.11,4.76,0
1592.32,11,0,1,1,0,221,0,2,27.07,2.32,0
2200.48,18,3,1,0,0,388,0,0,14.26,2.05,0
2264.67,15,5,0,0,0,510,0,2,21.92,13.64,0
3461.39,6,0,1,0,0,206,0,0,24.51,3.26,0
2090.28,19,3,0,0,0,390,0,1,11.1,12.38,0
1194.07,6,5,1,0,0,119,0,1,22.78,2.23,0
3984.05,5,7,0,0,0,222,0,2,6.43,1.48,0
11168.55,14,4,0,0,0,307,0,0,18.84,4.41,0
4166.74,0,3,0,0,0,184,0,1,31.0,12.89,0
1919.25,15,1,0,1,0,721,0,1,24.54,3.44,0
3199.33,13,0,1,0,0,337,0,2,27.92,12.56,0
422.77,17,3,1,0,0,174,0,0,6.4,0.78,0
3145.18,3,3,0,0,0,65,0,1,16.51,4.02,0
2391.38,13,5,0,0,0,160,1,1,13.96,18.84,1
1366.31,10,2,1,0,0,925,0,0,20.9,2.43,0
1652.92,4,5,0,1,0,236,0,1,7.79,5.05,0
2366.7,10,4,1,0,0,381,0,6,21.01,11.95,0
10322.5,22,3,0,1,0,509,0,0,17.12,5.71,0
11460.52,19,3,0,0,1,153,0,2,13.02,3.09,0
1373.98,3,3,0,0,0,92,0,4,19.85,5.5,0
2113.33,20,4,2,0,0,150,0,0,3.17,7.93,0
2170.65,13,4,0,1,0,343,0,3,22.33,4.47,0
8518.73,1,2,2,0,0,524,0,1,18.48,3.76,0
4241.96,22,3,1,0,0,145,0,0,27.38,12.04,0
4013.54,12,4,0,0,0,371,0,2,24.89,9.89,0
6393.75,21,5,0,0,0,125,0,3,12.17,1.64,0
1946.46,2,3,1,0,0,311,0,2,15.98,21.49,1
15246.13,4,7,0,0,0,60,0,2,12.41,1.54,0
3634.29,21,5,3,0,0,408,0,0,17.82,4.87,0
1482.21,5,8,1,0,0,548,0,3,21.08,13.09,1
2860.86,13,2,0,1,0,344,0,0,20.32,4.47,0
13273.5,14,2,0,0,1,639,0,3,20.24,22.69,1
2329.95,22,2,1,0,0,488,1,0,18.3,1.4,0
9867.83,8,1,0,0,0,465,0,1,16.94,7.32,0
1888.21,18,3,2,0,0,687,2,1,22.77,2.14,1
1629.54,17,3,0,0,0,560,0,2,5.93,10.73,0
7277.75,16,0,1,0,0,333,0,0,27.32,2.65,0
1454.37,12,3,0,0,0,496,0,0,5.52,1.54,0
8635.76,1,4,3,0,0,210,0,2,9.61,12.51,1
5266.95,6,1,2,0,1,280,0,1,29.63,10.86,1
1454.95,13,2,2,0,0,207,1,1,24.23,5.61,1
3377.82,9,2,1,0,0,229,0,2,11.03,5.91,0
2046.3,4,4,1,0,0,445,0,2,8.16,9.55,0
5252.32,16,4,0,0,0,256,0,0,14.9,5.99,0
26428.23,11,1,0,0,0,135,1,3,11.08,5.11,0
2467.01,18,3,0,0,1,492,0,1,24.66,1.15,0
6377.08,13,1,1,0,0,1020,0,2,17.06,3.96,0
3735.6,8,3,0,0,0,364,0,0,6.35,5.46,0
3734.09,2,3,2,0,0,278,0,1,23.6,4.74,0
3061.12,2,3,1,0,0,628,0,3,11.86,8.38,0
1479.87,12,2,0,0,0,948,0,1,16.14,3.3,0
5176.56,8,1,2,0,0,506,0,0,15.94,1.98,0
2688.72,17,3,0,0,0,2045,0,0,30.14,2.88,0
1408.05,15,2,2,0,0,329,0,3,12.15,2.89,0
10560.56,6,3,0,0,1,435,0,0,16.18,6.43,0
4039.84,18,3,2,0,0,478,0,3,14.29,1.78,0
2865.49,13,5,1,0,0,139,0,0,20.72,4.05,0
14869.38,21,1,0,0,0,401,0,3,22.39,8.08,0
529.6,22,1,0,0,0,367,0,3,18.17,12.61,0
13855.84,23,3,0,0,0,540,0,1,17.78,2.0,0
1444.91,3,3,2,0,0,507,0,3,23.1,8.64,0
4546.48,12,6,1,1,0,220,0,1,26.85,7.15,0
1963.6,0,3,0,0,0,402,0,2,21.4,12.66,0
1381.39,21,3,1,0,0,434,0,1,22.1,4.17,0
14466.35,16,4,1,0,0,137,0,1,15.85,6.16,0
25566.22,6,4,1,1,0,130,1,0,18.43,19.65,1
2886.25,14,0,0,0,0,654,0,2,13.62,8.98,0
5178.38,13,0,1,0,0,552,0,2,14.6,5.31,0
3865.48,13,0,1,0,0,208,0,2,17.24,10.28,0
22404.84,12,4,0,0,0,310,0,0,11.83,11.15,0
395.91,23,4,0,0,0,402,0,3,33.76,14.76,1
5409.87,18,2,1,0,0,1160,0,2,16.27,3.2,0
1696.83,9,2,3,0,0,494,0,3,18.61,16.84,1
306.81,18,4,1,1,0,93,0,5,18.88,2.39,0
2493.5,3,3,0,0,0,320,0,2,15.55,15.71,1
25347.9,6,1,0,0,0,185,0,2,24.34,7.39,0
1828.31,2,0,2,0,0,163,0,4,23.51,6.33,0
8352.4,21,1,1,1,0,460,0,1,16.6,7.87,0
12818.0,0,2,0,1,0,270,0,1,21.39,7.69,0
3592.73,21,5,0,0,0,209,0,0,25.71,4.58,0
4131.84,19,2,0,0,0,503,0,0,20.7,9.46,0
600.57,22,1,2,0,0,385,0,3,19.44,10.98,0
1716.47,18,2,0,0,0,995,0,1,29.89,7.4,0
9436.67,10,2,1,1,0,478,0,0,7.88,0.86,0
3880.48,19,1,1,0,0,938,0,2,29.46,4.62,0
5354.59,23,6,0,1,0,311,0,1,17.19,13.76,1
4187.32,21,3,1,1,0,341,0,3,13.76,0.83,0
36373.8,18,6,2,0,0,66,0,1,21.53,3.61,0
2316.83,18,1,0,0,0,244,0,3,27.7,4.43,0
19647.01,15,5,2,0,0,990,0,0,13.52,5.82,0
4188.84,21,2,1,0,0,296,0,2,17.9,4.95,0
21566.77,10,2,2,1,0,259,0,1,14.98,2.41,0
1006.04,12,4,0,0,0,183,0,0,19.87,10.08,0
4419.96,20,2,1,0,0,1030,0,0,7.43,7.53,0
2408.19,6,0,1,0,0,561,1,2,26.93,6.25,0
4215.17,18,4,2,0,0,632,1,2,5.56,3.24,0
13141.04,2,3,1,0,0,754,0,1,13.26,12.43,0
5419.45,14,1,2,0,1,214,0,1,20.79,2.53,0
13113.56,0,2,3,0,0,653,0,3,16.98,17.75,1
1801.31,23,4,1,0,0,69,0,2,18.17,12.69,0
1534.6,20,1,1,0,1,183,0,3,19.09,8.9,0
3703.04,5,0,3,0,0,67,0,1,20.32,6.5,0
3496.14,3,2,3,0,0,88,0,4,15.9,3.81,0
2995.44,15,1,0,0,0,137,0,1,31.76,1.59,0
1330.67,21,0,0,0,0,227,0,0,8.5,2.44,0
12817.72,7,2,1,0,0,388,0,0,22.95,15.41,0
2487.47,23,1,2,0,0,388,0,2,6.72,2.85,0
16274.94,10,4,1,0,0,766,0,4,21.21,5.3,0
3690.0,10,1,0,0,0,521,0,3,24.31,12.8,0
7192.9,8,1,1,0,0,1291,0,3,24.41,23.05,1
6539.36,6,2,0,0,0,149,0,2,9.47,14.78,0
1532.28,8,2,0,0,0,298,0,1,14.97,12.14,0
5353.81,4,2,0,0,0,358,0,2,22.72,9.73,0
27577.34,9,3,3,0,0,830,1,3,14.85,6.98,1
4741.9,6,4,1,0,0,363,0,1,16.49,5.3,0
9380.05,1,5,0,1,0,389,1,3,10.49,5.64,1
7539.68,8,4,0,0,0,645,0,1,13.37,8.34,0
5026.11,0,6,1,1,0,197,0,2,14.97,7.47,0
4428.44,4,3,1,0,0,516,0,0,12.92,8.21,0
6468.38,17,5,0,0,0,18,0,0,13.95,2.56,0
8114.81,0,3,1,0,0,67,0,1,25.35,3.64,0
880.27,7,1,1,0,0,251,0,1,17.52,1.47,0
4720.49,16,6,0,0,0,401,0,4,17.92,4.97,0
3001.05,0,1,1,0,0,233,2,2,20.02,0.9,1
2413.65,17,0,1,0,0,403,0,4,7.75,7.89,0
14196.67,1,1,0,0,0,321,0,2,22.74,5.89,0
1686.14,1,1,1,0,0,744,0,0,18.77,8.79,0
841.76,4,7,0,0,0,87,0,0,16.22,6.88,0
8395.93,20,9,0,1,0,546,0,0,35.66,7.01,1
819.41,1,7,0,0,0,394,0,1,21.92,3.66,0
480.9,2,6,0,0,0,315,0,0,23.71,9.4,0
9449.16,22,6,2,0,1,637,0,3,17.42,7.94,1
4301.24,14,3,2,0,0,559,0,2,21.78,3.48,0
5981.08,13,3,1,0,0,142,0,3,24.89,14.45,0
2288.04,0,4,0,0,0,254,0,4,23.23,6.68,0
850.97,9,4,1,0,0,735,0,1,13.17,5.99,0
1048.3,13,1,0,0,0,245,0,0,23.44,2.12,0
2735.86,12,2,1,0,0,12,0,2,16.98,14.73,1
957.17,12,1,0,0,0,172,1,3,13.03,3.49,0
5026.13,2,2,0,0,0,434,0,1,15.79,8.95,0
2240.42,23,7,2,1,0,246,0,1,14.47,11.5,1
4421.74,16,2,1,0,0,566,0,0,26.17,5.71,0
4285.13,5,2,0,0,0,434,0,0,16.87,7.83,0
5465.11,23,1,1,0,1,120,0,1,23.98,8.31,0
6151.53,7,2,0,0,0,607,0,3,10.32,3.15,0
2537.42,3,2,2,0,0,280,0,2,19.46,4.73,0
4416.79,21,2,2,0,0,223,0,0,11.32,7.53,0
4664.84,3,3,1,1,0,931,0,0,19.25,10.31,1
284.2,1,6,0,0,0,447,0,0,15.96,2.13,0
7178.55,15,6,2,0,1,178,0,0,15.88,4.96,1
4261.77,6,2,0,1,0,469,0,6,15.08,5.07,0
6583.04,3,1,0,0,0,489,1,1,11.21,2.83,0
942.76,2,5,0,0,0,144,0,0,22.27,1.77,0
2613.48,3,1,0,0,0,335,0,0,17.39,4.67,0
1157.36,23,1,5,0,0,294,0,0,13.05,4.84,1
7957.19,16,3,1,0,0,283,0,1,11.91,7.0,0
832.66,20,6,3,1,0,383,0,1,22.62,8.19,1
1373.22,14,5,2,0,0,141,1,2,12.1,2.37,0
6380.68,13,2,0,0,0,702,1,2,17.49,3.3,0
1880.24,5,2,0,1,1,432,0,2,18.37,4.54,0
1373.6,23,1,0,0,0,914,0,4,26.36,1.79,0
9433.81,19,2,0,1,0,693,0,1,22.28,7.37,0
9848.73,12,3,3,0,0,267,0,1,19.91,10.01,1
7771.16,2,4,0,0,0,624,0,3,20.29,5.2,0
8876.35,18,1,1,0,0,352,0,2,25.92,2.47,0
2855.04,7,3,0,0,0,511,0,0,23.15,1.15,0
2937.1,5,2,0,1,1,285,0,0,9.7,0.93,0
1843.67,17,4,2,1,0,287,0,2,14.5,4.72,0
4342.11,20,4,0,1,0,381,0,3,16.36,3.6,0
2091.65,14,2,1,1,0,367,1,1,6.9,7.37,0
2310.64,1,5,0,0,0,113,0,4,10.92,1.67,0
6835.57,14,2,1,0,0,479,0,1,11.98,4.46,0
12629.19,22,2,2,0,0,499,1,1,17.5,1.38,0
5531.27,16,3,0,1,1,537,0,1,22.26,7.52,0
23957.38,6,5,0,0,0,300,0,3,15.61,0.4,0
1735.77,15,4,1,0,0,43,0,1,12.37,4.34,0
528.54,5,4,0,0,1,279,0,2,20.19,4.17,0
7710.66,20,5,0,1,0,343,0,2,29.65,8.05,0
1619.02,20,4,1,0,0,1159,0,1,21.93,3.44,0
2731.55,13,5,1,0,0,439,0,0,20.36,4.34,0
567.77,3,5,1,0,0,221,0,2,6.0,6.76,0
1416.34,9,1,1,0,1,431,0,3,12.15,10.2,0
751.94,2,0,0,0,0,130,1,1,15.72,5.58,0
2307.64,18,5,0,0,0,403,0,1,13.22,2.0,0
2406.0,16,6,0,0,1,553,0,4,2.0,2.41,0
4001.64,6,1,0,0,0,255,0,0,16.02,3.47,0
13382.58,20,4,1,0,0,269,0,1,18.15,10.44,0
7411.23,18,4,0,1,0,812,0,0,15.78,2.1,0
662.96,22,3,0,0,0,156,0,3,19.15,16.1,0
6894.07,6,1,1,0,0,1002,0,1,13.93,2.08,0
4094.26,4,1,0,0,0,789,0,1,21.5,11.29,0
3285.53,11,4,0,0,0,493,0,1,23.3,11.28,0
3555.2,6,1,1,0,0,776,0,1,22.81,8.06,0
4513.28,17,2,0,0,0,259,0,1,13.26,2.69,0
1760.79,10,2,0,1,0,299,0,1,18.45,5.51,0
3006.5,15,5,3,0,0,91,0,3,17.73,22.14,1
12621.24,4,3,1,0,0,433,0,0,11.85,9.0,0
1738.71,2,1,0,0,0,430,0,1,16.41,2.89,0
1234.74,22,1,2,0,0,717,0,1,18.53,18.75,1
3412.52,10,4,3,0,0,245,2,2,24.4,5.78,1
1110.88,3,1,1,0,0,60,1,2,24.53,1.87,0
596.5,19,2,0,0,0,290,0,2,13.3,5.83,0
2535.91,3,2,0,0,0,429,0,2,18.38,2.08,0
16664.78,23,2,0,0,1,291,0,4,15.98,4.23,0
3496.32,9,1,0,0,0,35,0,3,13.22,1.08,0
4391.85,11,4,1,0,0,238,0,1,10.35,3.26,0
388.91,6,3,0,0,0,541,0,1,25.12,6.13,0
5767.72,2,3,1,0,0,768,0,3,19.65,5.43,0
4015.97,9,2,0,0,0,180,1,1,13.25,8.6,0
1811.37,8,1,1,0,0,60,1,2,18.44,6.26,0
4398.65,10,0,1,0,0,441,0,2,17.08,4.45,0
4353.03,11,2,2,0,0,297,0,2,13.73,2.78,0
1196.96,15,2,0,0,0,446,0,1,12.93,1.41,0
5158.73,1,2,0,0,0,463,0,0,16.81,12.55,0
12797.33,8,5,1,0,1,42,0,2,22.0,5.01,0
2865.97,20,5,1,1,0,252,0,1,23.1,11.19,1
1464.14,22,3,0,1,0,280,0,0,19.41,7.04,0
3021.6,12,2,0,0,0,632,0,2,22.6,1.24,0
8931.54,8,4,0,0,0,193,0,1,16.76,6.74,0
1004.62,9,3,2,0,1,1130,1,2,12.92,1.91,1
6684.1,18,2,0,1,0,532,0,2,16.53,6.66,0
1786.63,9,7,0,1,0,323,0,1,19.86,4.15,0
4694.59,22,6,0,0,0,835,0,2,17.79,2.84,0
2013.14,0,4,0,1,0,82,0,1,19.13,5.01,0
2007.47,14,6,0,0,0,132,0,2,12.19,6.34,0
18020.22,12,7,0,0,0,78,0,2,9.2,3.35,0
829.2,10,3,3,0,0,1353,0,2,20.25,9.65,1
6061.03,11,2,1,0,0,169,2,2,24.41,2.36,1
22424.08,3,5,0,0,0,168,1,4,13.37,15.21,1
7478.58,8,2,2,1,0,215,0,2,17.73,1.09,0
899.96,8,6,0,1,0,158,0,1,8.07,8.76,0
947.99,15,2,0,0,0,135,0,1,19.21,9.31,0
1653.74,14,2,0,0,0,453,0,2,36.72,5.48,0
4297.56,9,3,1,0,0,214,0,1,15.2,3.57,0
4615.8,12,4,1,1,0,178,1,1,17.84,5.16,0
957.88,13,5,1,1,0,353,0,3,26.87,4.49,0
1456.23,1,2,0,0,0,83,1,2,17.25,2.24,0
1553.0,21,3,1,0,0,198,1,2,18.59,11.63,1
3011.57,21,2,3,0,0,402,0,2,22.36,6.34,0
29258.64,8,0,1,0,0,134,0,2,13.99,6.65,0
1366.7,18,1,0,0,1,474,0,1,11.33,3.23,0
1305.31,9,4,1,0,0,972,0,0,16.68,9.77,0
1107.88,1,3,2,0,0,46,1,0,12.47,5.66,1
7096.25,20,2,0,1,0,499,0,1,3.78,6.24,0
3486.28,6,3,0,0,0,536,0,1,6.93,6.19,0
1420.78,8,2,1,1,0,525,0,1,12.17,3.93,0
2487.58,13,4,1,1,0,479,0,1,28.73,5.78,0
1585.91,10,3,1,0,0,148,0,0,20.37,7.56,0
4967.57,6,4,0,0,0,224,0,0,21.78,3.66,0
60997.94,19,6,0,0,0,372,0,1,22.88,4.1,0
6492.53,8,1,2,1,0,92,1,2,17.84,0.89,0
3302.26,14,0,0,1,0,634,0,3,10.91,7.08,0
1811.26,15,1,1,0,0,1196,0,1,11.37,4.42,0
888.41,22,0,0,1,0,933,0,1,5.49,4.18,0
7866.54,11,5,1,1,0,329,0,2,22.0,6.75,0
7430.3,11,3,0,0,0,185,0,2,6.96,5.55,0
2231.87,21,5,2,1,0,64,0,3,2.25,1.0,0
13016.86,11,1,1,0,0,494,0,1,8.71,5.19,0
3722.54,7,5,0,0,0,278,0,1,19.68,0.29,0
8213.21,1,5,0,0,0,403,0,0,17.39,1.87,0
4969.16,7,1,1,0,0,46,0,0,13.99,7.89,0
3023.01,4,1,0,1,0,254,0,1,11.19,4.37,0
1335.91,7,3,0,0,0,113,0,1,23.24,1.96,0
3124.99,12,2,1,0,0,364,0,0,20.11,12.28,0
8814.5,12,0,0,0,0,408,1,1,8.13,4.87,0
2135.5,4,2,2,0,0,507,0,0,18.72,4.49,0
5777.51,11,2,3,0,0,211,0,1,18.76,4.76,0
1168.09,10,2,0,0,1,629,0,1,23.39,9.75,0
8259.02,1,1,1,0,0,340,0,3,22.49,8.47,0
5057.3,6,3,1,1,0,488,0,0,17.81,7.84,0
1030.48,17,3,0,0,0,308,0,2,23.37,2.26,0
2877.81,0,3,0,0,0,209,0,3,24.5,3.88,0
9681.9,7,1,0,0,0,493,0,2,15.28,9.43,0
970.7,11,5,1,0,0,300,0,2,14.35,5.38,0
1182.64,3,3,0,0,0,728,0,0,24.47,2.75,0
3384.73,15,2,0,0,0,128,0,2,21.47,2.72,0
34200.56,17,6,0,0,0,195,0,2,8.76,10.81,0
1796.85,8,4,0,0,0,251,0,2,24.85,1.58,0
6124.41,5,4,0,0,0,631,0,2,22.4,1.99,0
4784.53,18,3,0,0,0,459,0,1,13.96,3.52,0
1960.6,5,2,1,1,0,424,0,2,25.27,5.98,0
4312.14,3,5,0,0,0,256,0,2,9.54,4.45,0
2275.09,0,2,1,0,0,569,0,0,9.75,9.43,0
2500.65,2,2,1,0,0,342,0,1,12.94,4.14,0
636.3,20,4,2,0,0,175,0,3,20.24,7.14,0
3548.72,22,2,0,0,0,415,0,2,20.8,4.83,0
9358.57,13,1,0,0,0,254,0,1,24.47,3.71,0
3867.24,22,4,1,1,0,180,0,0,23.76,13.05,1
11441.85,16,2,1,0,0,125,0,2,15.37,7.45,0
6696.52,9,3,1,0,0,455,0,2,22.0,13.24,0
3420.29,17,2,0,0,1,733,0,2,16.35,6.1,0
1883.11,10,5,0,0,0,238,0,2,12.98,4.15,0
2185.11,23,0,1,0,0,533,0,1,20.94,16.49,1
777.41,20,4,0,0,1,91,0,0,19.91,0.81,0
2750.58,20,2,0,0,0,746,0,2,12.89,2.16,0
4244.16,12,3,0,1,0,456,0,4,14.62,4.23,0
22052.74,12,2,1,0,1,472,0,1,18.28,4.09,0
6340.65,2,1,1,0,0,362,0,3,19.25,0.7,0
1468.36,15,3,3,0,0,135,0,0,15.51,9.82,1
803.25,2,3,0,1,0,809,0,2,18.87,8.84,0
2931.06,12,2,1,0,0,1128,0,0,32.0,1.96,0
8538.6,3,1,1,1,0,374,0,2,16.19,5.1,0
2888.1,11,3,2,0,0,313,0,1,20.61,15.84,1
6432.27,18,2,0,0,0,281,0,1,22.0,3.74,0
3010.37,7,4,0,1,0,323,0,2,20.04,1.03,0
7729.89,14,5,1,0,0,256,0,0,22.5,0.76,0
680.53,6,6,1,0,0,197,0,0,16.89,1.55,0
19621.7,7,2,0,1,0,305,0,1,21.03,7.28,0
1132.17,4,4,1,0,1,278,0,0,14.85,6.33,0
8378.46,3,1,1,0,0,532,1,1,22.09,3.3,0
2735.88,8,1,0,0,0,274,0,4,15.37,10.96,0
3224.01,2,0,2,0,0,592,1,0,14.47,5.36,1
2826.64,21,3,2,0,0,374,2,0,27.58,6.34,1
4761.82,17,2,2,0,0,534,0,0,16.29,11.4,0
5886.41,5,2,0,0,0,227,0,0,15.52,3.27,0
11062.09,21,1,1,0,0,1054,0,4,24.07,3.77,0
15968.07,8,1,1,0,0,133,0,0,14.11,6.19,0
5158.56,12,1,0,0,0,218,0,1,21.9,3.65,0
22012.33,16,4,1,0,0,450,0,0,15.98,1.24,0
4014.31,18,1,3,0,0,295,0,2,24.89,7.06,0
11285.93,0,5,1,1,0,278,0,2,7.43,14.25,1
5711.04,6,7,1,0,0,497,0,2,16.89,4.57,0
2045.37,8,3,0,0,0,508,0,1,7.2,4.87,0
4404.12,14,3,0,0,0,120,1,2,15.73,7.54,0
6175.41,20,3,0,0,0,524,0,1,16.83,11.76,0
3519.91,10,1,1,0,0,491,0,1,29.9,3.98,0
5616.7,11,6,0,0,0,428,0,2,6.52,5.84,0
9032.92,2,2,0,1,0,518,0,1,13.78,4.47,0
3552.68,12,4,2,1,0,600,0,3,27.5,9.88,1
165.49,11,1,0,0,0,179,1,1,23.35,6.6,0
21209.06,15,5,0,0,0,319,0,2,18.75,10.24,0
2663.85,20,0,0,1,0,655,0,0,25.43,11.77,0
1533.88,13,2,0,0,0,258,0,0,21.51,18.52,0
1118.43,1,3,0,0,0,470,0,1,12.04,5.7,0
2557.36,19,1,0,0,0,143,0,1,26.59,15.46,0
2016.49,11,0,3,0,0,216,0,5,14.14,3.49,0
1679.31,11,1,0,0,0,797,1,1,17.96,5.34,0
1778.93,20,3,1,0,0,331,0,2,17.14,14.12,0
6350.13,14,2,0,0,0,408,0,5,24.71,1.98,0
30695.82,18,3,1,0,0,431,0,2,19.3,2.98,0
8617.93,21,2,0,0,0,303,0,1,20.96,3.36,0
11833.95,11,4,0,0,0,337,0,1,18.96,2.77,0
2449.7,23,1,0,0,0,434,0,0,18.24,4.77,0
4063.9,4,4,0,0,0,135,0,1,16.63,10.02,0
5697.64,20,3,1,0,0,203,0,0,20.2,7.37,0
1821.59,20,2,1,0,0,520,0,4,8.17,8.09,0
2328.51,2,4,2,0,0,548,0,1,25.07,4.07,0
8930.96,3,4,0,0,0,136,0,1,21.81,2.29,0
11439.27,0,8,0,0,0,402,0,0,13.82,8.59,0
3908.0,6,2,1,0,0,292,0,1,25.46,9.66,0
1038.04,23,1,0,0,0,396,0,1,8.15,11.67,0
2669.45,2,0,1,0,0,233,0,1,21.82,1.82,0
801.59,0,2,1,0,0,274,0,0,29.07,6.33,0
3940.1,11,4,1,1,0,370,0,1,16.14,11.1,0
4760.81,8,4,1,0,1,639,0,1,13.62,7.98,0
2740.11,15,4,2,0,0,422,1,0,23.78,5.33,1
4692.86,14,0,1,0,0,267,0,0,9.31,11.1,0
5640.6,19,4,1,0,0,241,1,1,18.65,3.5,0
4768.11,9,3,1,0,0,1103,0,2,15.26,8.9,0
1031.11,11,1,1,0,0,714,0,2,13.97,0.96,0
2790.77,0,6,0,0,0,337,0,1,31.11,2.12,0
5598.95,23,2,0,0,1,340,0,2,20.99,8.25,0
19103.89,5,5,3,0,1,472,0,0,6.98,11.25,1
2736.62,14,7,0,0,0,320,0,2,16.97,8.92,0
6492.37,21,2,0,0,0,169,1,0,23.02,12.88,1
9155.04,14,3,0,0,0,61,0,0,29.03,4.72,0
2961.77,15,2,1,0,0,96,0,3,18.15,3.02,0
12159.04,4,2,0,0,0,313,0,2,13.26,3.43,0
12865.22,17,6,0,0,0,415,0,0,20.39,8.43,0
15512.54,4,3,0,0,0,256,0,0,17.77,7.13,0
5892.02,16,1,0,0,0,236,0,0,11.71,1.51,0
43396.94,13,2,1,0,0,60,0,2,20.37,5.83,0
1908.27,11,2,2,0,0,288,0,0,20.19,2.73,0
33869.88,17,3,0,0,0,354,0,2,21.26,3.08,0
8157.67,17,5,3,0,0,363,0,3,8.75,2.88,0
14874.55,4,4,0,1,0,248,0,1,8.64,5.4,0
2601.8,9,2,0,0,0,531,0,4,26.49,1.3,0
8836.96,11,2,0,0,0,533,1,2,18.51,0.89,0
16290.26,3,4,1,0,0,100,0,0,18.36,2.61,0
1162.44,8,4,2,0,0,407,0,1,15.1,5.47,0
3067.16,0,4,0,0,0,81,0,1,12.84,1.82,0
384.4,10,1,0,0,0,297,0,3,28.55,13.73,0
3019.21,4,2,0,0,0,536,0,2,7.9,16.04,1
1545.64,5,2,0,0,0,397,0,1,12.51,1.65,0
2896.75,19,1,0,0,0,134,0,0,25.38,4.1,0
78419.31,3,2,0,1,0,328,0,2,23.52,11.62,1
22107.97,2,3,1,0,0,226,0,1,6.47,7.15,0
803.18,7,5,0,0,0,445,0,1,10.04,3.06,0
6525.84,0,2,1,0,1,782,0,1,24.24,11.36,1
8424.32,20,2,0,0,1,1049,0,2,9.05,4.55,0
2553.47,23,3,0,0,0,361,0,1,15.49,8.79,0
4390.61,19,3,1,0,0,118,0,1,14.52,3.29,0
4864.8,19,5,0,0,0,296,0,1,26.64,3.71,0
885.42,2,4,0,0,0,502,0,1,16.74,5.53,0
1232.88,13,3,2,0,0,144,0,3,21.62,2.88,0
4362.98,2,2,0,1,0,297,0,1,8.07,3.2,0
4041.51,7,2,0,1,0,352,1,3,12.91,3.38,0
1730.23,11,2,0,0,0,724,0,1,31.36,8.11,0
1581.15,16,1,0,0,0,132,0,2,13.87,6.33,0
3313.41,6,4,0,0,0,101,0,0,26.6,12.06,0
9232.25,6,1,0,0,0,200,0,1,8.37,13.65,0
3359.98,19,1,0,0,0,159,1,3,11.6,14.2,1
20007.6,5,1,1,0,0,329,0,1,22.0,9.7,0
1753.53,11,3,1,0,0,728,0,0,12.94,5.76,0
4459.38,6,4,0,0,0,118,1,2,22.29,12.98,1
2509.88,20,6,0,0,0,155,0,0,16.25,5.8,0
6750.41,12,4,0,0,0,119,0,3,35.12,4.85,0
1602.52,2,5,0,0,0,455,0,0,17.03,2.57,0
27550.27,3,3,0,0,0,673,0,0,27.21,2.9,0
616.99,23,4,0,1,1,341,0,1,22.23,2.64,0
22054.11,22,3,1,0,0,253,0,0,18.13,0.42,0
4001.75,18,7,1,0,0,164,0,1,17.58,23.2,1
6503.18,1,3,2,1,0,824,0,0,16.39,9.82,1
14783.27,17,4,0,0,0,801,0,2,15.31,13.07,0
8960.17,15,3,0,0,0,568,0,0,19.26,5.96,0
1691.67,22,1,1,0,0,297,0,1,8.27,0.97,0
6836.93,11,1,1,0,0,516,0,0,19.66,10.94,0
25870.22,11,5,0,1,0,411,0,3,19.84,9.02,0
1434.17,15,2,1,1,0,147,0,3,12.75,7.4,0
33669.58,3,0,2,0,0,736,0,0,19.67,2.91,0
5458.82,17,10,1,0,0,284,0,1,15.08,5.57,0
2310.25,11,2,2,1,0,389,0,5,19.88,0.77,0
1425.17,4,5,0,1,0,622,0,0,28.78,0.37,0
2880.01,19,0,0,0,0,138,0,3,18.8,7.56,0
467.29,6,1,1,0,0,145,0,3,19.74,2.94,0
2354.29,20,0,1,0,0,720,0,1,19.7,7.91,0
2762.6,6,1,1,0,0,687,0,1,14.33,4.62,0
1178.34,11,4,1,1,0,336,0,4,20.58,7.9,0
7984.34,10,3,0,0,1,280,0,2,3.94,6.91,0
2893.71,17,4,1,0,0,106,0,0,13.3,3.88,0
1867.61,4,1,1,1,0,749,0,0,26.14,4.13,0
2587.38,5,3,1,0,0,359,0,2,22.23,3.42,0
5286.24,4,3,1,0,0,214,0,1,24.72,7.23,0
3931.92,5,0,1,0,0,58,0,2,7.92,6.91,0
1744.07,10,4,0,1,1,549,0,0,20.33,4.06,0
4154.45,14,4,0,0,1,1003,1,2,19.7,10.35,1
3452.28,20,0,0,0,0,337,0,1,12.64,6.55,0
1100.55,10,4,1,0,0,244,0,1,10.66,7.7,0
2689.39,9,2,0,1,0,962,1,1,15.72,10.05,1
6689.57,3,2,0,0,0,173,0,0,21.03,5.71,0
6639.19,2,3,0,0,1,1342,0,2,14.71,8.82,0
2859.89,18,2,0,1,0,774,0,1,15.74,4.04,0
7410.19,15,2,0,0,0,479,0,1,5.92,1.71,0
1301.21,12,3,2,0,0,214,0,2,8.61,3.94,0
1344.21,10,3,0,0,0,210,0,1,12.01,7.22,0
2796.66,12,0,0,1,0,868,0,1,5.05,1.91,0
17543.6,20,2,1,1,0,192,0,2,13.86,0.81,0
4321.74,4,6,0,0,0,766,0,3,18.07,9.07,0
2726.75,11,2,0,0,0,90,0,2,18.85,8.08,0
18422.81,5,3,1,0,1,197,0,0,19.51,3.46,0
2693.82,2,1,0,0,0,609,1,2,12.51,3.0,0
38042.91,16,1,1,0,1,870,0,0,16.86,10.52,1
2128.46,16,2,2,1,0,282,0,1,16.72,7.89,0
1258.51,20,2,0,0,0,270,1,0,30.71,5.56,0
3057.4,0,3,1,0,0,828,0,1,20.4,2.17,0
2803.04,4,4,0,0,0,87,0,2,26.93,11.84,0
1559.15,13,1,1,0,0,264,0,1,19.98,7.19,0
55942.12,19,3,0,0,0,120,0,4,15.25,1.12,0
5087.58,22,5,0,0,0,264,0,2,23.85,6.11,0
5928.12,18,3,1,0,0,398,0,1,23.12,8.51,0
2241.78,21,4,0,1,0,211,0,3,14.39,4.7,0
1985.14,19,2,1,0,0,301,0,1,14.97,4.97,0
10687.57,7,3,2,0,0,384,0,3,6.34,10.07,0
626.64,13,6,1,0,0,117,0,1,31.74,9.64,0
1096.62,15,3,0,0,0,204,0,0,12.72,4.44,0
2808.28,8,3,0,0,0,705,0,0,21.38,4.76,0
15041.97,21,4,0,0,0,115,0,1,19.61,3.78,0
2457.15,18,4,0,1,0,139,0,2,13.25,3.18,0
5636.16,12,1,1,0,0,447,0,0,20.61,5.51,0
3748.52,11,3,0,0,0,231,0,0,15.64,6.06,0
14201.05,19,4,1,1,0,253,0,1,26.87,7.38,0
689.55,5,3,1,0,0,467,1,3,21.42,7.71,0
7885.35,5,3,0,0,1,64,0,0,20.36,3.14,0
2954.71,9,3,0,0,0,127,1,3,27.47,3.61,0
9615.47,3,2,1,0,0,462,0,3,27.91,1.93,0
1540.33,10,3,1,0,1,142,0,2,28.37,2.37,0
3735.41,10,3,0,0,0,1450,0,1,33.79,2.62,0
3269.42,12,1,2,0,0,522,0,2,24.28,1.27,0
1270.85,11,1,0,0,0,867,1,1,23.57,5.54,0
949.15,21,3,0,0,0,366,1,2,22.13,4.67,0
1979.44,6,2,0,0,0,261,0,0,28.32,11.49,0
4173.16,9,5,1,1,0,192,0,2,18.54,4.73,0
1644.58,17,1,2,0,0,388,0,1,17.3,4.11,0
2574.53,6,1,1,0,0,301,0,3,25.82,3.75,0
502.66,15,7,1,1,0,729,0,4,30.45,4.21,1
2467.15,23,5,2,0,0,243,0,1,19.6,0.88,0
10665.46,9,2,0,0,0,593,0,2,24.43,5.64,0
7634.55,5,1,1,0,0,90,0,1,20.08,5.95,0
3323.36,4,4,1,0,0,83,0,0,23.59,5.47,0
4702.43,0,2,1,0,0,318,0,2,25.55,6.26,0
1525.88,6,3,1,0,0,232,0,1,8.63,6.4,0
20043.51,20,7,1,0,0,111,0,3,30.7,6.3,0
31925.19,6,4,1,1,0,152,0,0,14.09,3.29,0
4328.88,22,1,1,0,0,1138,0,0,25.15,10.39,0
55282.97,22,3,0,1,0,542,0,1,12.49,5.99,0
1782.56,16,4,2,0,0,165,0,1,19.16,10.13,0
978.84,23,0,3,0,1,71,0,1,31.26,3.59,1
1728.3,9,1,1,0,0,512,0,0,25.93,5.67,0
2891.51,22,6,3,0,0,579,0,2,24.97,2.05,0
41260.87,13,1,1,1,0,262,1,2,12.09,0.4,1
2710.21,1,2,1,0,0,389,1,0,8.65,2.45,0
1476.4,19,1,0,0,0,100,0,0,11.09,9.15,0
1417.45,22,4,0,0,1,527,0,3,6.62,15.77,1
12052.45,21,1,0,1,0,456,0,1,15.96,2.27,0
10375.13,10,9,0,0,0,151,0,0,18.52,4.46,0
2186.92,2,2,1,0,0,1102,0,1,21.85,0.14,0
507.97,14,4,2,0,0,151,0,0,17.36,12.03,1
1113.18,20,5,0,0,0,1090,0,1,20.93,5.95,0
22187.98,20,3,0,0,0,175,0,1,30.13,3.19,0
7504.43,14,2,0,0,0,318,0,0,24.15,1.21,0
3900.01,18,2,0,1,1,311,1,3,9.66,8.76,1
25907.16,0,7,0,0,0,326,0,0,34.3,1.53,0
28459.65,14,3,1,0,1,178,0,0,19.66,2.67,0
3506.11,2,4,0,0,0,353,0,3,11.17,13.51,0
3574.39,17,1,2,0,1,303,0,3,21.19,5.01,0
1976.04,1,3,2,0,1,174,0,1,26.37,5.16,1
2700.43,14,2,2,0,0,81,0,0,25.41,2.38,0
764.6,22,4,0,0,1,511,0,2,11.2,3.25,0
761.35,2,3,1,0,0,95,0,2,20.03,1.04,0
596.58,10,3,2,0,0,187,0,0,14.98,7.2,0
11367.96,0,7,0,0,0,619,0,3,21.51,2.68,0
706.64,17,5,0,0,1,437,1,2,19.18,4.09,0
28210.81,22,1,1,1,0,286,0,4,13.82,3.05,0
1691.05,0,4,0,0,0,514,1,2,15.38,3.06,0
22566.4,13,5,0,1,0,175,0,1,20.26,3.49,0
2481.68,19,4,1,0,0,520,0,0,14.22,9.98,0
703.1,0,2,0,1,0,565,0,3,20.83,2.1,0
14016.18,11,4,1,0,0,203,0,1,18.85,4.08,0
15866.4,3,2,0,0,0,177,0,1,9.95,2.41,0
1406.2,22,3,3,0,0,22,0,1,20.33,5.9,1
2570.27,12,2,2,0,0,312,0,0,22.49,0.31,0
1406.58,12,1,0,1,0,40,0,2,22.95,5.83,0
3208.14,23,2,2,0,0,380,0,1,17.28,2.79,0
4077.42,18,1,2,0,0,842,0,4,18.01,13.69,1
2517.57,7,3,0,0,0,663,0,1,31.89,10.45,0
539.24,15,9,2,0,0,693,0,3,7.73,8.54,1
1978.47,7,4,0,1,0,315,0,1,26.3,0.78,0
7621.24,12,1,1,1,0,814,0,4,21.67,4.84,0
2923.85,19,2,1,0,0,195,0,3,14.76,6.69,0
2581.66,22,3,1,1,0,230,1,0,14.59,11.76,1
1370.16,22,1,0,0,0,268,0,1,7.69,5.26,0
1918.78,11,1,0,0,0,802,0,1,14.63,2.47,0
15984.83,21,5,1,1,0,305,0,1,18.51,13.93,1
1100.19,21,4,0,0,0,387,0,4,24.63,9.25,0
7760.98,13,2,1,1,0,67,0,1,5.73,2.92,0
3825.36,0,4,0,0,0,520,0,1,14.28,0.96,0
4708.15,2,0,0,0,0,298,1,3,21.74,4.26,0
1687.54,15,2,1,0,0,38,0,1,26.15,1.94,0
2516.52,19,3,0,1,1,602,0,3,7.09,1.89,0
3619.15,21,4,0,0,0,294,0,0,17.56,6.86,0
2107.59,5,1,2,1,0,346,0,1,25.66,5.87,0
5156.45,21,3,1,0,0,367,0,0,21.08,5.17,0
5885.88,19,1,1,0,0,184,0,2,25.6,7.12,0
35644.21,11,7,1,0,0,502,0,1,22.82,3.67,0
4876.09,8,4,0,0,0,604,1,1,7.84,3.19,0
488.89,11,3,0,0,0,97,0,2,10.36,12.0,0
12347.02,16,4,0,0,0,1138,0,1,22.28,5.62,0
2939.33,19,5,0,0,0,288,0,1,14.1,3.14,0
30107.26,4,4,2,0,0,822,0,3,27.31,6.1,1
17059.64,8,1,0,0,0,998,0,3,20.29,15.03,0
2141.94,2,6,2,0,0,196,1,0,15.14,9.47,1
7769.79,22,3,1,1,0,324,1,1,14.69,3.15,0
1951.49,9,7,1,0,0,424,0,1,25.66,7.06,0
3651.25,6,1,0,1,0,883,0,1,15.09,6.39,0
7404.06,4,3,0,0,0,555,0,2,9.44,6.01,0
11715.29,1,7,1,0,0,683,0,3,14.75,12.7,1
9320.45,11,3,0,0,1,192,0,1,20.74,1.71,0
3939.22,18,3,0,0,0,48,0,1,16.47,5.28,0
49394.54,7,2,0,0,0,771,0,1,10.51,3.59,0
2481.77,9,5,0,0,0,674,0,0,14.15,5.78,0
673.47,15,3,2,0,0,329,0,4,16.13,10.35,0
824.33,8,5,1,0,0,354,0,4,2.64,3.87,0
17114.96,17,3,1,0,0,411,0,2,30.74,1.83,0
3359.39,7,2,0,1,0,233,0,1,16.19,12.81,0
4302.75,10,2,3,0,1,465,0,1,17.86,5.66,0
2059.77,23,4,1,0,0,616,0,1,20.02,3.89,0
2263.49,20,3,1,1,0,492,0,1,16.68,6.74,0
1593.28,13,5,0,0,0,801,0,2,11.67,6.99,0
5971.23,9,1,0,0,0,273,0,2,9.92,9.53,0
3287.07,23,3,1,0,0,661,0,0,18.72,11.17,0
5748.85,11,2,2,0,0,108,0,1,21.68,5.54,0
5199.98,8,5,0,1,0,1138,0,2,13.35,1.1,0
2328.15,14,5,1,0,0,236,0,1,17.38,2.21,0
787.08,9,2,0,0,0,560,0,1,10.65,3.55,0
718.32,21,1,1,0,0,1272,0,0,23.52,5.25,0
87376.72,5,2,0,0,1,372,0,1,19.53,9.39,1
17189.98,1,1,1,0,0,82,0,1,17.31,5.78,0
14871.35,10,4,1,0,0,311,0,3,22.9,1.25,0
1793.03,22,1,2,0,0,284,0,2,9.54,3.21,0
3677.49,1,4,1,0,0,295,1,2,12.48,1.36,0
1546.68,19,3,0,1,0,302,0,0,2.89,8.81,0
918.11,0,1,1,0,0,760,0,1,18.36,12.46,0
1962.13,13,3,0,0,0,145,0,3,9.66,5.27,0
14654.38,10,4,1,0,0,289,0,4,22.01,4.55,0
8802.43,3,0,1,0,0,156,0,0,19.18,1.11,0
1314.81,17,2,0,0,0,212,0,2,22.06,3.06,0
2616.11,4,0,1,0,0,634,0,1,13.22,4.73,0
7995.06,10,3,0,0,1,318,0,2,18.64,3.37,0
1999.16,13,4,0,0,0,231,0,3,15.68,2.03,0
3958.28,12,6,1,1,0,367,0,1,11.34,3.45,0
5552.15,0,2,0,0,0,357,0,2,14.18,0.67,0
5488.87,10,1,2,0,0,397,0,1,8.77,6.89,0
4754.53,15,0,1,0,0,181,0,1,15.77,10.88,0
1832.83,12,3,2,0,0,497,0,0,15.19,9.26,0
2041.57,17,1,3,0,0,433,0,3,15.07,14.35,1
1107.29,18,2,1,1,0,575,0,2,19.4,10.27,0
706.69,4,2,0,0,1,587,0,4,14.77,12.06,1
3227.66,19,1,0,0,0,107,0,4,17.55,1.13,0
8579.0,21,1,2,0,0,927,0,2,21.23,11.84,1
854.66,20,3,0,0,0,479,0,2,14.56,7.0,0
4849.46,20,1,0,0,0,593,0,1,12.47,0.41,0
8298.77,5,3,1,0,0,936,0,0,21.59,3.15,0
529.23,15,5,0,0,0,82,0,0,19.3,0.47,0
2740.48,10,4,1,0,0,269,0,3,24.35,4.46,0
20506.98,23,5,0,1,0,105,0,0,10.65,3.76,0
6499.87,19,2,1,0,0,372,0,1,22.49,8.08,0
510.82,3,4,0,0,0,64,0,2,23.37,8.4,0
7268.15,22,2,0,1,0,358,0,1,18.06,4.57,0
1660.5,16,4,0,0,1,401,0,3,17.09,3.74,0
7524.14,13,2,2,0,0,140,0,0,16.72,7.98,0
1764.13,10,3,5,0,0,337,0,1,13.17,8.46,1
3443.75,11,2,0,0,0,779,0,2,24.87,6.23,0
2070.57,18,5,0,0,0,456,0,2,19.44,6.44,0
3653.04,18,1,1,0,0,85,0,2,7.89,10.7,0
2006.92,13,3,1,0,1,567,0,2,18.9,2.48,0
2879.25,23,3,0,1,0,460,0,4,25.87,0.74,0
1059.57,5,3,0,0,0,499,0,4,13.02,10.66,0
6094.81,10,2,3,0,0,72,0,2,24.74,3.36,0
4376.7,14,3,0,0,0,282,0,1,25.46,11.57,0
666.9,3,1,1,1,0,995,0,1,11.92,6.44,0
10327.47,11,1,0,0,0,201,0,3,18.44,9.04,0
3025.7,20,3,0,0,0,870,0,0,13.43,7.0,0
4314.99,16,0,2,0,0,437,0,2,28.27,4.94,0
8125.72,17,6,0,0,0,641,1,4,25.07,9.84,1
5139.21,3,1,1,0,0,817,0,0,6.77,4.4,0
12375.37,3,4,1,0,0,725,0,0,11.68,8.06,0
2675.9,10,4,0,0,0,208,0,1,22.74,7.84,0
10787.58,7,2,1,1,0,162,0,2,24.49,2.39,0
4142.57,0,4,0,0,0,415,1,4,20.5,10.81,1
6204.41,13,1,0,0,0,707,0,1,13.73,0.69,0
5562.54,18,2,1,0,0,584,0,3,21.59,5.65,0
13396.74,17,3,1,0,0,228,0,2,20.59,7.67,0
7765.79,2,2,0,0,0,638,0,0,7.14,5.72,0
2286.8,18,1,0,0,0,254,0,4,21.84,2.66,0
1856.91,9,3,1,0,0,308,0,1,18.39,12.38,0
3455.62,3,5,1,0,0,193,0,1,19.07,4.12,0
1639.09,11,2,1,0,0,109,0,1,17.98,9.64,0
1206.16,5,0,1,0,0,480,0,1,17.95,2.21,0
389.77,16,5,0,0,0,488,0,1,25.81,4.53,0
715.71,17,2,1,0,0,98,0,0,23.59,1.57,0
29280.49,17,3,0,1,0,562,0,1,8.79,7.66,0
1827.45,2,4,0,0,1,36,0,1,16.33,8.65,0
26866.44,8,1,0,0,0,168,0,2,24.18,1.58,0
5559.77,11,0,0,0,0,960,0,2,18.11,3.7,0
3455.61,23,2,1,0,0,205,0,0,24.72,4.17,0
753.23,13,5,2,0,0,783,1,2,10.08,5.64,1
3658.84,15,1,1,0,0,301,0,2,28.87,4.29,0
26550.21,8,1,0,1,0,717,1,3,11.07,4.9,0
18685.79,7,5,2,0,0,355,0,3,17.35,3.24,0
4855.9,19,4,0,0,0,139,0,4,9.73,10.09,0
1089.96,20,3,0,0,0,500,0,2,16.86,4.87,0
1332.72,1,4,1,0,0,419,0,1,22.96,8.12,0
1487.39,12,2,2,1,0,469,0,1,18.86,7.14,0
13933.66,18,5,0,0,0,162,0,0,20.61,9.79,0
20197.35,3,3,0,0,0,641,0,0,14.24,11.17,0
4472.43,15,4,0,0,0,920,0,0,18.47,2.99,0
2648.54,11,1,0,0,0,817,0,1,6.97,4.35,0
18511.47,12,2,1,0,0,269,0,2,20.62,2.9,0
1303.1,14,3,0,0,0,132,0,0,21.56,11.04,0
3844.56,20,4,0,0,1,106,0,1,26.98,12.66,1
5920.13,2,5,0,0,0,254,0,0,17.71,10.3,0
1471.53,4,3,0,0,0,491,1,1,15.59,0.79,0
1867.38,8,4,0,1,1,503,0,2,15.98,3.4,0
1720.85,19,2,1,0,0,149,0,1,10.59,6.64,0
16115.93,14,1,1,0,0,745,0,2,17.8,9.68,0
27175.89,4,5,0,0,0,746,0,0,28.65,3.57,0
4107.35,0,1,0,1,0,896,0,0,28.06,3.62,0
2747.29,23,4,0,0,1,232,0,2,16.27,6.69,0
1939.46,3,2,2,0,0,602,0,2,23.09,15.56,1
3647.63,0,4,2,0,0,609,0,1,16.55,7.37,0
2043.19,9,0,0,0,0,847,0,3,28.2,3.0,0
3288.27,13,2,0,1,0,146,0,0,28.44,0.31,0
5618.92,6,3,0,0,0,182,0,1,24.65,10.07,0
2378.97,4,4,0,0,0,623,1,1,20.56,3.35,0
2983.74,2,3,0,0,0,632,1,1,13.46,3.15,0
2996.72,9,2,4,1,0,345,0,1,11.0,1.09,0
2608.57,22,1,1,0,0,426,1,1,10.32,1.3,0
2290.4,3,2,2,0,0,223,0,1,22.32,6.45,0
8105.57,13,4,0,0,0,580,0,2,16.07,5.62,0
567.21,4,4,0,0,0,887,0,2,10.55,3.0,0
19015.2,16,2,0,0,0,1015,0,0,31.18,5.12,0
4197.76,1,2,1,0,0,447,0,0,22.45,9.98,0
6908.57,4,4,0,0,0,712,0,3,18.96,4.37,0
7795.73,0,2,1,0,0,614,0,2,21.04,5.45,0
1731.14,15,2,0,0,0,1228,0,1,20.57,11.54,0
1393.99,17,4,0,1,1,124,0,1,14.95,3.51,0
1231.66,4,3,1,0,0,260,0,1,9.56,3.47,0
2808.99,10,1,0,1,0,120,0,1,19.85,5.12,0
7586.8,7,2,1,0,0,582,0,1,10.7,4.75,0
1972.49,1,2,2,0,0,519,0,2,14.7,6.27,0
6893.46,0,1,0,0,0,352,0,2,23.64,11.17,0
302.98,22,4,0,0,0,184,0,0,22.06,5.61,0
2428.8,15,3,1,0,0,615,0,3,26.01,8.87,0
12400.53,15,1,2,0,0,234,1,2,27.7,6.1,0
3042.64,7,1,0,0,0,301,0,2,4.23,5.34,0
1524.47,6,3,2,0,0,279,0,0,24.8,6.41,0
1826.79,19,3,2,1,1,766,0,0,19.76,6.4,1
151.5,10,4,0,0,0,341,0,0,24.91,22.99,1
1258.41,2,1,2,0,0,120,0,0,11.25,4.74,0
11049.09,11,3,0,0,0,327,0,1,10.29,3.59,0
1974.89,12,5,2,0,0,342,0,3,18.6,13.03,1
2235.52,13,0,0,0,0,253,0,1,12.25,12.99,0
314.69,12,3,1,0,0,677,0,1,15.84,7.23,0
656.96,20,2,0,0,0,229,0,3,13.0,5.57,0
12702.47,5,3,0,0,0,209,0,3,6.39,2.74,0
6961.56,14,3,0,0,0,1783,0,1,25.97,4.6,0
932.33,21,1,1,1,0,219,0,1,11.32,4.65,0
1877.88,23,2,1,0,0,21,0,0,17.83,5.29,0
3531.12,23,4,0,0,0,165,2,2,16.52,4.15,1
1036.98,17,4,1,0,0,172,1,0,11.51,6.5,0
443.92,2,8,1,0,0,319,0,3,7.36,4.24,0
3080.44,23,4,1,0,0,589,0,3,15.06,2.35,0
6642.47,0,7,0,0,0,141,0,3,10.73,0.88,0
6778.09,13,4,0,0,0,706,0,2,18.24,1.61,0
9127.06,10,10,0,0,0,259,0,1,11.68,14.45,1
712.49,16,2,1,0,0,131,0,1,26.95,5.08,0
3869.18,18,4,1,0,0,524,1,0,16.89,6.36,0
2746.62,17,1,1,0,0,499,0,1,10.27,3.55,0
3322.32,5,3,0,0,1,233,0,1,13.87,2.65,0
2915.01,18,4,3,0,1,176,0,2,15.32,7.41,1
1819.89,18,4,0,1,0,437,0,0,10.41,12.42,0
153.14,0,2,0,0,0,832,0,1,17.51,1.02,0
12331.6,15,5,0,0,0,405,0,1,17.76,1.13,0
5148.65,3,5,4,0,0,591,1,3,18.26,6.02,1
766.24,13,7,2,0,1,167,0,1,21.43,1.24,1
5983.66,5,5,0,0,0,174,0,1,14.8,8.14,0
2276.35,8,2,3,0,0,346,0,1,12.99,8.51,0
2345.09,6,1,2,0,0,414,0,4,11.25,16.84,1
1624.84,20,2,1,0,0,292,0,1,9.06,1.45,0
6398.23,21,1,0,0,0,454,0,4,17.87,13.68,0
1572.13,19,6,1,0,0,376,0,1,20.02,4.79,0
1150.93,17,4,1,0,0,673,0,1,13.58,2.74,0
11948.15,8,3,0,0,0,874,0,0,28.74,5.17,0
3017.47,3,6,0,0,0,229,0,0,14.45,6.67,0
3118.6,13,5,1,0,1,41,0,3,23.47,1.71,0
7533.29,10,3,0,0,0,96,0,1,25.66,4.13,0
1806.3,6,4,2,0,0,102,0,2,17.16,2.42,0
2227.06,5,3,1,0,0,256,0,2,25.31,1.41,0
5019.08,3,2,1,1,0,65,0,2,18.68,2.52,0
721.66,19,5,0,1,0,352,0,1,15.89,18.83,1
4592.38,7,1,1,0,0,636,0,1,12.71,1.27,0
1646.66,22,5,0,0,0,480,0,1,22.77,11.26,0
8939.6,16,3,1,0,0,364,0,2,11.56,11.34,0
6463.95,3,1,3,0,0,486,0,3,20.66,10.42,1
5626.69,1,2,3,0,1,256,0,0,19.4,1.04,0
673.64,9,1,1,0,0,407,0,0,12.16,11.36,0
3266.37,1,3,2,0,0,308,0,0,18.94,4.43,0
1057.72,22,3,0,0,1,296,0,0,8.92,9.05,0
3502.71,21,7,0,1,0,770,0,1,14.73,1.53,0
320.2,15,5,5,1,0,1125,0,1,22.28,10.47,1
722.07,7,2,1,0,0,90,0,1,25.63,1.85,0
12688.93,20,3,0,1,1,546,0,1,14.73,0.84,0
5364.22,15,1,1,1,0,306,0,2,14.22,0.24,0
2511.14,8,1,0,0,0,151,0,1,29.73,8.02,0
1402.23,21,1,2,0,0,690,1,0,26.25,2.76,0
1166.23,5,1,0,1,1,383,0,2,21.25,2.04,0
4492.5,13,4,0,0,0,153,0,1,21.09,3.59,0
2538.14,16,4,1,0,1,423,0,1,15.61,2.35,0
18471.41,21,1,1,0,0,314,0,0,25.55,5.05,0
2998.89,3,5,2,0,0,483,0,0,16.29,1.63,0
3872.5,6,2,0,0,0,820,1,2,21.2,12.32,1
847.31,20,3,1,0,0,383,0,0,21.51,1.0,0
2493.06,11,5,0,1,0,642,0,0,16.36,6.2,0
4384.54,18,7,0,0,0,25,0,2,20.48,6.13,0
2461.62,18,2,0,0,0,20,0,1,17.32,9.34,0
2186.57,7,2,0,0,0,337,0,1,9.17,3.56,0
5132.02,7,3,0,0,0,762,0,0,14.45,3.98,0
17864.39,11,1,1,0,0,483,0,1,6.83,8.06,0
4239.57,0,1,1,0,0,126,0,4,30.4,5.19,0
12105.26,19,3,0,0,0,136,0,5,7.86,5.08,0
6993.12,2,4,0,0,0,797,0,2,13.77,3.4,0
11368.15,22,2,1,0,0,177,0,0,12.97,2.39,0
1919.45,18,2,1,0,1,209,1,1,23.79,7.86,1
2929.91,8,3,0,0,1,215,0,4,12.68,14.89,1
2942.71,1,2,1,0,0,159,0,4,24.11,8.79,0
6461.33,18,0,1,1,0,976,1,1,11.14,6.65,1
8366.86,10,3,1,0,0,442,0,2,26.75,3.46,0
4151.85,4,2,1,1,0,165,0,5,20.62,6.32,0
9141.15,10,4,0,0,0,309,1,4,11.84,0.95,0
2015.26,21,2,1,1,0,258,0,2,15.33,1.27,0
9224.76,16,2,0,0,0,759,0,1,10.61,0.89,0
10578.72,16,3,0,0,0,469,0,1,14.74,1.12,0
7415.82,12,6,2,0,0,109,0,1,13.75,5.69,0
4191.77,3,3,1,1,0,410,0,1,9.14,11.89,1
7700.11,22,2,0,0,0,394,0,1,15.33,6.92,0
1424.1,17,5,0,0,0,45,0,1,9.28,3.26,0
4484.04,12,4,0,1,0,47,0,0,22.07,2.57,0
4991.72,17,4,1,0,0,137,0,3,20.56,1.61,0
901.45,8,1,0,1,0,1412,0,2,26.34,4.11,0
5992.8,17,2,1,0,0,203,0,0,18.89,5.97,0
981.16,23,2,0,1,0,140,0,5,27.25,6.86,0
2323.17,8,4,0,0,0,474,0,3,8.93,12.6,0
3796.17,0,4,0,1,0,345,1,0,15.35,11.46,1
1690.41,17,1,0,0,0,243,0,2,21.34,5.92,0
3970.64,20,3,1,1,0,462,0,2,13.69,5.25,0
3904.5,19,1,0,0,0,78,0,2,22.41,3.02,0
1538.88,23,2,0,1,0,212,0,1,7.46,2.9,0
6610.23,8,1,1,0,0,357,0,1,10.71,1.42,0
1632.12,22,4,0,0,0,900,0,2,13.71,5.94,0
40230.19,4,1,1,0,0,395,0,5,20.92,2.13,0
3245.57,14,1,1,0,0,381,0,2,28.23,1.34,0
1064.37,21,2,1,1,0,350,0,3,13.96,14.41,1
1295.23,21,3,2,0,0,565,0,0,12.7,9.98,0
12148.48,14,6,0,0,1,594,0,1,13.61,1.06,0
2369.4,13,6,3,0,0,106,0,0,16.58,6.25,1
869.61,11,3,1,0,0,1751,0,1,14.83,1.57,0
8923.1,20,1,1,0,0,165,0,0,20.19,4.7,0
2353.47,21,1,0,0,0,179,1,1,22.13,2.19,0
7230.7,5,0,0,0,0,407,0,2,21.53,3.69,0
9723.92,3,3,1,1,1,191,0,1,22.79,11.46,1
4857.05,19,2,1,0,0,627,0,0,23.47,5.91,0
45057.86,19,1,2,0,0,629,0,0,19.67,16.43,1
595.27,2,2,0,0,0,300,1,2,17.81,4.97,0
1542.49,11,3,1,0,0,376,0,1,11.71,3.53,0
2782.91,12,0,0,0,0,354,0,0,21.32,2.88,0
39113.86,1,1,0,0,0,239,0,2,15.88,9.96,0
24050.3,15,3,1,0,0,604,1,3,16.04,6.56,0
14088.66,23,0,0,0,0,258,0,2,21.73,12.65,0
1581.56,5,1,0,0,0,554,0,1,15.1,7.71,0
1787.56,18,2,1,0,0,1150,2,1,15.49,0.26,1
1525.4,1,6,1,0,0,885,0,3,10.49,5.31,0
1599.43,5,5,0,0,0,435,0,0,14.19,3.5,0
17454.27,13,3,1,1,0,399,0,2,16.67,9.0,0
2818.74,22,4,0,0,0,150,0,3,22.42,13.51,0
3238.7,21,2,1,0,0,523,0,1,20.23,5.83,0
8209.98,22,1,1,0,0,195,0,2,7.96,2.89,0
634.79,23,2,0,0,0,361,0,3,16.57,6.77,0
3847.88,19,2,2,0,0,731,0,2,17.24,7.26,0
1150.88,8,2,0,0,0,1016,0,4,8.15,4.52,0
2672.75,3,2,2,0,0,604,0,1,15.41,5.3,0
1966.99,19,3,0,0,0,566,0,3,9.2,3.5,0
1863.33,4,2,1,0,0,952,0,2,20.45,3.78,0
4614.05,12,1,1,0,0,416,0,1,12.91,6.32,0
4592.93,18,4,2,1,0,85,1,3,13.54,5.72,1
2890.51,0,2,0,0,0,350,0,1,16.38,7.08,0
5373.41,21,3,0,0,0,366,0,0,28.05,3.73,0
1462.58,7,4,2,0,0,232,0,3,13.94,1.59,0
7447.73,5,3,2,0,0,346,0,0,12.36,14.25,1
2932.15,8,3,0,0,0,565,0,1,24.87,12.87,0
2191.09,11,2,1,0,0,101,0,0,16.22,0.75,0
1580.51,10,8,2,0,0,622,0,2,13.54,2.58,0
2825.76,3,3,2,0,1,368,0,1,18.95,3.65,0
25956.34,4,3,1,0,0,851,0,1,19.33,7.85,0
3406.77,11,1,0,0,0,73,0,0,16.3,3.98,0
1094.85,5,1,0,0,0,342,0,0,13.4,6.18,0
9554.43,15,3,0,0,0,631,0,2,21.96,0.73,0
2218.25,21,8,0,0,0,243,0,2,18.83,4.51,0
4904.69,0,2,0,0,0,281,0,1,23.92,3.05,0
1927.65,0,1,2,0,0,495,0,0,19.18,5.25,0
13972.02,15,4,0,0,0,560,0,1,14.57,2.29,0
1958.05,0,3,1,0,0,570,0,1,18.41,2.1,0
15799.77,15,2,1,0,0,992,0,3,16.59,5.48,0
1209.88,11,2,0,0,0,123,0,1,14.54,4.84,0
2676.99,10,4,2,0,0,195,0,1,8.18,3.32,0
15835.28,14,0,1,0,0,137,0,0,14.65,13.92,0
4344.14,21,4,2,0,0,256,0,1,14.5,5.68,0
39538.86,3,2,2,0,0,258,0,0,22.21,1.37,0
2744.63,3,4,1,1,0,273,0,2,11.89,3.65,0
4769.01,16,2,1,0,0,29,0,2,18.13,7.13,0
26914.13,1,3,0,0,0,338,0,0,5.55,1.48,0
742.77,10,3,0,0,0,94,0,0,34.6,4.01,0
652.21,11,2,0,0,1,197,0,1,21.37,7.11,0
1579.27,9,1,3,1,0,191,0,6,15.63,3.4,1
8553.03,12,2,0,0,1,335,0,1,15.31,7.18,0
671.6,2,4,2,0,1,547,0,2,10.72,16.46,1
6815.14,6,1,0,0,0,403,0,2,17.35,6.28,0
6329.91,0,5,1,0,0,1631,0,1,13.78,2.73,0
30185.28,23,0,3,0,0,127,0,1,6.46,3.13,0
10913.54,19,0,0,0,0,676,0,5,20.09,15.35,0
5336.11,6,1,0,0,0,868,0,3,14.33,10.41,0
15170.22,0,2,1,0,0,639,0,1,25.79,3.19,0
6411.5,6,5,2,0,0,498,1,1,27.63,7.53,1
2246.05,22,2,1,0,0,760,0,0,28.24,6.53,0
1094.62,19,0,1,1,0,310,0,0,15.83,2.76,0
2002.53,15,2,1,0,0,913,0,1,9.9,2.36,0
3490.93,22,3,1,1,0,123,0,0,12.01,4.44,0
4375.47,4,2,1,0,0,520,1,2,23.09,4.62,0
386.85,12,2,0,0,0,492,0,3,30.87,7.82,0
2891.3,19,3,0,0,0,530,0,1,29.85,12.43,0
3751.87,0,3,0,0,0,766,1,2,12.65,4.29,0
6469.89,10,1,0,0,0,1017,0,1,14.27,12.23,0
20093.28,8,3,0,1,0,613,0,1,21.66,3.25,0
4424.6,4,5,0,0,0,594,0,2,20.52,3.54,0
1401.02,5,5,0,0,0,281,0,2,19.51,13.97,0
539.7,23,3,0,0,0,222,1,0,19.67,3.59,0
7490.28,12,1,0,0,0,393,0,2,17.29,3.08,0
1461.85,1,3,3,0,0,579,0,1,16.78,9.78,1
9046.91,16,0,0,0,1,532,0,0,12.61,12.17,0
15792.51,14,4,0,0,0,22,0,1,18.74,2.78,0
719.62,9,1,0,0,0,494,0,3,12.69,2.15,0
6513.21,9,6,1,0,0,361,0,0,21.56,2.12,0
14146.94,12,2,0,0,0,510,0,1,21.14,2.17,0
10614.66,22,3,1,1,0,202,0,0,14.33,5.63,0
402.95,18,6,1,0,0,1316,0,5,13.37,9.79,0
1485.74,9,5,0,1,0,719,0,3,15.04,4.61,0
949.38,5,1,2,0,0,314,0,1,16.41,5.65,0
6308.46,2,3,0,1,0,278,0,2,26.95,9.3,0
5619.47,4,3,0,0,0,572,0,2,4.26,6.73,0
214.26,3,1,0,0,0,366,0,0,24.62,12.87,0
2654.81,19,2,0,0,0,710,0,0,30.79,0.99,0
8440.15,13,6,0,0,0,390,1,1,11.63,8.66,0
4252.98,0,2,2,1,0,682,0,0,17.19,2.1,0
4245.35,22,2,1,1,0,638,0,5,16.48,9.23,0
2481.84,3,3,0,0,1,376,0,1,19.71,3.63,0
1197.64,15,4,1,0,0,157,0,1,9.88,4.95,0
3576.33,0,1,0,0,0,30,0,2,6.38,2.68,0
3845.65,14,5,0,1,0,676,0,2,18.88,1.99,0
6946.67,13,4,0,0,0,131,0,1,2.41,4.0,0
7565.28,21,0,2,1,0,312,0,1,16.61,2.71,0
3984.45,14,2,0,0,0,444,0,2,27.54,5.18,0
11494.84,11,1,0,0,0,766,0,0,17.44,5.56,0
2456.1,12,2,1,0,0,203,0,2,23.95,11.44,0
799.33,15,2,0,0,0,703,0,1,17.77,4.99,0
6008.36,9,1,2,0,0,453,0,1,20.63,6.73,0
4157.62,17,5,1,1,0,88,0,3,14.03,10.11,1
6135.08,12,3,0,0,1,413,0,2,22.56,4.24,0
965.19,23,4,1,0,0,156,0,1,24.94,6.97,0
23869.0,4,3,0,0,0,66,1,1,7.75,2.75,0
7677.33,17,4,2,0,0,745,1,1,17.27,4.18,0
2690.83,19,1,2,0,0,115,0,1,21.91,3.5,0
1363.45,17,1,0,1,0,214,0,1,14.4,5.17,0
11282.53,23,3,1,0,0,765,0,1,5.07,6.36,0
1144.98,10,4,0,1,1,577,0,1,3.01,2.02,0
39121.72,12,2,2,0,0,279,0,1,15.76,2.54,0
1912.44,3,2,0,0,0,293,0,4,13.36,2.46,0
22170.78,8,6,1,1,1,376,0,1,17.21,9.51,1
2999.8,3,3,2,0,0,90,0,1,22.98,12.0,1
19144.75,19,4,3,0,0,50,0,2,18.02,5.86,0
1683.09,18,0,1,0,0,405,0,3,28.07,25.0,1
3713.68,4,3,0,0,0,581,0,1,4.02,12.76,0
8475.94,19,5,1,0,0,122,0,0,18.73,4.87,0
7296.73,7,7,0,0,0,312,0,2,15.24,1.52,0
11565.71,17,5,4,0,0,723,0,2,19.46,8.08,1
2182.34,22,0,1,0,0,373,0,1,14.13,3.85,0
3980.05,19,4,1,0,0,591,0,2,17.6,6.07,0
13504.9,4,2,0,0,0,224,0,5,20.9,5.53,0
1736.25,4,5,2,0,0,425,1,2,16.7,7.85,1
6642.0,2,2,0,0,0,897,0,1,19.95,7.71,0
2892.52,20,4,0,0,0,219,0,1,9.45,3.71,0
4519.55,13,5,0,0,0,205,0,1,15.63,16.35,1
3978.97,3,3,0,0,0,250,0,2,17.09,0.76,0
1591.29,14,2,0,0,1,157,0,1,29.04,1.09,0
2769.08,12,1,0,0,0,303,0,0,26.3,7.0,0
4239.41,14,3,0,0,0,362,0,2,31.46,3.5,0
3268.67,15,2,2,0,1,621,0,1,14.5,3.88,0
18984.4,3,0,1,0,0,341,0,0,26.02,1.94,0
10513.9,9,4,0,1,0,382,1,2,15.29,2.74,0
4936.83,17,1,2,0,0,423,0,1,28.35,1.21,0
1633.85,21,3,1,1,0,231,0,0,20.16,4.66,0
1532.68,5,1,1,0,0,393,0,0,27.62,7.55,0
28926.16,13,1,0,0,0,109,0,1,18.61,8.19,0
1260.95,22,5,1,1,0,1259,0,2,20.9,25.0,1
4103.32,14,4,2,0,0,503,0,0,11.71,5.94,0
5318.76,5,2,1,0,0,602,0,0,39.3,5.16,0
2625.72,14,3,0,1,0,309,0,0,14.82,18.55,1
1271.16,0,3,0,0,0,119,1,1,7.66,10.67,1
1596.96,11,1,3,0,0,1023,3,1,29.89,11.92,1
2051.18,13,1,1,0,0,323,0,1,24.19,6.39,0
1728.54,1,2,2,0,0,291,0,0,2.0,1.24,0
14678.02,4,4,0,0,0,74,0,2,28.99,12.89,0
3606.23,23,4,0,1,1,318,0,0,12.1,1.82,0
2100.66,15,5,0,0,0,757,0,2,20.95,0.73,0
4073.7,11,3,0,0,0,191,0,0,17.78,10.59,0
7341.91,5,1,1,1,0,181,0,2,22.65,5.86,0
2535.51,2,3,0,0,0,364,0,0,9.17,2.66,0
9386.99,10,6,0,0,1,310,0,2,30.19,4.84,0
958.43,13,3,1,1,0,272,0,0,7.25,1.74,0
12454.89,4,4,1,0,0,194,0,1,19.88,0.88,0
3606.89,19,3,0,0,0,305,0,1,15.18,4.08,0
3461.95,10,4,4,1,0,563,0,2,12.19,9.68,1
1758.71,1,5,0,0,0,79,0,0,26.7,0.77,0
1003.01,3,3,0,0,0,771,0,1,11.65,2.76,0
632.7,20,5,0,1,1,668,0,1,14.56,4.64,0
1634.49,8,3,1,1,0,266,0,1,11.29,7.54,0
6748.37,8,5,1,0,0,632,0,0,11.6,6.01,0
1326.98,4,3,0,0,0,242,0,1,20.12,8.28,0
716.32,19,8,3,0,0,774,0,2,6.75,12.98,1
1401.76,19,3,0,0,0,253,0,3,17.27,4.86,0
2430.68,5,5,2,0,0,247,0,2,20.77,11.53,1
2533.16,17,3,2,0,1,31,0,1,14.66,17.58,1
3180.08,10,5,1,1,0,236,1,4,18.35,2.52,0
10766.95,4,3,2,0,1,198,0,3,17.25,3.48,0
13517.19,19,6,0,0,0,480,0,1,18.2,10.3,0
29903.64,1,7,2,0,0,347,0,2,20.13,9.57,1
661.06,20,3,1,0,0,316,0,0,17.4,7.27,0
1482.26,0,2,1,0,0,352,0,0,13.07,2.84,0
7581.07,7,3,0,0,0,1054,0,1,18.7,5.79,0
2260.33,5,7,0,1,0,183,0,1,14.55,0.8,0
8989.62,5,3,2,1,0,57,1,3,16.19,7.63,1
4525.44,11,1,1,1,0,303,0,0,22.57,4.98,0
19113.77,18,2,0,1,0,459,0,1,21.83,3.79,0
10881.85,9,3,1,0,0,115,0,0,14.09,4.61,0
11092.98,12,1,1,0,1,1561,0,2,14.47,7.22,0
2362.64,23,6,1,1,0,987,0,2,19.12,6.36,0
3286.79,11,6,2,0,0,707,0,2,18.71,21.23,1
2642.51,19,5,3,0,0,305,0,1,15.41,2.03,0
749.06,9,1,0,0,0,953,0,1,11.19,0.6,0
17074.78,1,2,1,0,0,274,0,0,20.09,8.57,0
7963.76,6,3,0,0,0,63,1,2,12.57,10.6,0
2534.42,3,1,0,0,0,382,0,1,23.83,6.76,0
14325.87,21,1,1,0,0,721,1,2,20.34,0.78,0
1878.28,0,3,0,0,0,215,0,2,11.81,1.25,0
528.46,19,0,0,0,0,567,0,2,15.7,9.3,0
10485.39,3,5,1,0,0,232,1,2,11.55,4.6,0
951.0,3,0,0,0,0,404,0,0,15.5,1.2,0
2964.42,12,3,0,0,0,64,0,2,14.1,9.64,0
4520.73,1,7,0,1,0,114,0,0,26.63,7.39,1
5457.46,1,3,0,0,0,260,0,0,14.78,4.8,0
8873.47,18,3,0,0,0,752,0,1,18.71,6.65,0
6700.21,1,1,0,0,1,101,0,3,22.97,1.83,0
6485.91,14,3,0,0,0,152,0,3,31.54,8.13,0
1587.17,2,4,0,0,0,270,0,1,30.35,13.81,0
4958.98,2,2,0,1,1,244,0,0,18.85,1.29,0
749.32,16,4,0,0,1,641,1,0,15.32,5.92,1
18774.31,9,3,2,1,0,694,0,0,9.92,4.43,0
834.9,0,4,2,0,0,490,0,1,15.01,10.1,1
2530.67,16,3,0,0,0,662,0,2,21.39,1.13,0
911.58,23,4,0,0,0,265,0,2,21.32,3.69,0
1691.42,13,2,0,0,0,655,0,0,15.45,6.93,0
3692.65,9,2,0,0,0,316,0,3,9.94,4.88,0
2089.76,20,2,0,0,1,14,0,1,12.78,12.43,1
12106.03,8,2,2,1,0,579,0,0,20.55,4.72,0
4620.44,14,5,0,0,0,372,0,3,4.73,0.73,0
2239.36,11,2,0,1,0,46,0,1,2.0,6.77,0
3164.46,17,1,0,0,0,474,0,0,26.65,19.24,0
13104.17,12,4,0,1,0,582,0,3,18.47,5.78,0
9455.15,11,2,2,0,0,689,1,0,22.44,5.34,0
1101.35,10,5,1,0,1,91,0,1,27.53,10.78,1
1781.69,7,1,1,0,0,271,0,2,17.53,4.76,0
5994.09,11,2,0,0,0,556,0,2,22.81,11.26,0
5276.59,1,0,0,1,0,354,0,2,28.78,1.28,0
1208.46,8,1,2,0,0,778,0,2,19.16,5.07,0
7995.09,1,2,1,0,0,104,0,4,13.27,6.34,0
1428.79,7,3,1,0,0,144,0,3,17.73,6.99,0
14314.35,8,1,1,0,0,299,0,2,18.18,9.56,0
6348.17,0,3,1,0,0,32,0,1,8.86,13.15,0
1109.29,7,3,0,0,0,34,0,3,28.34,3.64,0
2089.06,16,5,1,0,0,325,0,3,14.83,2.93,0
2051.27,23,4,0,0,0,480,0,4,25.31,11.5,0
4306.46,14,3,0,1,0,188,0,3,27.77,7.7,0
2939.0,17,1,1,0,0,794,0,0,21.78,3.28,0
1093.61,16,3,2,0,0,135,0,2,16.38,14.13,1
842.21,22,4,1,0,0,823,0,1,14.8,13.11,0
6479.99,22,1,1,0,0,494,0,2,7.75,2.8,0
4917.47,2,3,2,1,0,938,0,1,20.22,4.25,0
4067.62,11,5,0,0,0,346,0,2,11.86,1.37,0
4838.06,21,4,4,0,0,279,0,1,6.5,14.54,1
1901.0,21,2,1,0,0,374,0,2,25.39,16.45,1
4416.89,12,7,0,0,0,143,0,1,19.02,8.46,0
52335.53,10,5,1,0,0,689,1,2,15.27,8.01,1
12497.64,1,3,2,0,0,421,0,2,17.24,10.36,0
2689.66,11,1,0,0,0,297,0,1,20.73,3.85,0
2101.61,12,1,2,0,0,849,1,0,13.9,2.46,0
180.65,15,3,1,0,0,319,0,1,13.77,2.37,0
11182.76,12,2,0,0,0,171,1,0,10.14,11.08,0
8315.99,5,1,1,0,0,211,0,4,12.88,6.55,0
2056.95,23,4,0,0,0,151,1,1,9.93,0.81,0
809.73,5,6,0,1,0,1079,1,0,17.93,1.81,0
1082.44,9,1,1,0,0,653,0,2,23.84,3.57,0
5805.83,12,1,0,0,0,280,0,1,17.68,1.48,0
3314.93,7,3,0,0,0,243,0,0,20.85,4.56,0
7526.4,1,5,0,0,0,669,0,3,18.86,4.33,0
3986.88,14,0,2,1,0,176,0,2,16.15,7.48,0
10047.68,5,2,0,0,0,262,1,3,23.6,6.75,0
5367.16,21,3,1,0,0,1184,0,1,13.71,3.5,0
8692.67,19,3,0,0,0,101,0,1,8.55,6.43,0
405.79,10,7,1,1,0,225,0,1,19.41,5.11,0
996.19,11,3,0,0,0,216,0,2,18.86,7.08,0
2483.52,22,3,0,1,0,247,0,2,11.38,10.96,0
11311.18,0,1,0,0,0,181,0,2,21.81,6.24,0
26227.3,9,2,2,0,0,152,0,2,24.52,4.89,0
3064.23,1,0,2,1,0,339,0,1,26.38,3.41,0
1915.7,3,4,2,0,0,477,0,0,17.01,1.2,0
467.45,22,2,1,0,0,1229,0,1,22.2,9.19,0
9015.87,2,3,0,0,0,83,0,4,27.11,6.41,0
2043.26,22,1,0,1,0,380,1,1,18.48,11.43,1
81328.47,18,2,1,0,0,488,0,4,20.65,8.1,1
1675.1,15,3,0,0,0,78,0,0,14.1,5.14,0
33207.76,17,3,1,0,0,535,1,0,20.99,3.51,0
7988.72,4,3,1,0,0,405,0,1,26.72,5.93,0
1236.85,2,3,1,0,0,209,0,1,17.1,2.05,0
4645.95,8,3,2,0,0,578,0,0,27.16,3.35,0
8184.11,18,7,2,0,0,1170,1,0,19.22,4.95,1
2874.07,7,4,1,0,0,112,0,2,25.69,4.89,0
8776.93,4,3,2,1,0,147,0,1,27.24,3.78,0
8576.28,18,3,1,0,0,261,1,1,12.87,0.9,0
6810.05,15,5,0,0,0,347,0,0,14.77,4.21,0
3578.51,12,1,1,0,0,563,1,2,11.69,3.67,0
1060.31,9,2,1,0,0,39,0,2,17.57,0.08,0
3358.92,18,4,1,0,0,858,0,2,25.32,12.28,0
4380.28,17,3,0,1,1,684,0,2,8.36,3.08,0
507.83,8,3,1,0,0,779,0,0,22.38,7.16,0
4348.98,3,2,2,0,1,488,0,1,16.37,14.25,1
3289.07,20,3,2,0,1,347,0,3,19.53,11.59,1
933.13,3,2,2,0,0,305,1,2,22.07,6.33,1
2566.62,10,1,1,0,1,101,0,1,17.45,3.58,0
2624.28,21,4,2,1,0,414,0,1,21.84,9.14,1
27628.39,10,3,0,0,0,160,0,4,17.08,3.35,0
4587.65,19,3,0,0,0,44,0,1,23.03,7.55,0
10805.9,11,1,0,0,0,480,0,0,25.74,1.55,0
3217.29,17,3,0,0,0,224,0,2,16.53,3.66,0
508.97,14,4,0,0,0,1049,0,3,19.41,6.09,0
7375.79,6,3,1,0,0,487,0,3,16.61,6.25,0
1824.21,21,0,0,1,0,282,0,0,15.41,1.83,0
2559.63,11,3,1,0,0,778,0,1,14.69,1.9,0
1205.18,10,2,0,0,0,567,0,2,14.15,2.53,0
3930.05,15,3,1,0,0,84,0,0,32.38,14.72,1
11141.56,22,6,1,0,1,103,0,0,9.15,7.05,0
9695.09,20,5,2,0,0,548,0,1,18.12,0.4,0
19254.48,9,2,2,0,0,267,0,1,15.02,1.73,0
22344.99,5,0,1,0,0,987,0,2,9.46,5.22,0
424.89,7,4,1,0,0,525,0,0,21.42,2.81,0
1039.71,6,1,0,0,0,196,0,3,23.44,5.5,0
545.33,7,3,1,1,0,170,0,3,10.85,5.92,0
7069.37,10,6,0,0,0,706,0,1,12.61,1.6,0
1758.58,0,4,1,0,0,81,0,1,9.34,5.53,0
2178.43,12,1,0,0,0,483,0,3,23.57,4.81,0
2900.31,20,3,0,0,0,576,0,1,27.39,3.89,0
5440.9,10,3,0,1,0,103,0,2,13.99,13.95,0
765.41,1,1,0,0,0,109,0,1,11.6,2.86,0
970.87,9,3,0,1,0,600,0,3,16.31,12.93,0
3645.91,8,4,0,0,0,394,0,1,21.34,22.01,1
12818.99,14,3,0,0,0,562,1,4,28.05,14.63,1
3545.14,6,5,1,0,0,236,1,1,16.35,8.43,1
1585.66,7,5,1,0,0,191,0,0,6.69,1.97,0
381.6,17,2,1,0,0,698,0,1,15.5,5.98,0
9900.19,4,2,1,0,0,794,0,0,18.29,7.97,0
1681.21,22,2,0,0,0,576,0,0,18.31,1.92,0
1091.37,7,3,3,1,0,547,0,3,15.3,4.3,0
601.19,19,4,1,0,0,59,0,2,21.34,18.18,1
803.47,1,2,0,1,1,337,0,1,21.61,10.54,1
1327.07,7,3,1,0,0,265,0,1,20.12,8.62,0
2833.33,9,4,4,0,0,542,0,4,21.68,8.31,1
1023.33,10,4,1,0,0,221,0,1,22.16,1.2,0
4424.86,2,0,0,0,0,1287,0,0,22.16,6.35,0
2810.82,5,7,0,0,0,139,0,2,23.37,7.47,0
37537.36,21,4,1,0,0,294,0,0,10.22,6.67,0
608.1,22,5,3,0,0,104,1,1,11.4,2.95,1
4313.71,10,3,0,0,0,109,0,2,22.13,3.78,0
4370.82,2,2,2,1,0,255,0,0,13.08,0.82,0
1233.87,6,1,0,0,0,714,0,2,10.42,2.62,0
4023.93,22,3,1,0,0,727,1,0,17.1,6.67,0
8168.77,22,5,1,0,0,414,0,2,17.22,2.18,0
4029.17,19,5,1,0,0,366,1,0,17.48,4.31,0
15579.11,20,0,1,0,0,762,0,0,18.87,8.81,0
369.97,17,2,3,0,0,497,0,0,13.63,6.34,0
1503.66,14,3,1,1,0,244,0,2,18.05,11.05,0
17133.81,18,6,3,0,0,183,0,0,16.5,3.06,0
9486.53,15,2,0,0,0,182,0,3,18.92,1.92,0
6422.34,8,4,0,0,1,504,0,1,11.5,4.42,0
13291.45,15,5,1,1,0,416,0,0,27.35,8.03,0
486.68,7,4,0,0,0,470,0,3,17.55,18.52,1
8395.0,15,3,1,0,0,199,0,4,17.59,1.76,0
11132.11,9,2,1,0,0,14,0,0,20.97,5.06,0
1823.23,11,3,1,1,0,81,0,1,27.81,24.57,1
57566.67,4,3,1,0,0,353,0,2,12.35,4.56,0
4474.57,22,6,1,0,0,154,0,0,16.18,4.35,0
364.16,17,0,0,0,0,297,0,2,17.3,7.08,0
5433.48,2,4,0,0,0,159,0,4,25.28,7.26,0
1709.83,11,4,0,1,0,343,0,1,19.55,1.15,0
12372.67,10,1,0,0,0,467,0,0,26.68,2.88,0
6472.65,21,2,0,1,0,645,0,0,13.91,7.0,0
1943.38,18,1,0,0,0,437,0,1,13.39,8.83,0
17633.83,21,3,2,0,0,259,0,2,17.74,2.27,0
9763.67,11,1,1,0,0,195,0,1,20.98,16.1,0
1526.43,3,3,1,0,0,359,0,0,26.98,2.1,0
3103.71,17,2,2,0,0,843,0,1,10.88,1.06,0
6265.18,5,0,1,0,0,461,0,1,21.2,1.66,0
2483.75,15,4,0,0,0,533,0,5,10.04,5.57,0
2562.86,9,1,0,1,0,313,0,2,20.43,0.27,0
3784.09,8,3,1,0,0,383,0,0,16.44,3.66,0
1189.05,2,2,1,0,0,445,0,1,18.55,7.71,0
349.18,19,2,3,1,0,64,0,1,18.19,13.08,1
4680.18,16,4,1,1,0,377,0,0,25.0,6.89,0
451.08,8,3,0,0,0,33,0,1,6.39,1.77,0
1283.45,17,2,1,0,0,771,0,1,16.6,10.89,0
566.7,23,3,0,1,0,718,0,2,9.42,6.46,0
644.92,17,3,1,0,0,506,0,0,19.85,5.09,0
5696.87,22,4,0,0,0,162,0,0,16.16,3.32,0
2882.97,11,2,0,1,0,606,1,2,8.33,7.53,0
2775.76,9,4,0,0,0,529,0,3,13.28,17.41,1
914.43,20,3,2,0,1,805,0,1,5.19,3.25,0
1828.7,15,0,1,0,0,480,0,1,6.19,6.73,0
5406.07,14,4,0,0,0,656,0,1,22.27,3.26,0
3447.17,15,6,2,0,0,411,0,2,22.66,2.88,0
8636.98,23,0,1,1,0,152,0,2,15.15,8.48,0
10030.11,16,4,0,1,0,465,0,2,11.11,1.11,0
2793.83,19,5,1,0,0,490,0,0,24.26,12.95,0
520.68,0,0,1,1,0,470,0,0,23.65,4.49,0
1645.04,17,3,0,0,0,144,1,1,12.74,6.65,0
3286.0,7,0,1,0,0,710,0,3,15.09,1.49,0
1611.13,2,0,1,0,0,504,0,0,17.83,15.75,1
1203.09,6,2,1,0,0,375,0,0,17.81,8.27,0
3917.62,19,2,1,0,0,43,1,1,16.49,2.39,0
46714.89,19,4,2,1,0,376,0,3,17.36,6.92,1
2180.7,7,4,2,0,0,452,0,1,16.61,7.49,0
3630.24,4,2,1,0,0,649,0,1,16.57,6.28,0
918.15,10,6,0,1,0,964,1,3,20.64,3.18,0
13434.36,7,4,0,0,0,429,0,3,7.84,1.31,0
9122.33,11,5,2,0,0,73,1,1,13.81,3.32,0
8484.71,18,1,2,0,0,355,0,1,16.02,4.89,0
15180.78,7,2,2,0,0,663,0,0,16.55,5.96,0
2324.57,4,0,0,0,0,1170,0,1,34.55,4.86,0
2650.39,2,4,0,0,0,90,0,2,18.13,6.93,0
21924.77,16,2,2,0,0,248,1,0,28.11,13.05,1
7075.3,4,2,1,0,0,588,1,1,19.13,5.02,0
354.18,5,4,0,0,0,513,0,1,12.07,6.02,0
5869.72,19,0,2,0,0,479,0,1,18.97,2.32,0
1976.77,2,3,0,0,0,435,0,1,17.76,6.67,0
9349.52,15,1,1,1,0,266,0,2,12.35,1.07,0
5589.25,0,3,1,0,0,548,0,3,17.62,4.86,0
585.48,22,2,1,1,0,501,1,0,14.15,11.58,1
4828.41,17,3,0,0,0,589,0,3,19.91,6.23,0
4542.17,19,3,3,0,0,417,0,2,22.31,9.45,0
5332.82,15,2,0,0,0,1314,0,2,16.7,18.67,0
6662.87,9,5,0,0,0,121,0,2,18.66,2.53,0
17514.15,23,6,4,0,0,169,0,1,23.56,3.6,1
5622.79,18,0,1,0,0,332,0,3,22.3,5.61,0
3729.55,2,0,1,0,0,236,0,1,18.05,5.07,0
12153.42,13,1,0,0,0,681,0,1,15.28,11.78,0
38364.11,13,6,0,0,0,173,0,0,12.75,6.01,0
9516.9,6,4,0,0,0,102,0,1,13.44,4.7,0
4521.13,10,4,0,0,1,325,0,1,13.42,15.12,1
5733.93,23,3,0,0,1,83,1,0,21.86,3.66,0
4764.01,2,3,1,0,0,529,0,4,19.45,20.29,1
3712.44,22,2,0,0,0,639,0,1,23.23,1.47,0
35363.28,16,1,0,0,0,252,0,2,7.97,13.89,0
1658.21,2,5,0,0,1,589,0,3,17.45,1.75,0
12242.28,7,2,0,1,0,702,0,5,27.63,8.5,0
3190.24,20,5,0,0,0,778,0,1,20.71,5.7,0
769.36,16,3,1,0,0,37,0,1,12.3,2.81,0
2987.72,1,4,0,0,1,520,0,4,15.85,7.04,0
2050.6,3,6,1,0,0,457,0,1,24.21,5.38,0
6677.21,22,4,1,0,1,467,1,1,9.76,5.05,1
4007.27,3,3,0,0,0,780,0,2,16.47,3.55,0
1244.98,14,3,1,0,0,965,0,1,22.64,22.76,1
17061.13,23,4,0,0,0,446,0,1,21.21,6.11,0
11437.36,3,3,0,0,0,304,0,3,15.89,4.99,0
19251.77,1,2,2,0,0,665,0,1,12.2,7.28,0
4669.53,19,4,0,0,0,597,0,0,23.27,1.9,0
3506.87,22,1,1,0,0,359,0,1,18.59,16.11,1
7621.58,12,4,1,0,0,336,0,3,8.66,6.34,0
1985.55,5,0,0,0,0,278,0,0,10.99,1.42,0
4173.72,1,2,0,0,0,221,0,1,9.27,13.12,0
3027.64,21,3,2,0,0,209,0,1,22.23,2.07,0
785.18,19,7,1,0,0,408,0,2,20.7,5.31,0
4162.32,21,4,0,0,0,287,0,0,25.36,12.44,0
2291.55,18,1,0,1,0,376,0,1,12.81,7.72,0
2822.34,10,6,0,0,0,185,0,3,17.08,2.71,0
5334.63,11,4,0,0,0,444,0,2,7.0,1.79,0
13851.65,9,4,3,0,0,531,0,1,14.33,5.94,0
1493.37,17,3,0,0,0,545,0,0,13.97,1.37,0
2557.06,2,3,1,0,0,163,0,1,21.61,3.64,0
1630.53,0,2,1,0,0,400,0,3,29.09,2.14,0
1522.81,23,1,1,0,0,374,1,0,29.38,11.25,1
1950.23,7,2,0,0,0,308,0,2,7.71,1.0,0
2962.32,0,3,2,0,0,342,0,1,13.84,7.78,0
6735.62,16,3,1,1,1,498,0,3,22.29,14.36,1
5097.31,9,2,2,0,1,527,0,2,12.51,6.07,0
1200.27,5,2,2,1,0,534,0,2,7.08,8.47,0
14169.8,10,1,1,0,0,183,0,2,13.37,9.07,0
9814.66,10,2,3,0,0,926,0,2,29.21,4.01,0
1413.4,14,4,2,0,0,634,0,1,24.26,16.54,1
13164.99,22,3,0,0,0,159,0,0,21.75,8.72,0
5132.18,21,2,0,0,1,182,0,3,14.64,7.81,0
3089.37,19,0,1,0,0,245,0,2,19.34,5.37,0
5302.77,11,2,0,0,0,542,0,1,19.18,1.21,0
3543.75,13,4,1,0,0,226,0,1,23.68,3.7,0
6453.21,3,3,0,0,0,62,0,2,19.72,0.4,0
4432.33,13,4,1,0,0,799,0,2,15.56,1.37,0
2554.73,16,1,1,0,0,218,0,5,24.93,2.43,0
433.93,21,3,0,0,0,871,0,1,18.71,3.01,0
6333.08,1,3,0,0,0,645,0,3,8.62,16.71,0
2459.37,20,2,1,1,0,1122,0,1,16.67,5.16,0
8240.73,12,2,0,1,0,504,0,1,17.75,5.37,0
6037.58,2,4,0,1,0,281,0,1,31.44,1.77,0
2527.42,23,1,1,0,0,499,0,2,17.53,3.84,0
10658.76,11,2,0,0,0,987,0,3,15.95,12.46,0
4514.65,9,3,0,0,0,247,0,2,15.85,4.82,0
4323.52,4,3,2,0,0,384,0,1,11.7,6.95,0
3149.45,1,6,0,0,0,258,0,0,18.64,1.86,0
21327.09,1,2,0,0,0,522,0,1,20.16,7.42,0
1721.7,6,5,3,1,0,184,0,1,21.48,4.37,1
2594.61,7,3,0,0,0,260,2,2,16.23,7.16,1
993.07,11,2,0,0,0,149,0,5,12.51,4.17,0
7809.28,14,1,1,0,0,864,0,2,9.4,0.9,0
1975.83,23,3,0,1,0,1220,0,4,12.78,3.96,0
2222.67,19,2,0,0,0,645,0,1,16.34,3.87,0
2115.86,11,0,1,0,0,619,0,3,13.66,4.13,0
3888.81,21,4,1,0,0,291,0,1,16.38,5.75,0
979.17,13,3,0,0,0,135,0,1,24.73,2.7,0
345.36,10,4,0,0,0,97,1,1,27.97,5.85,0
5887.51,5,4,1,0,0,1074,0,0,19.19,10.58,0
395.74,10,0,1,0,0,296,0,2,25.69,6.45,0
8927.08,0,7,1,0,0,411,0,3,17.12,3.91,0
18703.28,3,1,1,0,0,520,0,4,23.29,11.23,0
3064.27,22,1,1,0,0,524,1,2,29.07,12.96,1
14249.36,4,7,0,1,0,506,0,2,19.76,9.13,1
3549.39,13,5,2,1,0,279,0,1,9.82,3.36,0
19520.16,2,3,1,0,0,610,0,0,11.41,10.95,0
2255.15,14,0,0,0,0,374,0,1,6.6,1.16,0
303.95,23,3,1,0,0,451,0,4,13.86,4.6,0
3347.91,10,2,1,1,0,140,0,1,21.92,15.16,1
21880.72,3,1,0,0,0,296,0,1,20.43,4.63,0
6385.06,0,5,0,0,0,183,0,2,17.73,5.67,0
2119.45,18,2,1,0,0,102,0,1,28.46,1.9,0
5142.77,2,11,1,0,0,278,0,1,19.12,5.38,1
10093.84,7,3,1,0,0,343,1,3,13.79,4.68,0
3327.92,20,1,0,0,0,132,0,0,15.39,11.32,0
57394.83,12,2,1,1,0,324,0,2,18.92,7.9,1
2114.79,20,6,0,0,0,461,0,3,23.81,1.64,0
10432.03,20,5,0,0,1,39,1,2,28.87,6.08,1
8103.36,15,1,1,0,0,430,0,2,24.3,6.68,0
1746.17,22,5,2,0,0,330,1,2,21.02,5.28,1
2331.66,0,1,3,0,0,113,0,2,23.81,3.08,0
10604.18,5,8,0,0,0,726,0,1,9.58,3.38,0
4238.77,6,3,1,0,0,582,0,1,17.12,4.44,0
5192.52,21,2,0,0,0,76,0,0,9.46,13.68,0
653.43,14,5,0,0,0,444,0,1,24.12,8.18,0
7250.3,6,1,1,0,1,835,0,1,15.48,8.48,0
4922.94,5,6,0,0,0,353,0,1,10.12,2.11,0
3404.64,19,3,1,0,0,237,0,2,12.48,3.16,0
5318.45,20,2,2,0,0,404,0,1,29.82,2.32,0
2369.23,0,2,0,0,0,290,0,3,9.17,6.5,0
1955.7,8,4,0,0,0,341,0,0,16.11,7.47,0
2824.31,12,5,0,1,0,90,0,2,15.27,7.18,0
2236.32,5,0,0,0,0,319,1,0,20.62,4.79,0
35938.2,17,2,0,0,0,399,1,1,24.2,4.49,0
9484.98,18,2,0,0,0,400,1,0,13.45,8.67,0
1316.99,20,0,0,0,0,1561,0,3,26.06,5.66,0
30887.62,18,2,1,0,0,152,0,1,30.03,6.77,0
2311.15,20,6,0,0,0,511,1,5,20.8,7.76,1
3755.32,8,6,2,0,1,115,0,2,14.79,14.47,1
9342.12,7,4,1,1,0,135,0,1,17.74,2.34,0
460.13,7,5,1,0,0,326,0,1,18.18,8.07,0
2838.76,20,6,0,0,0,717,0,2,12.8,10.3,0
1994.2,15,4,0,0,0,221,0,3,18.32,4.08,0
4515.78,7,1,1,0,1,183,1,0,7.05,14.51,1
5369.83,17,6,0,0,1,332,0,3,30.04,4.34,0
3357.25,5,2,1,0,0,348,0,0,20.92,4.97,0
3197.65,6,4,1,0,0,964,0,2,20.44,15.17,1
11141.01,0,4,2,1,0,314,0,1,19.06,2.16,0
4996.84,23,2,1,0,0,103,0,0,9.11,0.23,0
3802.81,5,1,0,0,0,425,0,3,22.6,7.23,0
4252.51,18,4,1,0,0,91,0,0,17.25,10.32,0
25026.32,2,4,0,0,0,724,0,1,15.01,1.25,0
4364.71,0,2,1,0,0,437,0,4,14.45,3.37,0
2121.39,16,1,2,0,0,849,0,0,12.03,3.44,0
490.56,2,2,1,0,0,394,1,2,15.41,15.72,1
807.84,3,3,1,0,0,155,0,1,16.04,2.3,0
2229.7,7,5,0,0,0,834,0,2,13.03,19.53,1
3249.33,14,2,0,0,0,123,0,2,24.32,2.34,0
2031.64,0,3,0,0,0,610,0,6,24.39,8.32,0
5264.29,3,2,2,0,0,46,0,1,25.29,17.8,1
2004.33,8,0,2,0,0,195,1,3,17.71,4.51,0
1393.8,16,1,1,0,0,817,0,2,17.76,12.24,0
6927.65,2,1,2,1,0,1080,0,4,2.01,9.25,1
15334.56,6,2,1,1,0,354,0,1,18.6,5.31,0
1138.51,4,2,0,0,0,117,0,2,17.8,20.15,1
4702.74,7,6,1,0,0,661,1,1,13.42,4.45,0
492.62,6,5,0,1,1,542,0,0,14.68,10.73,1
774.13,15,3,0,0,0,245,0,1,24.79,0.86,0
1962.15,1,3,0,0,0,587,0,1,9.34,3.75,0
11987.93,22,2,1,1,0,225,0,2,17.77,4.99,0
1607.38,5,2,1,0,0,119,1,0,15.48,6.52,0
1545.49,23,1,1,1,0,433,0,0,22.77,5.45,0
3781.56,17,0,0,1,0,439,0,2,12.82,6.03,0
3785.52,8,5,1,0,0,401,0,1,12.82,8.4,0
1596.57,7,4,0,0,0,665,0,2,30.46,6.22,0
29305.56,22,3,1,0,0,736,0,0,18.83,9.93,0
2755.54,23,2,0,0,0,482,0,1,14.5,2.44,0
4102.14,14,3,0,0,1,82,0,3,18.08,7.36,0
2387.81,1,1,4,0,0,109,0,1,16.17,8.97,1
5778.91,21,7,0,0,0,214,0,1,10.82,6.1,0
13315.78,11,5,1,0,0,368,0,1,24.91,6.59,0
20886.26,0,4,1,0,0,701,0,0,23.39,10.91,0
1635.36,19,2,0,0,0,719,0,1,14.48,11.81,0
11566.11,0,0,1,0,0,155,0,6,24.76,2.42,0
6484.47,8,3,1,1,0,387,0,1,19.19,10.68,0
10130.07,1,3,3,0,0,333,0,1,20.39,1.98,0
3306.11,10,1,1,0,0,336,0,1,23.84,9.75,0
2991.73,19,3,1,0,0,138,0,5,18.85,9.93,0
9725.44,3,2,1,0,1,390,0,1,14.96,4.45,0
9921.18,3,3,0,0,0,203,1,1,19.22,18.78,1
18845.07,22,4,0,0,0,560,0,2,17.73,1.88,0
4484.92,4,3,0,0,0,139,0,4,19.69,6.43,0
3254.32,2,2,0,0,0,354,0,0,14.74,11.54,0
275.11,14,4,0,0,0,248,1,1,23.89,3.28,0
670.6,6,2,1,0,0,598,0,1,17.5,9.26,0
2406.76,22,3,0,0,0,285,0,2,24.75,3.89,0
1145.83,3,7,1,0,0,437,1,0,21.86,4.62,1
8559.84,13,1,0,0,0,199,1,1,18.16,7.66,0
920.1,22,2,1,0,0,533,0,3,13.1,11.4,0
2150.88,17,5,0,0,1,320,0,1,20.19,5.05,0
2241.44,0,2,1,0,0,995,0,1,19.12,2.06,0
12899.97,4,5,0,0,0,437,0,3,19.48,4.72,0
1922.44,3,2,1,1,0,342,0,0,20.04,1.03,0
5854.89,21,1,0,0,0,421,0,0,21.18,11.89,0
4471.55,4,5,1,0,0,449,0,2,16.14,3.8,0
9399.89,1,4,0,1,0,117,0,1,19.96,5.25,0
8890.39,9,2,0,1,0,248,0,1,12.03,6.66,0
3515.33,6,2,2,0,0,214,0,0,13.15,0.81,0
613.32,3,3,0,0,0,1076,0,1,20.82,6.36,0
2854.56,10,2,0,0,0,105,1,1,11.14,3.47,0
3565.45,21,2,0,0,0,333,0,0,29.47,0.79,0
4916.29,5,6,0,0,0,333,0,3,19.67,5.17,0
1678.35,23,4,0,1,0,430,0,1,21.54,4.98,0
12063.58,15,1,0,0,0,490,0,3,30.8,0.8,0
3693.39,9,1,0,1,0,292,0,1,19.27,3.43,0
1385.03,16,4,0,1,0,159,0,0,16.36,3.69,0
2250.39,8,5,0,0,0,591,0,2,17.83,1.38,0
27583.41,5,6,1,0,0,117,0,1,13.09,7.82,0
7314.37,5,4,0,0,0,308,0,0,21.59,3.94,0
10947.64,0,1,1,0,0,324,0,2,11.87,3.95,0
1219.67,15,5,1,0,0,443,0,1,2.64,5.97,0
1766.45,1,4,1,1,0,175,0,2,14.42,2.82,0
1780.25,4,1,0,0,1,655,0,1,12.28,8.56,0
4418.76,0,3,1,0,0,509,0,0,13.93,1.43,0
3032.97,1,1,0,1,0,458,0,2,10.53,11.52,0
2177.71,21,2,2,0,0,191,0,1,16.64,1.52,0
2484.25,0,3,0,0,1,95,1,5,14.65,7.64,1
1581.71,14,1,1,0,0,495,0,3,20.72,5.71,0
3014.44,7,3,0,0,0,1169,0,1,14.98,1.55,0
11717.94,3,4,0,0,0,383,0,2,18.57,7.01,0
743.38,7,3,0,0,0,1456,0,1,26.98,3.24,0
5238.57,2,1,2,0,0,112,0,1,18.42,6.16,0
15507.78,7,1,2,0,1,386,0,1,11.57,2.93,0
3003.86,19,3,0,0,0,36,1,2,13.16,12.43,0
2089.5,14,0,0,0,0,161,0,2,20.57,18.26,0
9608.88,19,2,0,0,1,621,0,1,24.28,0.85,0
1295.39,16,5,0,0,0,38,0,3,16.13,8.23,0
3555.23,22,2,1,1,0,496,0,1,14.97,1.48,0
1221.9,2,2,1,0,0,537,0,5,23.56,1.82,0
511.01,3,1,0,0,0,143,0,2,14.76,12.91,0
3103.91,9,3,0,0,0,364,0,3,19.11,11.45,0
966.26,12,2,0,0,0,175,0,1,13.24,5.14,0
3596.61,18,3,0,0,0,590,0,1,30.58,3.58,0
11740.28,2,0,1,1,0,734,0,3,13.04,4.18,0
25513.63,2,3,2,0,0,228,0,1,23.6,4.75,0
4016.66,19,5,0,0,0,254,0,1,23.9,6.53,0
10616.63,13,3,0,0,0,225,0,2,12.64,4.3,0
5535.35,9,3,1,0,0,273,0,3,23.04,3.12,0
2435.07,5,4,2,0,0,168,0,1,15.06,7.68,0
482.5,16,4,0,0,0,373,0,0,19.81,7.18,0
20086.78,19,9,1,0,0,227,0,0,13.42,2.26,0
1210.08,0,1,3,0,0,618,0,2,20.68,7.41,1
15551.45,1,2,1,0,0,284,0,2,19.54,2.56,0
6397.41,18,2,0,0,1,1004,0,3,19.28,2.06,0
1306.6,21,2,1,0,0,748,0,1,10.34,14.31,0
5052.3,5,3,2,0,0,690,0,0,20.41,15.5,1
34185.49,16,1,1,0,0,87,0,1,12.82,10.31,0
18259.4,20,5,1,1,0,526,0,2,15.68,2.35,0
2125.26,2,2,1,0,0,573,1,3,16.44,5.91,0
1724.03,4,0,0,0,0,71,0,1,13.89,7.28,0
4044.93,3,5,0,0,0,589,0,3,28.11,6.42,0
3060.12,18,3,1,0,0,254,0,1,22.83,4.39,0
12832.35,18,1,0,0,0,172,0,1,10.11,0.95,0
7915.42,3,3,1,0,0,241,0,0,22.36,13.04,0
615.94,4,2,0,0,0,417,0,1,14.03,9.92,0
5893.52,15,1,1,0,0,45,0,2,14.58,7.65,0
3016.81,21,3,2,0,0,251,0,0,21.69,5.58,0
3785.61,18,0,1,0,0,240,0,0,17.75,2.48,0
4728.63,4,0,0,0,0,930,0,4,26.7,2.75,0
12818.77,9,4,0,0,0,342,0,0,13.13,3.02,0
10164.77,1,3,1,0,0,1509,0,2,22.62,6.76,0
1657.01,5,3,1,0,0,507,0,1,15.19,11.7,0
3423.63,13,5,0,0,0,212,0,1,19.03,10.32,0
2273.45,8,1,3,0,0,549,0,1,16.06,4.97,0
622.7,14,4,1,0,0,462,0,0,19.37,1.05,0
3245.94,7,2,0,1,0,772,0,1,13.71,8.11,0
25260.37,13,2,1,0,0,267,0,0,9.39,8.67,0
603.26,15,0,1,0,0,399,0,1,28.35,3.21,0
3550.11,4,2,0,0,0,262,0,2,14.7,5.04,0
3432.54,1,4,1,0,0,477,0,1,23.68,5.13,0
4925.21,8,4,2,0,0,253,0,0,14.4,1.12,0
1324.96,0,2,0,1,0,231,0,2,7.58,12.28,1
815.36,3,1,0,0,0,94,0,1,16.26,5.04,0
856.17,6,4,0,0,0,539,1,1,15.35,6.61,0
14727.63,8,2,0,0,0,511,1,1,22.56,4.47,0
1297.48,6,6,0,0,0,296,0,1,17.66,7.11,0
2154.81,1,4,1,0,0,787,0,1,10.24,6.51,0
33185.36,4,2,0,0,0,993,0,2,16.09,7.79,0
1684.18,21,2,0,0,0,218,0,1,19.91,8.35,0
5216.17,17,2,0,0,0,862,0,0,15.5,14.27,0
11125.58,10,2,2,0,1,545,0,2,20.84,2.66,0
10577.73,0,0,2,0,0,137,0,0,19.44,1.37,0
899.51,8,5,0,0,0,384,0,2,12.41,5.31,0
1721.55,22,3,0,0,0,300,0,1,11.64,11.17,0
5001.45,19,4,0,0,0,1052,0,1,19.05,7.26,0
27597.17,18,1,1,1,0,589,0,2,13.39,1.48,0
1636.66,5,2,0,1,0,329,0,4,20.46,10.64,0
2168.32,9,1,1,0,0,317,0,3,17.08,1.98,0
5656.46,0,5,0,0,1,312,0,1,17.67,1.72,0
6978.86,20,3,1,0,0,435,0,0,15.48,5.96,0
7437.33,2,2,0,0,0,1165,0,1,7.4,5.72,0
1497.16,14,7,1,0,0,414,0,1,10.87,6.23,0
2082.55,6,2,0,1,0,136,0,2,2.0,5.25,0
4565.47,13,2,1,0,0,239,0,2,15.59,6.45,0
13703.78,19,3,1,0,0,70,0,2,27.41,2.96,0
2834.42,7,2,0,0,0,564,0,4,14.43,24.21,1
3556.68,0,4,0,1,0,284,1,2,19.83,5.37,0
1239.89,15,3,3,0,1,170,0,1,22.36,2.97,0
25755.11,12,5,1,0,1,627,0,2,22.53,20.01,1
4281.15,3,5,0,0,0,290,0,1,18.39,6.33,0
11289.66,1,2,2,1,0,120,0,2,10.76,6.55,0
3757.06,12,3,2,0,0,197,0,2,22.83,3.87,0
3981.96,14,3,1,1,0,129,0,2,17.34,10.31,0
753.46,2,4,2,0,0,674,0,0,28.28,4.14,0
380.58,14,1,0,1,0,283,0,3,8.15,1.65,0
13554.86,10,0,1,0,0,386,0,5,18.78,1.04,0
3951.94,3,8,1,1,0,51,0,1,19.81,5.11,1
4522.18,14,2,2,0,0,139,0,0,13.68,6.46,0
980.92,15,1,1,0,0,116,0,1,14.35,12.88,0
1410.62,3,2,0,0,0,249,0,0,11.89,0.98,0
11107.96,16,3,0,0,0,47,0,0,28.01,8.14,0
22632.7,5,3,0,0,0,59,1,0,17.0,1.94,0
1896.3,14,2,1,0,0,453,0,0,10.88,3.34,0
7369.15,19,2,0,0,0,211,0,0,14.78,6.4,0
4444.96,22,2,1,0,0,561,0,2,22.79,2.62,0
3208.13,6,1,1,0,0,269,0,2,23.46,6.15,0
25452.19,8,4,0,0,0,258,0,1,17.79,5.51,0
2262.3,2,1,2,0,0,208,0,1,13.26,2.77,0
13396.49,23,2,1,0,1,50,0,2,22.84,4.09,0
5434.35,7,3,0,0,0,294,0,0,17.97,2.8,0
3576.95,19,1,1,0,0,570,0,1,18.9,4.06,0
15376.84,22,0,1,0,0,1119,0,0,21.47,9.85,0
4937.63,11,1,1,0,0,294,0,0,15.09,7.43,0
3290.36,16,2,0,0,0,65,0,1,14.83,5.05,0
15497.19,11,5,1,0,0,999,0,1,24.22,7.89,0
13517.3,13,3,2,0,0,809,0,1,21.32,4.43,0
12862.37,5,3,0,0,0,253,0,1,15.72,3.91,0
61.42,20,3,0,1,0,611,0,0,19.85,16.04,1
5780.15,2,1,0,0,0,575,1,2,22.91,2.97,0
4549.27,15,5,0,1,0,377,0,3,13.26,5.47,0
3510.08,22,7,1,0,0,385,1,4,13.23,3.58,1
6906.85,19,0,0,0,0,353,0,0,23.85,12.32,0
4786.64,18,5,2,0,0,100,0,1,27.69,16.23,1
7418.25,15,0,1,0,0,574,0,1,14.28,4.67,0
2748.03,22,6,1,1,0,684,0,2,22.62,4.0,0
17554.92,20,2,1,0,0,860,0,1,17.19,4.79,0
8249.36,6,2,0,0,0,141,0,1,20.1,12.07,0
6435.94,14,3,1,0,0,272,0,0,26.08,3.58,0
6114.33,10,1,1,1,0,117,0,1,27.06,9.38,0
12272.86,6,3,0,0,0,320,1,4,24.9,3.25,0
10644.22,19,1,0,0,0,253,0,1,12.9,0.92,0
3234.37,0,3,0,0,0,517,0,3,19.64,2.39,0
10299.25,3,1,1,1,0,681,0,3,19.23,3.56,0
4371.03,2,3,0,0,1,38,0,2,13.03,2.78,0
27249.03,4,2,1,0,0,683,0,1,19.27,6.66,0
11528.92,12,1,0,0,0,700,0,0,20.32,2.11,0
1887.69,22,4,1,1,0,265,0,1,20.83,3.67,0
42076.57,23,5,0,0,0,196,0,0,13.41,10.79,0
400.56,21,4,2,0,0,630,0,2,16.72,11.75,1
7109.75,18,3,2,1,0,67,0,2,17.42,1.29,0
1752.75,11,3,2,0,0,161,0,1,17.4,18.07,1
26272.8,18,2,1,0,0,197,0,2,13.31,3.3,0
4747.85,6,2,0,0,0,467,0,5,23.72,16.67,0
1582.11,15,2,1,0,0,498,0,1,19.15,3.24,0
2752.27,0,2,0,1,0,492,0,0,12.26,2.15,0
1720.5,21,1,0,1,0,288,1,0,19.07,10.29,1
2641.06,23,1,0,0,0,643,0,1,22.78,9.14,0
2578.39,17,2,0,0,0,1425,0,2,29.27,2.32,0
1654.55,4,1,0,0,0,226,0,2,19.67,5.28,0
4834.66,6,3,2,0,0,1089,0,1,26.15,2.05,0
5490.56,17,0,0,0,0,577,0,1,11.35,2.55,0
1279.06,11,2,0,0,0,545,0,4,26.36,19.02,1
638.31,13,4,1,1,0,319,0,1,18.13,3.19,0
5046.77,9,3,2,1,0,391,0,1,10.14,9.24,0
6364.66,20,6,0,0,0,378,0,2,21.25,9.59,0
7837.91,3,4,0,0,0,1257,1,1,9.11,8.68,1
6494.64,10,3,0,0,0,236,0,0,14.67,3.51,0
18984.02,5,4,0,0,0,173,0,0,21.06,7.08,0
10372.58,16,0,1,0,0,199,0,1,10.29,5.11,0
60707.32,6,2,4,0,0,356,0,1,21.39,8.75,1
94436.18,7,2,1,0,0,399,0,0,11.38,6.61,1
574.78,4,2,0,0,0,169,0,0,24.29,9.3,0
362.49,20,1,2,0,0,1036,0,1,17.1,2.91,0
3612.8,5,3,3,1,0,180,0,1,13.82,9.39,1
6182.29,20,4,0,0,0,236,0,2,22.78,15.06,0
3362.1,21,3,0,0,0,416,0,4,8.29,5.91,0
7621.74,23,2,0,0,0,524,0,0,22.98,1.36,0
2741.46,8,4,0,0,0,99,0,2,15.46,16.34,0
1756.98,15,0,0,0,0,1144,0,0,20.4,1.39,0
2058.98,19,0,1,0,0,309,0,1,20.43,2.17,0
2950.78,1,1,2,0,0,911,0,2,19.29,4.75,0
8828.04,1,2,1,0,1,422,0,1,9.68,12.73,1
2184.02,4,5,2,0,0,224,0,4,12.58,2.05,0
2688.08,23,2,3,0,0,527,0,1,14.99,8.32,0
6625.81,2,4,0,0,0,928,0,2,18.86,6.41,0
2955.03,18,2,1,0,0,620,1,1,30.25,1.14,0
11761.02,20,2,2,0,0,645,0,2,22.27,7.69,0
1386.47,21,5,1,0,1,212,0,1,18.88,10.56,0
1104.14,12,2,0,0,0,433,0,3,25.73,6.49,0
5013.35,12,5,1,0,0,119,0,1,20.61,3.91,0
5566.39,17,3,0,0,0,479,0,2,24.28,11.79,0
1468.2,15,2,0,0,0,356,0,0,21.5,1.0,0
14924.73,18,2,0,0,0,380,0,1,7.14,3.33,0
27479.17,8,4,2,1,0,312,0,2,16.72,11.43,1
1883.25,22,4,4,0,0,294,0,2,12.46,4.55,1
17355.52,10,10,1,0,0,169,0,1,21.15,10.79,1
298.5,5,2,1,0,0,259,0,1,10.87,1.66,0
11270.21,18,4,0,0,0,761,0,1,28.07,3.37,0
1479.34,14,1,0,0,0,281,0,4,13.64,4.47,0
10146.42,1,3,1,0,0,375,0,0,16.42,7.08,0
1326.98,3,4,0,0,0,213,0,0,23.76,2.55,0
3388.32,0,4,2,0,0,512,0,1,5.56,3.25,0
1555.23,13,4,1,0,0,224,0,4,23.78,6.4,0
2908.59,20,1,0,0,1,715,0,0,17.49,4.46,0
24870.07,7,2,0,1,0,213,1,1,26.76,6.59,0
3250.83,2,2,0,0,0,97,0,0,14.85,9.77,0
33383.49,20,0,1,0,0,274,0,3,17.88,5.83,0
2428.18,17,3,0,1,0,94,0,0,10.55,2.29,0
17437.06,13,5,0,0,1,556,1,4,18.93,3.86,1
660.52,4,2,0,0,0,212,0,1,33.8,5.7,0
2695.03,16,2,0,0,0,1009,0,0,21.85,5.04,0
2073.69,8,2,0,0,1,274,0,1,22.39,9.1,0
18298.8,5,2,1,0,0,268,0,3,23.95,4.56,0
4422.72,7,4,0,0,0,280,0,2,19.42,9.65,0
406.47,1,4,0,0,0,664,0,2,8.9,5.2,0
919.99,11,2,0,0,0,32,0,0,14.55,4.65,0
1257.28,18,1,0,0,0,451,0,2,16.42,4.79,0
9708.46,19,3,2,0,0,1026,0,3,18.09,2.66,0
8478.24,17,2,0,0,0,364,1,0,14.23,5.75,0
2656.01,21,0,1,0,0,112,0,1,18.19,9.47,0
2046.87,23,3,0,0,1,811,0,1,18.28,9.3,0
7724.93,5,4,0,0,0,467,1,1,23.54,7.42,0
1112.09,10,5,2,1,0,853,1,3,13.47,2.43,1
5887.3,8,1,1,0,1,415,0,0,22.61,7.94,0
5383.77,16,2,1,0,0,245,1,0,18.59,8.38,0
2728.97,20,5,1,0,0,296,0,3,7.78,0.66,0
5527.89,21,3,2,0,0,358,0,0,26.07,8.56,0
4052.95,2,4,1,1,0,540,0,1,17.33,6.56,0
6138.22,12,3,1,0,0,214,0,0,22.44,1.27,0
897.12,2,2,2,0,0,339,0,0,6.06,0.34,0
6941.18,7,3,0,0,0,131,0,0,17.07,1.81,0
10699.28,11,4,1,0,0,282,1,0,20.1,4.91,0
5100.02,14,2,3,0,0,416,0,4,22.69,6.03,0
6845.02,18,2,0,0,0,563,0,0,18.58,1.9,0
3244.07,23,2,1,0,0,538,0,0,26.14,8.59,0
9282.62,8,2,0,0,0,888,0,0,14.08,14.49,0
3899.13,13,1,1,0,0,208,0,1,21.14,5.5,0
1090.79,1,8,1,0,0,151,0,3,16.97,8.23,1
8614.71,2,0,2,0,0,310,1,2,16.9,13.94,1
654.68,23,3,2,1,0,450,0,2,23.46,5.41,0
4899.65,22,1,0,0,0,277,0,0,24.06,3.05,0
2432.24,22,4,0,0,0,116,0,3,23.11,7.87,0
2274.39,6,4,0,0,0,343,0,1,18.82,6.19,0
4361.57,15,3,0,0,0,156,0,0,16.73,21.24,1
1728.91,5,1,0,0,0,355,0,2,18.33,5.59,0
6234.27,16,2,0,0,0,73,0,2,14.11,9.07,0
3864.69,11,5,0,0,0,645,1,0,11.97,12.46,1
1904.25,22,1,2,0,1,109,0,0,15.63,8.56,0
14840.1,8,4,0,0,0,192,0,3,15.84,7.22,0
4514.37,15,1,1,1,0,743,1,1,18.98,7.81,1
7060.99,15,2,0,0,0,378,0,0,16.04,0.84,0
16113.59,18,2,0,0,0,756,0,0,15.73,2.03,0
15838.32,1,5,1,0,1,481,0,2,16.55,8.12,1
6692.71,11,8,1,0,0,536,0,1,25.27,12.06,1
2649.72,10,3,0,0,0,323,0,1,22.89,7.24,0
811.44,5,2,2,0,0,804,0,2,25.09,6.45,0
4523.43,19,0,1,0,0,309,0,2,18.31,9.55,0
11490.93,19,3,0,0,0,123,0,1,30.5,2.98,0
5281.84,1,2,0,0,0,830,0,2,19.04,7.3,0
97.83,16,3,1,0,0,766,0,0,24.38,1.64,0
9077.6,20,1,0,0,0,193,0,1,18.79,2.29,0
9682.49,6,3,0,0,0,166,0,1,11.96,0.25,0
2653.72,15,3,1,0,0,1061,0,1,14.21,2.63,0
10278.19,14,5,0,0,1,511,0,1,19.87,4.07,0
7040.0,0,1,0,0,0,225,0,1,13.51,8.72,0
1772.63,19,3,0,0,0,355,0,0,33.48,2.48,0
13833.74,18,3,0,0,0,189,0,3,20.29,0.79,0
962.13,6,3,0,0,0,450,1,0,15.69,6.7,0
3428.55,7,0,0,0,0,1314,0,1,18.93,6.55,0
3087.59,18,3,0,1,0,988,0,1,14.8,13.98,0
1530.41,19,1,0,0,0,329,0,3,15.72,5.85,0
5008.96,1,1,0,0,0,445,1,1,8.32,0.08,0
14413.02,8,2,0,0,0,419,0,1,13.58,9.01,0
13495.73,14,1,2,0,0,513,0,0,15.46,7.63,0
7784.17,3,4,1,0,1,287,0,1,15.82,7.15,0
613.56,23,4,0,0,0,188,0,2,22.4,2.74,0
895.38,5,2,2,0,0,489,0,3,21.96,6.91,0
4335.0,20,4,1,0,0,215,0,2,20.47,6.11,0
3512.39,1,1,0,0,1,909,1,0,23.79,14.58,1
2158.17,21,7,2,0,0,199,0,0,15.68,8.44,0
26919.05,0,3,4,1,0,232,0,2,18.92,3.62,1
4069.0,16,1,2,0,0,640,0,0,17.21,1.51,0
6435.17,8,5,0,0,1,571,1,0,30.27,2.94,1
10273.15,11,5,1,0,0,147,1,2,13.9,3.56,0
3857.24,2,1,0,1,0,561,0,0,14.83,4.03,0
55304.82,16,8,0,0,0,1274,1,1,15.39,4.09,1
1356.43,14,5,0,0,0,561,0,1,10.55,19.26,1
1926.82,7,3,2,0,0,326,0,3,18.7,8.39,0
1352.94,11,1,0,1,0,399,0,2,21.11,8.99,0
18784.57,13,3,0,0,0,152,0,3,26.84,1.36,0
8452.27,16,0,0,0,0,310,0,0,22.81,1.83,0
2056.25,12,3,0,0,0,476,0,3,28.93,2.67,0
1469.87,1,7,0,0,1,405,1,1,18.03,16.18,1
15586.1,13,0,1,0,0,226,1,2,8.6,7.22,0
5322.89,8,2,1,0,0,755,0,2,19.07,5.96,0
16009.52,9,7,0,1,0,193,0,1,18.39,7.7,0
3418.11,8,2,0,1,0,696,0,2,26.38,12.86,0
6229.88,8,2,0,0,0,955,0,1,24.69,12.26,0
4990.24,5,4,1,0,0,75,0,0,11.42,14.63,0
1890.66,7,2,1,0,1,360,0,2,16.67,16.24,1
3129.56,17,3,1,0,0,327,0,2,23.1,4.33,0
1049.93,5,4,0,0,0,284,0,1,18.59,3.89,0
6116.91,18,1,0,0,0,157,0,1,12.69,6.53,0
8097.5,10,3,2,0,0,353,0,1,25.77,0.87,0
10297.63,14,4,1,0,0,88,0,2,21.82,1.64,0
7331.04,2,2,0,1,0,214,0,2,27.87,10.71,0
3182.36,4,3,1,0,0,344,1,0,12.01,1.1,0
18574.95,21,2,1,1,0,358,0,2,22.33,2.89,0
9292.14,19,2,0,0,0,286,0,1,9.52,7.6,0
15646.05,1,6,1,0,0,450,1,0,26.25,2.15,0
16711.48,21,3,2,0,0,506,1,1,17.84,1.87,0
3191.1,20,2,0,0,1,138,0,1,14.99,7.6,0
5471.31,3,4,0,0,0,789,0,2,13.84,3.67,0
8211.52,5,2,0,0,0,518,0,2,17.69,13.3,0
1089.42,4,0,1,1,0,446,0,1,21.5,5.26,0
1115.08,20,0,0,0,1,222,0,0,24.29,7.76,0
930.5,20,4,0,0,0,229,0,5,20.31,5.95,0
3250.28,17,5,1,0,0,669,0,1,22.31,2.32,0
2565.78,6,1,0,0,1,439,0,0,20.04,1.04,0
806.37,22,4,0,0,0,896,0,3,16.06,9.25,0
4259.16,20,3,0,1,0,130,1,1,23.5,11.75,1
3293.15,20,6,0,0,0,356,0,2,17.19,5.17,0
12598.74,8,2,1,0,0,63,2,0,17.6,12.74,1
30140.59,16,3,1,0,0,394,0,0,18.59,7.66,0
5879.77,16,7,1,0,0,572,0,3,14.91,4.32,0
1752.04,3,2,0,0,0,540,0,0,25.0,4.34,0
7180.04,13,4,1,0,0,487,0,2,18.87,5.11,0
3676.69,13,3,0,0,1,219,0,0,25.39,4.61,0
2829.54,14,4,0,0,0,138,0,1,15.13,5.22,0
1473.39,8,0,0,0,0,226,0,1,9.82,0.54,0
2236.28,16,3,0,0,0,516,0,2,23.94,0.4,0
3020.93,21,4,2,1,0,634,0,1,14.8,9.95,0
8470.13,14,4,0,1,0,115,0,2,25.9,8.7,0
6226.54,20,3,0,0,0,722,0,1,19.46,9.77,0
24756.79,18,3,0,0,0,696,0,2,14.48,3.47,0
7391.27,7,6,0,0,0,417,0,2,15.45,7.26,0
5684.56,17,3,0,0,0,394,0,0,18.07,3.14,0
2639.8,16,1,1,0,0,175,0,1,19.49,3.54,0
1224.96,22,1,0,0,0,542,0,2,23.06,5.76,0
2001.42,8,3,0,0,0,324,0,5,15.73,12.27,0
1746.15,3,1,3,0,0,137,0,4,13.18,0.63,0
247.41,16,0,0,1,0,274,0,0,17.08,6.9,0
1262.61,15,1,0,0,0,119,0,1,10.34,12.08,0
19581.1,14,1,1,0,0,807,0,0,15.05,3.54,0
5361.67,17,5,1,0,0,581,0,0,21.73,9.78,0
2451.98,12,2,0,1,0,140,0,1,24.06,12.5,0
5532.55,0,3,1,0,1,438,0,3,18.94,2.2,0
468.21,21,3,0,0,0,496,0,4,17.24,2.17,0
4896.14,6,5,0,0,0,263,0,1,30.24,5.49,0
13923.97,5,1,0,1,0,201,0,2,20.01,21.31,1
3206.16,19,5,2,1,0,165,0,1,12.93,18.45,1
566.46,19,4,0,0,0,331,0,1,29.81,5.26,0
2357.51,12,2,1,0,1,410,0,3,25.12,7.63,0
13949.86,16,3,1,0,0,171,0,2,15.27,5.16,0
4776.97,1,5,0,0,0,505,1,2,17.85,2.02,0
821.21,6,8,1,0,0,545,0,0,21.28,5.2,0
43739.67,5,0,0,0,0,518,1,1,9.8,5.89,0
976.04,10,2,0,0,0,835,0,1,19.09,6.42,0
2821.23,8,0,1,0,0,479,0,2,18.85,6.34,0
1225.06,1,3,3,0,0,1254,0,1,14.64,8.7,1
1226.84,16,1,0,0,0,603,1,3,14.83,1.59,0
2264.8,14,1,1,0,0,167,0,2,19.16,17.71,0
7100.76,9,4,1,0,0,635,1,2,25.48,4.72,0
14115.91,21,3,0,1,0,817,0,1,14.28,3.17,0
2427.27,8,3,0,0,1,1382,1,5,9.34,3.68,0
1260.61,2,2,0,0,0,822,1,0,10.3,1.07,0
6018.37,20,1,0,0,0,420,0,1,15.19,8.19,0
6206.56,3,4,0,0,0,471,0,2,16.6,3.22,0
4686.28,1,3,0,0,0,357,0,3,22.07,1.47,0
4863.56,11,6,3,0,0,658,1,3,21.38,3.81,1
3235.07,13,3,0,1,0,677,0,2,14.12,0.22,0
4036.2,6,2,1,1,0,714,0,1,12.05,7.54,0
3008.71,20,3,1,0,0,921,0,0,27.11,4.67,0
11200.97,6,4,2,0,0,129,0,2,10.15,13.17,1
37793.12,23,3,0,0,0,416,0,1,3.41,6.94,0
4396.82,15,2,2,0,0,1261,0,2,15.52,25.0,1
3615.91,4,4,1,0,0,344,0,2,19.22,5.68,0
4763.1,9,1,2,1,0,299,0,0,23.1,8.29,1
1824.72,1,2,1,1,0,405,0,1,14.92,12.16,1
8129.28,20,1,1,0,1,584,0,4,19.96,5.68,0
5786.22,15,3,2,1,0,712,0,1,22.75,4.39,0
2341.4,10,3,1,0,0,426,0,2,5.16,15.53,0
9387.84,16,3,1,1,1,415,0,0,26.63,3.23,0
3714.28,14,3,0,0,0,233,0,2,15.33,1.22,0
1314.8,14,2,0,0,0,275,0,0,27.93,2.85,0
5266.83,9,3,0,0,0,406,0,2,22.59,13.4,0
4669.66,8,1,1,0,0,443,0,0,15.86,5.13,0
9981.0,6,4,0,1,0,643,0,2,23.23,8.91,0
8717.82,18,1,2,0,0,241,0,1,15.2,13.06,1
3246.43,11,6,0,0,0,582,0,3,14.8,4.61,0
2217.88,11,3,1,0,0,621,0,1,15.56,7.11,0
3647.62,17,5,0,0,0,1293,0,1,18.41,14.63,0
5331.96,12,1,1,1,0,635,0,1,19.09,2.12,0
6050.78,22,3,0,0,0,225,0,2,17.95,5.6,0
4996.45,5,3,0,0,0,203,0,2,27.16,4.88,0
3309.99,1,5,0,1,0,177,0,1,11.9,9.78,1
10369.85,10,3,0,0,0,220,0,0,25.57,3.08,0
1793.61,12,3,1,0,1,221,0,4,10.46,8.96,0
49186.46,19,5,0,0,0,167,0,3,22.03,6.86,0
8113.01,15,3,1,0,0,115,0,0,14.36,2.75,0
1114.48,22,1,2,1,0,342,0,1,6.47,5.35,0
4422.63,2,3,0,0,0,143,0,1,25.37,1.86,0
8195.31,12,3,1,0,0,55,0,0,7.73,2.15,0
2522.9,19,3,0,0,0,371,0,4,25.16,3.04,0
757.56,12,4,2,0,1,196,0,0,26.13,8.97,1
1222.9,6,2,2,1,0,603,0,1,22.41,1.07,0
6433.01,18,1,1,0,0,166,1,2,16.04,8.47,0
576.89,20,2,0,0,0,711,0,1,16.52,13.15,0
794.88,6,2,0,0,0,671,0,3,20.31,1.86,0
6397.59,13,1,0,1,0,531,0,1,3.52,4.88,0
2882.24,19,5,2,0,0,282,0,1,26.41,1.8,0
1753.61,3,1,0,0,0,79,0,0,16.86,3.85,0
2165.77,0,4,0,1,0,554,0,3,19.9,2.93,0
777.16,17,4,0,0,1,206,0,1,9.79,4.51,0
6055.22,18,1,2,1,0,672,0,0,17.98,2.14,0
1561.07,3,2,1,1,0,157,0,3,4.48,1.15,0
2074.47,14,2,1,0,0,234,0,2,23.97,6.19,0
5240.25,17,3,0,1,0,626,1,1,12.6,4.28,0
2780.93,23,0,0,0,0,345,0,0,6.63,6.25,0
1737.35,19,2,2,0,1,296,0,2,17.43,4.49,0
450.83,5,1,0,0,0,499,0,2,31.33,5.72,0
5355.06,13,1,1,0,0,620,0,2,27.29,11.48,0
3955.82,17,5,0,0,0,180,0,3,15.14,4.6,0
2114.86,6,5,1,0,0,352,0,2,10.25,0.48,0
1225.04,3,2,0,0,0,240,0,2,22.01,7.77,0
3690.07,10,5,0,1,0,703,1,2,20.97,6.74,1
6029.96,17,2,3,0,0,79,0,0,8.44,3.94,0
4034.54,12,1,0,0,0,324,0,0,24.03,1.08,0
20332.36,14,1,1,0,0,386,0,1,16.79,9.43,0
7631.3,15,6,0,0,1,198,0,1,28.36,15.25,1
3253.06,22,5,0,1,0,529,0,1,20.12,20.97,1
7904.54,15,5,1,1,0,325,0,0,25.53,6.74,0
3831.82,3,3,1,0,0,514,0,2,21.58,4.5,0
3817.89,9,3,0,0,0,736,1,0,26.44,5.12,0
14202.62,4,3,0,0,0,139,0,0,8.5,2.1,0
1418.05,18,2,0,0,1,43,0,2,30.08,12.2,0
3731.16,23,2,0,1,0,478,0,0,16.64,8.97,0
12697.95,18,5,0,0,1,329,0,0,21.63,0.54,0
5036.37,5,6,0,0,0,111,0,1,27.21,4.84,0
2471.29,16,3,0,0,0,682,0,1,20.06,4.91,0
607.0,0,2,2,0,0,239,0,0,16.6,0.73,0
335.67,6,3,2,0,0,998,0,0,23.64,2.73,0
32208.65,7,2,1,0,0,594,0,1,17.32,6.71,0
5033.84,11,2,0,0,0,327,0,0,19.16,6.49,0
1971.84,7,1,1,1,0,144,0,3,23.18,3.68,0
5254.97,10,1,2,0,0,175,1,3,24.31,4.69,0
1346.07,0,3,0,0,0,281,0,2,13.18,11.21,0
2571.48,19,3,0,1,0,637,0,0,20.27,2.26,0
1355.62,9,2,1,0,0,237,0,1,20.41,2.99,0
825.56,19,4,0,1,1,686,0,4,7.65,9.15,0
399.32,1,2,0,0,0,326,0,1,12.26,14.31,0
680.25,20,3,1,0,0,619,1,4,19.46,3.33,0
10639.75,15,2,0,0,0,176,0,0,25.31,4.81,0
1291.78,5,4,0,0,0,195,0,0,16.79,2.55,0
6384.55,18,0,0,0,1,372,1,4,15.94,5.35,1
9941.57,17,6,1,0,0,339,0,1,19.45,8.39,0
3704.89,17,3,0,0,0,546,0,1,12.02,2.99,0
2661.13,20,8,1,0,0,40,0,4,26.15,2.4,0
4186.72,22,4,1,0,0,168,0,1,17.23,5.97,0
2350.89,3,1,1,0,1,315,0,0,18.54,6.97,0
12888.68,6,4,0,0,0,1096,0,3,26.56,7.39,0
26117.49,0,4,3,1,0,255,0,1,18.31,6.83,1
16685.62,1,2,0,1,0,673,0,0,26.26,0.89,0
380.26,2,1,0,1,0,282,1,1,18.41,8.6,1
2301.05,16,5,0,0,0,103,1,4,7.1,9.23,0
3656.89,14,2,0,1,0,299,0,1,21.12,4.21,0
5920.71,0,1,1,0,0,279,0,0,10.93,8.18,0
593.67,10,3,0,0,0,479,0,3,16.41,3.57,0
583.7,2,0,0,0,0,258,0,1,22.18,3.01,0
14358.96,4,4,1,0,0,232,0,0,19.81,3.19,0
2024.19,1,4,1,0,0,432,0,3,9.98,11.17,1
763.74,12,5,0,1,0,423,0,1,15.68,5.19,0
1142.73,1,0,2,0,0,640,1,0,26.84,5.23,1
5486.24,18,4,0,0,0,117,0,3,11.72,14.33,0
1535.06,22,3,0,0,0,384,0,0,15.14,7.58,0
4692.44,20,3,0,0,1,230,0,3,6.45,7.41,0
1302.88,19,3,0,0,0,1028,0,3,18.63,6.36,0
583.23,18,1,0,0,0,148,0,3,17.03,3.86,0
16245.95,21,3,0,0,1,43,0,2,17.11,7.3,0
5530.86,21,2,1,0,0,617,0,1,24.16,6.62,0
2564.61,5,6,0,0,0,310,0,2,23.76,4.81,0
2106.05,14,5,1,0,1,392,1,0,17.21,5.94,1
16952.07,7,0,0,0,0,323,1,1,20.85,8.41,0
6775.76,20,3,1,0,0,273,1,3,15.86,12.83,1
12138.7,0,5,0,0,0,870,0,4,10.82,4.61,0
1972.63,10,3,0,0,0,248,0,2,17.31,9.98,0
3839.89,9,3,2,0,0,131,0,1,18.19,6.0,0
5554.2,20,6,0,1,0,467,0,2,7.88,6.3,0
2043.52,7,4,1,0,0,193,0,1,20.43,1.43,0
3293.45,21,4,0,1,0,437,0,1,29.0,2.73,0
1972.8,11,2,1,1,0,243,0,2,15.97,7.76,0
5535.92,16,3,0,0,0,50,0,3,28.55,6.51,0
909.17,12,4,2,0,0,314,0,2,2.0,10.44,0
6638.02,10,4,0,0,0,382,0,1,9.61,1.36,0
5045.48,7,4,1,0,0,868,0,0,12.16,1.98,0
2941.06,6,3,0,0,0,316,0,0,15.61,5.47,0
5837.12,15,3,1,0,1,184,0,2,17.1,2.08,0
2481.98,7,2,0,0,0,262,0,4,8.33,9.65,0
1801.48,20,1,0,1,0,430,0,1,15.6,4.64,0
6444.05,3,2,2,1,0,299,0,2,13.9,8.72,1
6743.7,5,2,0,0,0,877,1,0,23.72,4.59,0
2137.44,1,0,0,0,0,173,0,1,11.64,4.72,0
1953.34,20,1,0,0,0,148,0,1,23.04,8.71,0
3004.53,9,3,0,1,0,396,0,3,22.46,4.68,0
2039.37,0,3,0,1,0,1414,0,2,15.64,6.76,0
18058.56,1,3,1,0,0,254,0,2,14.96,2.26,0
5076.1,22,6,1,1,0,1113,1,1,25.58,19.09,1
3697.2,21,7,0,0,0,754,0,1,13.34,1.36,0
1367.36,6,5,1,0,1,491,0,2,32.08,5.15,0
7910.44,15,4,0,0,1,99,0,0,20.93,4.2,0
1915.65,6,4,2,0,0,396,0,4,21.05,8.79,0
1834.66,20,2,1,0,0,498,0,1,12.26,8.81,0
8194.72,17,4,1,0,0,362,0,1,25.24,4.49,0
5468.11,10,5,0,0,0,284,0,1,21.16,2.12,0
262.8,22,3,0,1,1,436,0,0,7.49,5.34,0
3085.1,5,0,0,0,0,169,0,0,8.86,4.74,0
4153.87,23,3,1,0,0,534,0,3,24.01,7.34,0
2548.92,6,2,0,0,0,139,1,1,20.7,12.39,0
4308.66,21,3,0,0,1,85,0,1,19.49,9.42,0
544.48,20,0,2,0,0,346,0,2,13.52,7.12,0
186.31,13,1,0,0,0,632,0,2,24.69,3.55,0
1307.35,2,0,0,0,0,463,1,1,14.37,9.88,0
4896.91,18,3,1,1,0,416,0,2,22.51,8.82,0
123.2,16,4,2,0,0,171,0,0,15.97,4.2,0
1501.59,20,1,0,1,0,522,0,2,24.36,8.43,0
483.52,5,2,0,0,0,630,0,3,15.78,5.08,0
2822.12,5,2,0,1,0,371,0,0,25.9,1.71,0
28446.89,8,2,1,0,0,590,0,1,21.34,2.03,0
2898.55,8,6,1,1,0,681,0,0,16.54,5.94,0
3252.31,0,1,1,0,0,153,0,1,12.62,2.01,0
8788.44,3,2,0,0,0,446,0,1,18.59,7.99,0
3723.32,11,3,2,1,0,445,0,0,13.61,1.71,0
2905.2,23,3,0,1,0,188,0,1,24.45,1.89,0
9633.27,3,3,1,1,0,517,0,1,10.59,3.25,0
5975.85,5,5,0,1,0,380,0,1,9.94,11.05,0
4929.82,20,2,0,0,0,820,0,3,20.07,2.28,0
3147.24,0,3,1,0,0,236,0,1,15.71,3.44,0
2531.66,2,3,2,0,0,792,1,2,13.71,2.97,1
9537.91,21,3,0,0,0,260,0,1,18.57,5.0,0
2557.32,6,5,0,0,0,351,0,1,17.8,2.24,0
13264.09,7,1,2,0,0,487,0,3,9.99,2.26,0
1212.57,0,3,0,0,0,281,0,0,23.05,2.86,0
16407.16,9,4,0,0,0,608,0,1,14.16,6.11,0
5976.81,23,3,1,0,0,292,0,1,12.35,1.71,0
1316.9,23,2,0,0,0,566,0,2,22.55,1.77,0
6213.18,15,1,0,1,0,600,1,1,14.7,3.46,0
1839.38,16,2,1,1,0,768,0,1,21.74,2.36,0
3771.01,15,1,0,0,0,424,0,1,19.22,4.77,0
2184.28,16,2,1,0,0,631,0,3,16.75,7.9,0
3166.69,12,1,0,0,0,193,0,1,23.66,3.26,0
9783.99,4,1,1,0,0,1038,1,2,21.44,6.94,1
6275.68,20,0,3,0,0,306,0,1,18.13,3.53,0
1116.96,21,3,2,0,0,206,0,0,15.27,9.0,0
1186.19,3,1,1,0,0,186,0,1,23.38,16.34,1
4838.28,2,3,0,0,0,346,0,3,18.06,5.86,0
5220.49,19,2,0,0,0,728,0,4,19.65,6.57,0
1793.34,1,3,1,1,0,670,0,5,25.01,11.04,1
19358.39,19,3,0,1,0,1463,0,2,22.34,4.02,0
8554.13,23,1,0,0,0,402,0,3,11.1,1.36,0
1887.76,0,3,2,0,0,382,0,2,20.22,0.21,0
1705.53,19,3,1,0,0,428,0,3,22.52,18.39,1
2866.35,3,4,0,0,0,317,0,3,2.61,2.87,0
2569.72,6,3,0,0,1,761,0,0,16.58,5.81,0
13615.52,13,0,2,0,1,467,0,4,19.53,4.93,0
10236.85,16,1,1,0,1,609,0,1,16.57,8.61,0
3777.52,2,1,2,0,1,1014,0,1,17.86,8.08,1
7419.01,2,2,0,1,0,627,0,1,23.11,11.62,0
8639.71,6,4,0,0,0,300,0,1,16.47,6.27,0
3870.63,16,6,1,0,0,389,0,1,31.43,6.71,0
5556.64,9,4,2,0,0,726,0,0,17.04,4.28,0
6794.69,6,4,1,0,0,180,0,1,14.97,1.68,0
6075.3,3,2,1,0,0,397,0,1,11.14,3.67,0
1607.21,23,5,2,0,0,453,0,1,10.44,3.06,0
1787.2,16,3,0,0,0,935,0,2,12.8,4.82,0
2689.14,23,4,0,1,0,490,0,1,15.24,6.96,0
1733.68,11,3,3,0,0,88,0,1,18.34,6.95,0
775.3,19,3,0,0,0,211,1,0,20.8,2.19,0
7403.81,15,1,0,1,0,699,0,1,19.91,6.54,0
5238.18,12,2,0,0,0,506,0,2,23.05,6.31,0
892.18,11,4,0,1,0,226,0,2,20.95,11.93,0
2827.19,12,2,1,0,0,368,0,0,18.4,2.45,0
3000.4,9,6,1,0,0,139,0,1,15.84,15.49,1
4407.41,15,3,0,0,0,145,0,1,31.17,4.57,0
1169.09,11,1,1,0,0,115,0,2,19.74,0.72,0
878.58,23,2,1,0,0,797,0,1,18.2,19.44,1
6283.68,21,6,0,1,0,178,0,1,14.05,11.41,0
727.3,11,1,0,0,0,107,0,1,30.2,4.19,0
2851.79,9,3,0,0,0,925,0,3,21.05,8.61,0
2585.36,18,4,0,0,0,193,1,2,22.22,5.8,0
3198.87,15,3,1,0,0,452,0,2,16.28,7.04,0
4747.41,5,3,1,0,0,258,1,3,11.89,0.67,0
19506.42,20,6,2,0,0,672,0,0,19.36,3.93,0
678.94,16,3,1,0,0,259,0,2,17.37,1.0,0
9139.95,14,1,0,1,0,397,0,2,18.46,0.44,0
260.4,18,5,2,0,0,579,0,1,19.69,4.65,0
15731.13,5,1,0,0,1,205,0,1,14.07,5.69,0
426.23,19,1,1,0,0,834,1,1,12.93,8.17,0
47014.64,2,1,1,0,0,274,0,0,13.42,2.22,0
2418.12,19,1,0,0,0,560,0,0,21.04,4.86,0
14113.71,14,1,0,0,0,360,0,0,18.02,7.33,0
11365.8,13,5,0,0,0,743,0,1,14.27,13.49,0
2302.35,17,1,0,0,0,372,0,1,26.53,3.23,0
2495.55,7,3,1,0,0,232,0,2,18.49,2.82,0
1511.69,18,1,1,0,0,278,0,1,10.94,10.01,0
8322.67,0,5,0,0,0,434,0,2,25.71,2.87,0
2334.05,16,2,1,0,0,641,0,1,9.71,13.37,0
1540.82,19,2,1,0,1,662,0,3,14.29,3.02,0
6400.55,0,1,0,0,0,544,0,1,16.46,8.58,0
1419.36,16,2,1,0,0,107,0,2,14.54,4.78,0
2577.48,18,2,0,0,0,214,1,0,16.49,6.48,0
4074.33,12,2,0,0,0,535,1,4,11.29,3.01,0
1854.65,14,1,0,1,0,247,0,4,18.07,7.36,0
2173.02,1,4,1,0,0,1149,0,0,16.86,4.37,0
18246.57,23,4,4,0,1,112,0,0,16.75,7.13,1
2938.2,23,2,0,0,0,129,0,2,23.74,5.64,0
2495.87,18,2,1,0,1,588,0,1,18.21,4.86,0
3029.4,0,3,3,0,0,590,0,0,18.21,6.87,1
5867.46,10,3,2,1,0,465,0,3,14.28,4.93,0
1229.6,19,2,1,1,0,395,0,0,19.46,7.58,0
5702.02,16,4,3,0,1,1490,1,1,18.5,6.42,1
4762.9,21,2,0,0,0,114,0,1,22.07,5.93,0
556.64,14,4,0,0,0,390,1,1,7.79,5.88,0
23955.86,17,3,1,0,0,619,0,0,15.72,4.45,0
16879.48,8,1,0,0,0,251,1,1,9.98,1.92,0
1570.91,19,3,0,1,0,617,0,2,12.32,2.72,0
1120.41,12,2,2,0,0,607,0,1,17.2,13.37,1
4626.03,19,2,0,1,0,456,0,2,21.8,13.01,0
814.72,4,3,0,0,0,312,0,2,21.5,8.24,0
15252.48,6,4,4,0,1,964,0,1,20.85,4.57,1
2226.36,2,4,0,1,0,128,0,2,14.77,7.34,0
19988.2,16,1,1,0,0,138,0,1,16.54,4.39,0
1532.07,17,2,2,1,0,673,0,2,12.47,3.43,0
3236.31,6,3,2,0,0,191,0,2,18.29,6.63,0
13774.48,9,3,0,0,0,855,0,1,10.84,1.17,0
2593.07,13,3,1,1,0,411,0,1,19.32,2.12,0
4844.97,18,1,0,0,0,329,0,2,31.68,4.79,0
11467.72,7,2,1,0,0,352,0,5,26.19,6.83,0
2030.73,11,1,1,0,0,825,0,0,17.93,3.23,0
967.94,4,3,0,0,0,721,0,1,14.96,12.0,0
787.1,19,5,2,0,0,206,0,2,10.04,0.67,0
6718.39,20,0,1,0,0,197,0,1,25.43,6.35,0
5476.48,17,4,1,1,0,251,0,2,13.44,2.82,0
11100.51,19,3,0,0,0,366,0,1,8.91,9.68,0
2730.54,18,3,0,0,1,432,0,1,15.53,0.6,0
810.56,20,2,1,1,1,910,0,1,15.99,9.18,0
307.85,10,4,0,0,0,295,0,2,30.41,9.99,0
73965.99,4,3,0,0,0,607,0,1,8.36,4.52,0
6331.35,23,2,0,0,0,648,0,2,16.1,2.28,0
4203.33,0,2,0,0,0,468,0,0,23.15,8.31,0
4878.4,9,2,1,1,0,347,0,0,13.12,9.04,0
810.05,17,1,1,0,0,1016,0,2,15.85,7.2,0
1580.32,19,3,0,0,0,672,0,2,12.43,3.76,0
22708.55,16,1,0,1,0,415,0,0,33.74,4.81,0
7268.21,11,3,1,0,0,138,0,1,19.28,6.36,0
1633.08,22,5,0,0,0,84,1,0,20.79,12.36,1
1004.1,5,4,0,0,0,180,1,1,21.97,9.35,0
2118.62,3,2,0,0,1,424,0,0,9.74,4.2,0
2614.42,15,3,1,0,0,239,0,1,18.61,10.45,0
31307.2,7,2,2,0,0,142,0,0,15.47,1.41,0
2987.88,11,4,0,0,0,294,0,0,11.63,2.36,0
1044.16,10,1,1,0,0,169,0,1,28.71,11.92,0
3423.67,6,1,0,0,0,284,0,2,3.49,6.6,0
4805.69,23,2,0,0,0,1033,0,1,21.68,7.4,0
949.02,9,6,0,0,0,259,0,3,14.58,1.62,0
5554.0,16,3,1,0,0,679,0,0,14.52,16.69,0
12956.62,3,3,2,1,0,556,0,1,24.65,5.96,0
4211.63,23,1,2,0,0,619,0,0,17.81,14.2,1
1576.69,23,1,0,0,0,93,0,3,18.16,0.41,0
2089.51,1,2,0,0,0,909,0,0,16.42,9.57,0
637.93,15,2,1,0,0,538,0,1,13.87,3.34,0
3163.62,14,2,2,1,0,325,1,3,14.43,10.89,1
5045.84,4,1,0,0,0,511,0,1,17.59,3.89,0
1420.18,18,1,2,0,0,234,0,0,17.55,3.41,0
27908.46,18,0,0,0,0,82,0,1,17.35,11.01,0
8365.68,20,2,1,0,0,739,0,1,13.19,5.5,0
554.23,14,0,0,0,0,112,0,1,7.63,0.89,0
566.3,16,3,0,0,0,371,0,1,8.3,0.93,0
1295.66,17,1,1,1,0,366,0,1,8.14,4.08,0
18993.36,18,1,0,0,0,196,1,2,13.78,6.19,0
9278.62,14,2,1,0,0,642,0,1,21.02,12.3,0
20028.22,17,3,2,1,0,184,0,1,20.04,2.75,0
3680.19,1,2,0,0,0,514,0,2,31.69,9.2,0
2922.04,14,0,2,1,1,576,0,2,10.83,3.26,0
982.51,4,4,0,0,0,221,0,0,24.15,15.25,1
5256.22,9,3,2,0,0,332,0,1,20.12,2.25,0
2963.2,18,2,0,1,1,375,0,3,9.62,13.99,1
2845.78,2,2,0,1,0,162,1,1,21.71,0.75,0
19909.52,18,2,0,0,0,447,0,2,18.73,5.27,0
3188.6,6,5,0,0,0,1099,0,1,19.56,9.77,0
14728.37,18,1,2,0,0,569,0,2,15.19,8.53,0
687.13,18,1,0,0,0,54,0,1,18.17,1.69,0
61237.67,0,2,0,1,0,277,0,0,29.49,3.16,0
2460.37,5,5,1,0,0,568,0,3,9.82,4.13,0
7650.63,19,5,2,0,1,114,0,0,20.44,6.93,1
9041.56,8,2,0,0,1,213,0,0,22.01,4.24,0
2159.81,10,4,1,0,0,264,0,1,23.17,2.94,0
8603.99,0,2,0,0,0,993,0,1,25.22,7.27,0
9086.58,16,3,0,0,0,304,1,1,8.63,6.23,0
1721.93,2,4,1,0,0,400,0,1,29.36,2.34,0
1743.47,6,1,0,1,0,108,0,1,17.88,1.39,0
3818.34,11,4,3,0,0,849,0,0,14.48,6.16,0
3225.14,18,5,0,0,0,313,0,1,20.74,8.78,0
15721.53,11,3,1,1,0,188,0,0,17.59,0.41,0
7614.44,23,4,2,0,0,195,0,2,21.86,2.3,0
3381.43,12,1,1,0,0,468,0,1,10.36,7.65,0
6880.05,6,5,0,0,0,51,0,1,23.92,0.36,0
424.54,4,1,0,0,0,567,0,1,27.94,2.9,0
1908.21,18,4,2,0,0,112,0,2,27.88,2.79,0
4925.65,11,5,0,0,0,315,0,4,20.29,3.38,0
11744.42,14,1,0,0,1,280,0,2,16.15,1.93,0
4490.67,8,3,0,0,0,186,0,1,22.21,6.11,0
16833.92,6,3,1,0,0,1048,0,3,12.76,5.54,0
9057.4,14,2,1,0,0,803,0,2,12.26,21.42,1
2180.38,7,8,1,1,0,1502,1,3,15.28,3.11,1
3143.11,23,1,1,0,0,396,0,0,22.09,10.41,0
5590.6,17,1,1,0,0,254,0,2,27.75,2.4,0
2273.17,19,3,1,1,0,187,0,1,15.28,14.38,1
18175.95,6,4,2,1,0,250,0,4,22.21,7.2,1
1136.65,0,3,1,0,0,337,0,1,18.7,14.48,1
5074.14,1,2,2,1,0,619,0,2,22.29,2.25,0
7881.07,20,4,0,0,0,228,0,3,18.71,6.01,0
2619.87,20,3,0,1,0,254,0,1,15.05,11.35,0
2067.84,16,3,0,0,0,228,0,0,20.63,2.45,0
3361.41,14,4,1,1,0,93,0,1,14.58,10.45,0
8540.7,5,3,0,0,0,323,0,1,14.3,6.37,0
2154.17,18,1,0,0,0,40,1,3,15.15,4.78,0
1185.16,12,1,0,1,0,150,0,2,14.86,6.6,0
12186.87,14,3,1,0,0,498,1,1,12.26,7.97,0
5537.29,0,2,1,0,0,294,0,1,12.28,7.17,0
10490.76,12,4,1,1,0,269,0,0,14.38,11.4,0
8081.22,16,4,0,1,0,600,0,2,28.29,6.42,0
35914.05,18,1,0,0,0,338,0,2,28.46,11.85,0
11739.57,3,1,0,0,1,251,0,2,9.76,1.17,0
1702.27,0,0,1,0,0,513,1,1,17.47,8.51,1
5965.7,20,2,3,0,0,231,0,2,11.71,6.55,0
2027.66,7,4,1,0,0,92,0,3,24.18,3.87,0
2260.11,11,2,0,0,0,238,0,0,17.18,4.82,0
826.23,15,2,1,0,0,297,0,1,15.42,8.14,0
2696.15,11,3,1,1,0,561,0,0,20.73,0.78,0
6452.91,22,3,0,0,0,381,0,1,22.35,6.36,0
3397.1,20,3,0,0,0,713,0,4,16.13,3.74,0
1147.87,9,3,0,1,0,108,0,1,20.03,4.78,0
735.71,4,1,2,0,0,1621,0,4,10.24,3.03,0
33437.66,23,3,0,0,0,759,0,2,16.2,7.77,0
5122.61,16,5,1,1,1,354,0,2,16.2,1.63,0
1532.61,18,4,0,0,0,198,0,0,18.19,1.33,0
5912.79,11,1,0,0,0,221,0,3,20.93,9.51,0
36266.34,11,2,1,1,0,714,0,2,19.21,2.91,0
6984.76,4,3,0,1,0,284,0,1,16.06,1.61,0
195.11,10,9,0,0,0,234,0,1,12.68,4.63,0
58977.2,13,2,1,0,0,484,0,0,27.56,13.51,1
522.33,3,3,1,0,0,752,0,2,18.77,4.99,0
2932.73,15,3,1,0,0,381,0,1,18.92,8.98,0
1107.57,14,2,2,0,0,79,0,2,25.13,5.96,0
1674.04,20,2,0,0,0,262,0,0,21.93,2.67,0
4908.04,1,2,0,0,0,282,0,1,20.31,4.68,0
413.82,5,0,0,0,0,575,0,1,13.82,8.9,0
3311.78,10,6,1,1,0,616,0,3,28.1,1.37,0
12145.45,21,4,0,0,1,159,0,0,17.75,4.26,0
1502.07,5,4,2,0,0,385,0,0,23.01,5.33,0
845.73,23,5,0,0,0,389,0,2,13.62,14.39,0
3145.5,22,3,0,1,0,240,0,2,19.78,4.23,0
2552.28,2,1,1,0,0,56,0,2,9.88,11.01,0
1948.88,8,5,0,0,0,126,0,1,16.31,4.3,0
1045.49,6,5,1,0,0,711,0,1,11.32,2.16,0
6280.12,11,0,0,0,0,198,0,2,23.98,2.63,0
6802.37,22,0,3,0,0,264,0,0,11.08,6.14,0
1189.24,9,4,1,1,0,134,0,3,14.77,7.53,0
1375.24,15,3,0,0,0,553,0,1,19.37,7.85,0
4202.0,3,3,2,0,1,314,0,1,12.38,15.14,1
1321.84,13,3,1,1,0,128,0,0,13.56,5.41,0
4392.24,8,4,2,0,0,157,0,0,23.35,12.89,1
17008.17,22,1,2,0,0,223,0,2,20.4,10.95,0
3419.28,18,6,0,0,0,397,0,0,21.62,2.93,0
1018.11,5,0,1,0,0,191,0,0,29.42,7.67,0
5495.63,14,4,0,0,0,350,2,1,17.19,5.81,1
3021.36,8,0,1,0,0,427,0,3,21.49,3.99,0
3109.87,10,3,0,0,0,54,0,0,7.9,3.36,0
5997.45,11,1,1,0,0,569,0,2,22.51,7.83,0
7522.01,19,3,0,0,0,626,1,0,19.13,4.03,0
3779.24,6,7,0,0,0,347,0,1,16.3,5.92,0
3416.21,0,6,0,0,1,293,0,2,21.24,8.48,0
31784.01,4,4,1,0,0,294,0,0,19.39,7.71,0
12843.35,19,4,0,0,1,71,0,4,21.79,2.44,0
8736.14,7,1,0,0,1,513,0,2,30.05,1.64,0
4178.75,1,4,0,0,0,208,0,2,19.52,6.81,0
1266.45,9,5,1,0,0,809,0,3,18.13,5.81,0
11893.6,20,0,0,0,0,398,0,2,21.9,6.17,0
4236.57,20,3,1,0,0,576,0,1,23.28,2.45,0
1986.19,22,2,1,0,0,905,0,0,13.98,5.89,0
2820.59,16,2,3,0,0,517,0,2,12.92,10.86,1
1320.16,19,4,0,0,0,242,0,1,31.82,7.86,0
11050.11,18,1,1,0,0,227,0,1,19.49,6.11,0
7459.09,0,3,0,0,0,213,0,1,21.62,10.1,0
4405.96,10,3,0,0,0,424,0,1,17.45,1.28,0
3481.0,12,1,1,0,0,463,1,1,15.57,13.12,1
1781.65,11,5,3,1,0,155,0,2,19.11,6.4,1
388.94,19,3,1,0,0,438,0,1,19.45,5.06,0
825.86,23,4,0,1,0,729,0,2,17.98,4.54,0
1669.4,13,4,0,1,1,702,1,4,29.82,2.26,1
1425.65,2,5,2,1,1,658,0,1,14.95,3.21,1
4933.62,8,1,1,1,0,49,0,0,10.7,11.01,0
8536.18,4,0,1,0,0,910,0,3,3.48,5.6,0
3181.6,11,1,0,0,0,189,0,1,14.9,4.31,0
15984.31,5,1,1,0,0,131,0,0,18.16,14.03,0
1600.32,1,6,0,1,1,517,0,1,9.07,9.05,1
3157.97,4,6,0,0,0,746,0,2,28.82,10.54,0
3451.15,11,5,1,0,0,495,0,2,19.55,4.82,0
11462.04,3,2,0,0,0,322,0,0,11.37,5.09,0
4069.12,0,2,3,1,0,1294,0,2,21.09,1.97,0
4189.13,6,2,0,0,0,180,0,1,19.12,6.98,0
640.61,15,2,1,1,0,718,0,1,19.18,8.59,0
1415.3,15,1,1,0,0,261,0,1,24.63,6.23,0
11507.45,9,0,1,0,0,508,0,3,19.92,6.19,0
411.95,15,2,1,0,0,636,0,2,16.13,0.79,0
14915.29,4,4,0,0,0,713,0,0,27.63,6.48,0
6152.71,17,4,0,0,0,346,0,0,13.93,17.4,0
1660.88,0,3,1,0,0,806,0,1,20.12,3.12,0
1519.82,3,5,0,0,0,205,0,2,11.05,2.42,0
26655.56,22,3,0,0,1,294,0,1,17.12,3.51,0
16026.13,11,2,0,0,0,327,1,1,24.77,13.6,0
3211.8,13,0,0,0,0,230,0,1,28.44,9.45,0
4193.63,9,2,0,0,0,290,0,3,14.97,4.9,0
1847.35,15,2,1,0,0,188,0,2,24.92,17.99,1
4194.47,17,4,0,0,0,98,1,2,18.59,3.48,0
1794.36,18,4,0,0,0,186,0,2,15.15,0.28,0
3352.73,5,4,1,0,0,219,0,2,19.56,4.63,0
24363.61,15,0,0,0,0,429,0,1,21.52,3.65,0
3293.17,18,0,0,0,0,1325,1,2,9.31,8.87,0
1211.45,9,8,2,0,0,430,0,0,18.06,2.42,0
867.23,9,2,2,1,0,320,0,1,21.55,11.06,1
4160.85,15,3,3,0,0,252,0,1,10.94,2.84,0
1637.72,13,2,0,0,0,225,0,2,17.22,9.1,0
4717.02,6,3,2,0,0,52,0,4,2.0,7.9,0
664.82,22,1,1,0,0,292,0,1,14.07,2.0,0
7515.8,13,0,0,0,0,120,0,1,5.71,2.66,0
1196.11,13,1,0,0,0,1156,0,2,11.04,8.19,0
3822.32,4,1,2,1,0,329,0,1,8.97,11.83,1
2552.38,16,8,1,0,0,332,0,0,18.9,3.0,0
22121.57,22,1,1,0,0,276,0,6,19.21,10.47,0
4359.29,17,4,1,0,0,225,0,0,16.06,1.48,0
28078.11,12,4,0,0,0,1103,0,3,16.43,1.18,0
6560.22,15,6,0,0,0,735,0,5,27.56,2.62,0
16263.46,5,1,0,0,0,272,0,1,12.68,4.19,0
2924.16,1,0,1,0,0,172,0,2,27.09,5.18,0
5233.2,15,6,0,0,0,126,0,0,18.11,6.71,0
13089.63,4,0,2,1,0,362,1,0,21.3,4.63,1
9416.4,2,5,2,0,0,938,0,2,19.94,6.69,1
6358.47,18,4,2,0,1,923,0,0,23.69,4.37,0
2580.32,10,6,1,0,0,625,0,3,8.46,9.42,0
3081.85,20,2,2,0,0,141,0,0,24.08,2.36,0
12022.62,20,3,1,0,0,309,0,0,30.69,11.13,0
14961.07,2,1,1,0,0,339,0,4,20.78,5.36,0
1953.73,18,4,0,0,0,336,1,0,22.9,9.99,0
1667.45,8,1,1,0,0,355,1,0,11.73,4.99,0
1409.03,16,5,1,0,0,492,0,1,16.24,17.81,1
8700.93,1,0,1,0,0,210,0,1,17.46,9.55,0
1372.04,11,1,0,0,0,325,0,0,17.81,8.07,0
8591.11,15,4,0,0,0,142,0,0,21.04,5.53,0
6457.35,10,1,0,0,0,554,0,0,12.3,1.54,0
2054.22,13,0,0,0,0,427,0,1,18.06,6.93,0
18808.28,0,5,1,0,0,56,0,2,21.31,4.41,0
784.17,0,5,3,0,0,207,0,6,18.01,5.52,1
20795.86,14,2,0,1,0,119,0,1,24.69,10.28,0
5088.97,9,7,2,0,0,673,1,1,20.26,3.32,1
412.76,13,1,2,0,0,386,1,1,16.69,9.92,1
19369.86,8,2,0,0,0,290,0,0,22.29,0.6,0
10105.38,0,5,0,0,0,241,1,1,23.08,9.41,1
2322.45,16,1,0,0,1,441,0,1,24.87,2.39,0
1322.19,3,0,0,0,0,332,0,3,34.88,1.34,0
700.98,18,6,1,1,0,274,0,2,12.54,6.07,0
45991.8,0,3,0,0,0,947,0,0,15.48,4.55,0
1380.84,22,2,0,1,0,413,0,2,16.75,9.24,0
966.07,6,2,0,1,0,147,0,1,20.69,2.48,0
4823.79,21,5,1,0,0,395,0,0,16.67,11.98,0
652.11,0,1,0,1,0,383,0,1,21.52,3.58,0
1299.03,10,1,1,0,0,45,0,0,23.62,5.66,0
10349.75,10,3,2,0,0,362,0,2,8.39,6.58,0
5927.88,3,2,2,0,0,317,0,0,18.6,6.84,0
2426.76,11,8,0,1,0,650,0,2,11.59,5.59,0
3711.61,5,3,1,0,0,92,0,1,21.4,0.86,0
2287.94,10,1,0,0,0,103,0,3,17.15,11.85,0
3411.48,8,5,2,0,0,118,0,1,14.79,4.56,0
1636.14,4,5,1,0,0,482,0,2,3.0,3.43,0
1979.8,18,3,1,1,1,381,0,2,29.86,4.38,0
1917.52,12,1,0,0,0,80,0,1,21.79,5.42,0
1699.09,20,1,0,1,0,135,0,1,20.4,2.53,0
10895.52,19,3,1,0,1,146,1,0,9.26,10.63,1
8173.26,6,4,1,1,0,489,0,0,14.2,10.48,0
1367.88,6,1,0,1,0,383,0,0,17.86,11.74,0
1038.87,22,6,0,0,0,255,1,1,18.61,1.16,0
3086.71,7,4,0,0,0,289,0,3,24.01,7.5,0
34998.2,2,2,0,0,0,141,0,0,18.13,13.99,1
1237.58,13,3,1,1,0,604,0,1,18.92,4.32,0
3073.94,23,5,1,0,0,306,0,1,16.96,5.86,0
3996.43,5,4,0,0,0,330,0,0,14.07,13.42,0
3248.43,15,0,1,0,0,676,0,2,15.91,12.2,0
2250.44,8,0,0,1,0,633,0,3,13.43,6.89,0
12244.52,9,4,0,0,0,276,0,1,9.45,4.32,0
5867.49,10,3,1,1,0,238,0,0,24.8,16.54,1
8849.32,3,3,1,0,0,106,0,1,25.43,9.39,0
6760.48,9,1,1,0,0,504,1,1,28.03,13.23,1
9308.15,6,3,0,1,0,417,0,3,14.81,4.42,0
19218.45,19,3,1,0,0,304,0,1,17.26,3.58,0
14729.33,5,3,0,0,0,389,0,2,23.5,13.03,0
41816.41,20,4,1,0,0,343,0,1,22.25,0.44,0
13071.75,0,5,1,0,0,498,0,2,12.66,0.74,0
1802.77,9,0,0,0,0,629,0,1,18.46,7.83,0
8863.33,6,2,0,1,1,230,0,2,19.81,5.11,0
7676.79,10,4,2,1,0,130,0,2,21.65,10.6,1
27345.57,18,2,2,0,0,254,0,0,11.58,1.6,0
1318.81,22,6,1,1,0,1043,0,0,14.96,2.84,0
6541.02,17,3,1,0,1,311,0,1,24.47,21.48,1
1780.9,12,1,0,0,0,237,0,1,17.14,11.98,0
6236.49,12,5,2,0,0,364,0,2,16.33,3.65,0
2905.95,23,4,0,0,0,602,0,3,12.52,8.01,0
6023.61,23,3,1,0,0,185,0,0,15.65,2.8,0
828.11,18,2,0,0,0,486,0,0,18.75,0.5,0
8374.01,3,5,1,0,0,424,0,2,24.36,2.31,0
4520.43,6,6,2,0,0,388,0,2,14.93,16.61,1
4271.85,6,6,2,0,0,397,0,0,25.64,17.67,1
28218.69,5,8,0,0,0,263,0,4,16.05,11.47,1
2436.68,23,2,0,0,0,542,0,0,12.41,2.03,0
5215.44,3,0,0,0,0,61,0,0,21.91,6.62,0
4045.19,20,5,0,0,0,222,0,2,18.49,16.44,0
4482.52,19,6,0,0,0,265,0,0,15.6,3.95,0
37529.93,12,5,1,1,0,449,0,2,17.26,10.17,1
3893.24,7,2,2,0,0,343,1,1,26.96,14.56,1
2006.92,6,1,4,1,0,199,0,2,16.78,3.56,1
25963.52,16,2,1,0,0,913,0,0,19.45,8.59,0
2635.76,16,4,1,0,0,274,0,1,20.51,13.36,0
674.9,12,1,1,0,0,949,0,1,18.44,1.61,0
1672.57,13,2,1,0,0,112,0,1,18.01,5.83,0
983.47,19,3,1,0,0,228,0,1,9.14,4.12,0
550.06,18,4,0,0,0,337,0,0,10.24,12.6,0
2487.0,18,3,1,0,0,389,0,1,10.54,6.27,0
3382.17,6,5,0,0,0,137,0,2,12.21,9.12,0
12576.11,1,0,1,0,0,452,0,5,15.04,9.12,0
7050.63,11,3,0,0,0,631,0,1,8.74,17.38,0
6721.23,8,6,1,0,1,96,0,2,14.56,0.89,0
1425.29,8,2,0,0,0,297,0,2,23.67,9.52,0
9220.46,12,7,1,0,0,925,0,1,14.12,6.52,0
15690.25,22,1,0,0,0,418,1,1,16.88,3.31,0
5509.89,19,4,2,1,0,2500,0,2,22.06,4.98,0
5673.96,16,5,0,0,0,344,0,3,19.18,6.38,0
964.95,17,2,0,0,1,296,1,0,22.5,2.51,0
11016.59,9,2,1,0,0,125,0,0,28.13,2.62,0
23620.54,13,1,0,0,0,680,1,2,25.97,10.23,0
5110.74,10,6,0,0,0,13,0,1,12.99,1.4,0
1950.66,19,0,0,0,0,98,0,0,12.42,4.97,0
3071.45,23,2,0,0,0,668,1,2,26.61,2.13,0
2341.53,10,1,0,0,0,820,0,0,13.79,11.05,0
2493.71,17,3,1,1,0,643,0,4,22.81,1.57,0
7189.54,1,1,0,0,0,222,0,3,26.45,5.65,0
4882.62,9,4,1,1,0,260,0,2,14.51,5.51,0
10447.66,20,1,1,0,0,795,0,1,22.31,1.23,0
5374.64,16,3,0,0,0,828,0,4,16.43,11.19,0
1469.54,12,3,0,0,0,315,0,0,26.65,17.73,0
2152.26,5,3,0,0,0,24,0,1,7.06,10.43,0
2016.29,19,3,1,0,0,286,0,2,16.61,3.59,0
2993.52,23,3,1,0,0,168,0,1,17.11,4.13,0
23967.39,9,6,2,1,0,591,0,0,20.63,10.6,1
28357.44,19,2,0,0,0,98,0,1,19.4,5.91,0
8764.21,14,3,1,0,0,61,0,0,23.64,1.99,0
4124.51,9,3,2,0,0,186,0,2,14.04,10.14,0
871.54,7,5,1,0,0,57,1,0,20.25,5.03,0
4587.12,12,2,0,1,0,883,0,3,23.66,2.99,0
1588.42,9,2,1,0,0,327,0,2,25.04,7.46,0
20171.94,14,3,0,1,0,618,0,1,22.76,2.3,0
674.24,3,2,2,0,0,410,0,3,2.0,7.04,0
5451.84,11,6,0,0,0,323,0,0,15.69,3.94,0
1453.96,17,2,1,0,0,564,0,0,23.78,4.51,0
3604.75,20,3,2,1,0,734,0,1,13.16,3.26,0
7327.37,6,3,0,0,0,675,0,3,12.54,4.13,0
10647.36,14,1,0,1,0,751,1,0,3.08,4.4,0
3416.17,7,2,0,0,0,89,0,1,17.84,4.62,0
8097.23,18,3,0,1,0,1141,0,2,23.41,9.91,0
1816.03,8,2,2,1,1,194,0,1,27.62,25.0,1
4711.75,16,3,2,0,0,331,0,1,8.53,13.94,1
10428.71,10,3,0,1,0,252,0,1,13.81,7.02,0
5160.06,6,4,0,0,0,311,0,1,10.1,3.83,0
2088.47,13,2,0,0,0,728,0,0,17.18,14.28,0
2716.24,14,2,0,0,0,850,1,1,18.55,8.78,0
10577.02,16,5,1,0,0,1001,0,0,10.55,4.18,0
1156.97,18,5,1,0,0,586,0,3,18.35,2.16,0
1350.82,16,2,1,0,0,315,0,1,28.58,4.09,0
6847.7,20,5,0,0,0,138,0,3,20.22,12.87,0
2295.94,10,2,0,1,0,331,0,1,12.72,3.44,0
791.78,12,2,0,0,0,433,1,1,9.71,3.0,0
15038.36,11,3,1,0,0,391,0,0,16.65,6.59,0
1147.59,13,5,1,0,1,177,0,3,28.49,13.49,1
2953.06,3,2,0,0,0,589,0,4,18.63,2.63,0
1899.8,20,4,0,0,0,439,0,0,18.75,0.98,0
2663.6,12,2,1,0,0,521,1,2,8.63,5.36,0
1438.2,13,2,0,0,0,621,0,1,23.78,11.55,0
7707.84,21,4,0,0,0,175,0,1,20.82,8.5,0
4090.26,11,0,2,1,0,163,1,1,22.31,2.96,0
10227.51,11,4,1,0,0,138,0,1,16.4,2.27,0
1920.56,13,2,1,0,0,585,0,1,15.49,5.2,0
34189.47,22,4,1,0,0,853,0,1,21.36,14.03,1
492.81,6,4,1,0,1,619,0,3,15.97,2.78,0
689.25,3,0,3,0,0,503,0,2,14.45,8.22,1
22942.33,2,3,1,0,0,217,1,2,26.4,5.48,1
5989.38,17,2,2,0,0,242,0,1,15.79,5.13,0
5210.63,0,5,0,0,0,133,0,0,21.59,3.63,0
5726.38,16,4,1,0,0,308,0,1,13.72,0.24,0
6632.7,21,1,1,0,0,784,0,2,16.27,2.41,0
4987.83,16,5,0,0,0,601,0,1,21.55,5.39,0
1320.55,4,5,1,0,1,107,0,1,17.08,9.86,1
8596.41,15,0,0,0,0,172,0,2,19.28,2.6,0
7286.02,10,3,0,0,0,217,0,1,11.53,0.64,0
16315.2,0,0,0,0,0,412,0,1,3.04,4.55,0
23212.66,4,2,0,1,0,856,0,1,18.87,8.18,0
5151.28,17,1,1,0,0,858,0,2,20.37,8.41,0
1003.32,13,4,1,0,0,318,2,2,10.54,6.14,1
23415.4,11,5,2,1,0,210,0,0,13.45,8.35,1
1250.05,18,5,1,0,0,281,0,2,20.65,5.82,0
5191.94,12,2,3,0,1,1232,1,0,20.74,3.12,1
2780.62,23,1,1,1,0,824,0,2,19.8,5.43,0
2316.57,1,0,0,0,0,305,1,2,14.69,14.75,1
8123.49,6,4,3,0,0,815,0,0,16.07,0.52,0
4706.42,4,2,0,0,0,218,0,2,6.95,7.88,0
6241.05,9,3,1,1,0,325,0,3,15.11,2.03,0
1546.16,21,4,1,0,0,442,0,0,16.3,20.97,1
3032.74,9,4,0,0,0,482,1,4,20.6,10.77,0
1622.93,7,2,0,0,0,278,0,1,13.72,4.97,0
2954.18,2,2,0,1,0,94,0,1,24.67,0.58,0
3214.09,9,2,2,0,0,669,0,2,14.61,3.44,0
25248.43,5,1,0,0,0,269,0,1,19.35,6.78,0
2772.88,4,5,1,0,0,402,0,3,11.34,4.09,0
390.77,3,4,1,0,0,339,0,2,18.1,4.1,0
15753.95,15,5,2,0,0,596,0,2,25.18,1.11,0
5835.54,17,2,1,0,1,1038,1,3,25.66,1.94,1
3173.02,17,0,1,0,0,123,0,1,14.1,4.05,0
2300.6,1,6,0,0,0,280,0,4,13.15,5.37,0
1347.13,22,1,0,0,1,375,0,1,7.76,6.6,0
27860.09,12,2,0,0,0,289,0,1,13.1,5.05,0
3844.65,13,2,1,0,0,370,0,2,19.55,0.72,0
587.2,21,4,0,1,0,148,0,2,17.1,3.01,0
5136.5,6,1,2,0,0,494,0,1,21.32,2.19,0
12919.33,12,0,1,0,0,1244,0,1,8.79,2.33,0
4290.92,1,3,0,0,0,234,0,1,15.66,3.12,0
1412.8,11,3,1,1,0,457,0,0,23.62,5.05,0
1286.1,6,5,1,1,0,777,0,2,7.73,1.95,0
1389.66,4,0,0,0,0,461,0,1,11.04,0.89,0
17993.05,14,4,1,0,0,997,0,1,13.07,8.27,0
3377.03,3,5,0,1,0,418,0,2,15.38,3.25,0
624.74,23,3,0,0,0,219,0,2,21.27,3.89,0
5449.84,5,1,2,0,0,224,0,2,19.24,1.91,0
4222.1,1,2,1,0,0,445,0,1,24.21,1.95,0
2272.55,10,2,1,0,0,397,0,2,21.16,11.94,0
1247.1,9,3,1,1,0,1003,0,3,17.34,2.03,0
1191.43,15,7,1,0,0,319,0,0,24.15,5.26,0
11395.41,16,1,1,0,0,195,1,5,8.05,3.61,0
4721.53,14,2,0,1,0,514,0,0,11.11,1.84,0
6018.39,13,4,0,0,0,332,0,3,23.21,6.48,0
4707.9,18,2,1,0,0,315,0,2,34.09,3.92,0
5136.22,15,1,2,0,0,93,0,1,8.27,7.73,0
2226.5,3,4,1,1,0,560,0,3,25.35,0.58,0
2933.29,11,4,0,1,0,206,0,3,12.77,7.98,0
12371.58,16,4,1,0,0,377,1,1,2.0,4.63,0
16079.81,6,3,0,0,0,352,0,1,25.82,0.84,0
1009.09,20,0,0,0,0,294,0,5,31.2,8.3,0
2925.81,11,1,1,0,0,707,0,3,16.21,14.14,0
8788.94,7,3,1,0,0,168,0,2,14.92,8.96,0
26270.02,9,1,4,0,0,670,0,1,20.03,5.98,1
23648.56,14,2,0,0,0,538,0,1,23.5,2.61,0
1578.85,17,0,1,0,0,646,0,2,16.16,24.76,1
13888.25,6,2,1,0,0,168,0,3,18.85,0.87,0
3872.16,4,3,1,0,0,144,0,0,25.85,4.75,0
10901.3,2,4,1,0,1,196,0,0,14.92,8.9,1
8330.62,11,5,2,0,0,461,0,1,9.73,5.67,0
965.69,22,2,0,1,0,284,1,4,12.51,3.34,0
6486.46,23,1,2,0,0,273,0,3,10.75,8.73,0
10466.99,13,5,1,0,0,500,0,1,19.07,6.81,0
3564.71,12,3,2,0,0,668,1,1,20.99,6.18,1
2811.2,12,1,2,1,0,280,0,1,36.96,10.55,1
699.07,5,1,0,0,0,1009,0,3,18.57,5.3,0
7463.64,9,3,0,0,0,926,0,0,27.09,1.14,0
4533.21,22,5,1,0,0,200,0,3,20.05,13.65,1
1382.58,14,3,1,0,0,237,0,0,20.05,17.73,1
2586.0,5,4,3,0,0,490,0,3,20.91,0.9,0
4282.23,2,3,0,0,0,157,0,1,17.83,7.43,0
2025.22,18,2,1,0,0,108,0,0,12.66,3.46,0
3651.2,21,0,0,0,0,803,0,1,15.84,3.06,0
579.73,2,3,0,0,0,446,0,1,15.61,1.57,0
15016.32,9,2,1,1,0,792,1,0,20.77,1.73,0
3702.28,20,2,1,0,0,418,0,2,17.64,4.2,0
1147.89,6,3,1,0,0,312,0,1,18.03,2.27,0
275.15,4,1,0,0,0,541,0,1,18.76,2.06,0
10727.78,9,2,0,0,0,253,0,2,13.56,2.51,0
6541.99,9,4,0,1,0,488,0,4,16.05,6.43,0
4542.44,11,4,2,1,1,1049,0,2,18.55,8.81,1
9016.67,23,5,1,0,0,980,0,2,20.41,6.61,0
8990.68,23,0,4,0,0,531,1,1,22.82,10.46,1
4465.6,13,4,0,1,0,540,0,4,13.88,3.11,0
2787.99,1,4,2,0,0,160,0,0,15.11,8.28,0
2349.6,6,2,1,0,0,494,0,0,25.95,3.14,0
5664.59,4,1,0,0,0,716,0,0,29.17,4.06,0
15786.07,0,6,1,0,0,815,0,2,28.99,1.64,0
3268.06,9,1,1,0,0,469,0,2,11.38,2.65,0
17159.4,0,5,0,0,0,401,0,2,18.15,4.55,0
5387.36,13,2,0,0,0,61,1,2,16.43,3.67,0
5430.17,6,4,0,0,0,249,0,2,15.72,2.1,0
45495.33,17,4,0,0,0,391,0,2,14.91,2.4,0
20646.73,12,4,0,1,0,207,0,2,27.29,5.08,0
21216.61,22,5,1,0,0,52,0,1,18.21,6.6,0
1575.78,11,0,1,0,0,922,0,2,20.68,2.64,0
36380.62,3,0,2,0,0,189,0,2,26.21,4.86,0
3339.82,22,5,1,0,0,504,0,1,20.03,2.85,0
2867.32,7,2,0,0,0,195,0,1,16.26,4.46,0
377.21,18,2,0,1,0,152,0,2,9.78,5.04,0
5128.69,18,2,1,0,0,102,0,0,17.93,3.16,0
1167.33,22,4,1,0,0,260,0,0,25.07,4.54,0
5589.62,15,3,1,0,0,997,1,1,12.2,3.11,0
1075.3,12,2,2,0,0,599,0,0,11.33,7.05,0
24042.66,9,3,0,1,0,286,0,2,6.96,5.69,0
6497.37,10,0,1,0,0,415,0,5,7.59,1.7,0
39889.37,18,4,0,0,0,407,0,0,30.69,6.05,0
1243.67,13,1,0,1,0,848,0,3,31.62,1.97,0
18520.59,1,0,0,0,0,282,0,1,29.33,8.28,0
548.48,8,4,1,0,0,389,0,1,19.32,12.69,0
4530.01,21,3,0,0,0,180,0,0,21.59,2.45,0
1875.81,5,5,1,0,0,476,1,1,19.46,8.81,1
2274.8,11,4,1,0,0,657,0,4,25.0,2.97,0
2116.84,20,4,2,0,0,793,0,2,14.64,2.72,0
1393.46,6,1,0,0,0,834,0,3,15.36,4.88,0
970.03,16,3,0,0,0,224,0,3,11.51,8.92,0
2288.04,18,1,1,0,0,625,0,0,10.46,9.34,0
4112.68,7,2,1,1,0,378,0,1,24.43,2.0,0
12355.78,21,6,0,0,0,634,0,0,21.69,7.98,0
4964.75,10,1,1,0,0,277,0,2,18.02,2.83,0
12392.75,7,2,1,0,0,827,0,0,17.14,14.6,1
771.17,5,6,0,0,0,1008,0,1,25.78,5.16,0
2310.88,6,4,1,1,0,107,0,2,21.21,19.01,1
7681.39,13,3,1,0,0,286,1,1,14.43,3.87,0
5220.51,5,0,0,0,0,85,0,1,26.21,0.58,0
1474.05,8,1,1,0,0,477,0,3,17.41,16.3,1
9708.65,17,3,2,0,1,271,0,4,12.69,5.9,0
2084.25,21,4,0,1,0,746,0,1,24.72,15.17,0
1609.64,16,2,1,0,0,556,1,1,24.33,5.05,0
6071.1,12,2,1,0,0,662,0,0,11.23,3.95,0
3664.61,16,4,0,0,0,182,0,1,16.41,6.26,0
2102.63,9,3,1,0,0,623,0,0,10.33,2.99,0
2028.98,6,3,0,0,0,429,0,1,4.07,4.84,0
1184.07,17,2,0,0,0,229,0,1,15.27,8.73,0
2402.98,3,5,0,1,0,560,0,1,10.01,3.39,0
11556.58,21,4,0,1,0,377,1,1,24.72,5.85,0
4706.87,10,1,1,1,0,661,0,2,16.41,3.13,0
9961.91,19,1,0,1,0,117,0,2,11.6,13.51,0
6259.6,2,7,1,1,1,314,0,0,21.04,5.85,1
1914.37,11,4,0,0,0,209,0,0,23.17,1.66,0
644.45,10,1,0,0,0,168,0,1,17.43,3.74,0
1375.82,8,5,2,0,0,979,0,0,19.16,2.72,0
1799.39,12,4,0,0,0,235,0,1,21.44,7.63,0
1659.03,15,6,1,0,0,100,0,0,28.68,7.27,0
10199.26,22,2,0,0,0,440,0,1,18.6,5.3,0
10088.16,19,0,1,0,0,443,0,1,21.87,3.63,0
37140.88,5,4,0,0,0,247,0,0,25.33,5.38,0
1632.87,23,6,0,0,1,91,1,1,20.68,3.95,0
19483.45,11,3,1,0,1,575,0,3,21.28,0.79,0
19357.41,10,1,1,0,0,41,0,1,12.13,4.04,0
2852.99,0,3,0,0,0,225,0,1,10.6,4.11,0
5986.33,16,6,0,0,0,364,0,0,14.85,4.86,0
13396.78,21,5,0,0,0,1052,0,2,16.7,10.83,0
3422.51,7,2,1,0,0,37,0,2,22.11,1.57,0
3155.14,20,6,1,0,0,517,0,3,8.85,10.39,0
1884.27,2,5,0,0,0,73,0,1,14.9,6.15,0
305.5,23,0,1,1,0,184,0,5,33.07,6.64,0
3920.58,6,3,0,0,0,684,0,2,22.42,10.94,0
1727.86,11,6,1,0,0,93,0,1,26.53,9.14,0
1177.19,0,5,1,0,0,666,0,0,13.31,1.93,0
5672.02,21,2,3,0,0,291,0,1,13.54,8.66,0
793.24,12,1,1,0,0,264,0,2,12.13,8.54,0
8487.79,23,0,1,0,0,413,0,1,17.53,4.24,0
6049.79,8,1,1,0,1,347,0,1,20.91,5.8,0
2391.79,1,5,1,0,0,168,0,2,14.5,6.28,0
3406.78,16,2,0,0,0,493,0,1,13.36,1.55,0
1043.43,3,3,2,0,0,483,0,4,18.11,12.13,1
8005.27,14,3,0,0,0,163,0,2,8.72,12.14,0
4432.56,0,2,0,0,0,157,0,2,18.95,3.53,0
4793.15,4,4,1,0,0,925,0,0,19.46,2.41,0
6167.11,15,3,0,0,0,323,1,4,29.97,10.77,1
1854.67,16,1,3,1,0,1013,0,4,19.67,2.48,0
738.77,3,8,0,0,0,1055,0,2,2.0,6.11,0
9948.57,4,4,1,0,0,947,1,1,25.2,2.48,0
7503.72,20,7,2,0,0,969,0,1,24.73,2.8,0
2075.33,0,5,1,0,1,637,0,1,17.81,3.79,0
5594.65,5,2,0,0,0,454,0,3,21.91,13.2,0
13641.5,23,6,0,0,0,261,1,0,21.95,4.69,0
12035.74,13,1,1,0,0,208,0,4,14.45,2.14,0
2012.66,0,3,0,0,0,473,0,4,25.07,18.4,1
762.65,21,5,0,0,0,77,0,3,20.33,5.53,0
913.17,8,3,0,0,0,712,1,2,20.93,5.8,0
2624.61,17,3,0,0,0,300,0,1,9.29,2.07,0
16906.15,15,5,1,0,0,215,0,1,13.85,7.1,0
1694.48,8,4,0,0,1,274,0,2,15.27,4.03,0
1946.63,8,3,0,0,1,252,0,2,15.64,8.65,0
1905.01,13,4,0,0,0,59,0,1,15.71,5.96,0
2083.25,9,1,1,0,0,264,0,1,19.53,15.01,0
3598.28,4,2,1,1,0,291,0,3,24.28,2.76,0
949.51,17,1,1,0,0,416,1,1,20.3,3.33,0
11368.23,16,2,2,0,0,1067,0,1,21.72,4.64,0
3127.34,14,1,1,0,0,392,0,2,20.4,11.03,0
49172.57,17,6,1,1,0,351,0,1,20.06,7.3,1
1061.83,12,1,0,0,0,636,1,2,13.16,11.34,1
19328.95,22,5,0,1,0,166,0,0,16.55,3.52,0
15692.1,21,5,0,0,0,221,0,4,12.18,2.48,0
2363.11,23,4,0,0,0,205,0,2,22.41,1.93,0
2404.71,2,1,0,0,0,619,0,0,27.17,14.0,1
1383.87,2,1,1,0,0,271,0,1,20.08,19.79,1
1400.64,11,2,0,0,0,198,0,0,11.2,4.29,0
3638.63,16,7,1,0,0,858,0,2,19.14,13.31,1
3720.94,5,3,1,0,0,420,0,1,13.89,2.11,0
676.9,2,0,2,1,0,299,0,3,14.07,3.41,0
40464.51,0,4,0,0,0,314,0,0,15.86,6.95,0
2772.51,13,2,1,0,0,173,0,0,12.4,8.28,0
3900.63,23,1,0,1,0,211,0,3,17.03,20.26,1
1886.45,11,4,0,1,0,322,0,0,20.52,1.43,0
2750.78,17,6,0,0,0,368,0,0,19.16,7.71,0
2500.45,1,3,1,0,0,311,1,1,14.61,14.76,1
3629.76,5,3,0,0,0,347,0,5,20.55,6.18,0
3585.6,16,1,1,0,1,957,0,3,26.1,2.21,0
8476.98,9,2,3,0,0,346,0,1,9.64,7.85,0
4621.99,0,3,1,0,0,518,0,0,17.35,11.72,0
7627.36,5,1,1,0,1,279,0,1,18.53,4.78,0
3603.64,19,3,0,0,0,470,0,3,19.05,4.21,0
4641.6,16,1,0,0,0,936,1,1,27.57,4.23,0
2826.03,19,1,2,0,1,350,0,2,11.89,11.06,1
10438.62,8,3,0,0,0,222,0,1,15.0,1.77,0
5108.97,22,2,0,1,0,390,0,1,22.35,5.09,0
3084.12,22,1,0,0,0,38,0,1,14.65,12.65,0
2989.0,8,6,2,0,0,602,1,2,19.61,9.51,1
3246.39,4,6,1,0,0,218,0,1,11.4,2.34,0
3759.22,23,4,1,0,0,648,0,4,10.94,5.43,0
3431.73,8,2,1,1,0,687,0,1,16.54,2.18,0
2024.78,11,4,1,0,0,856,0,2,25.17,7.28,0
8128.61,22,3,0,0,1,682,1,1,22.23,10.48,1
8686.1,6,3,1,0,0,1187,0,0,23.77,3.89,0
23695.72,21,11,2,0,0,892,0,2,5.0,2.13,1
1931.76,3,6,1,1,0,260,0,0,18.69,10.46,1
7330.22,7,4,2,0,0,388,0,4,20.03,3.49,0
490.49,9,6,1,1,0,386,0,0,9.45,8.79,1
8694.93,11,3,1,0,0,464,0,2,24.5,0.43,0
788.86,5,4,0,0,0,654,0,1,21.98,7.62,0
1295.24,21,2,1,1,0,381,0,1,19.13,5.75,0
5160.75,15,2,2,0,0,326,0,2,27.22,3.9,0
1895.86,16,6,0,0,0,241,1,0,26.58,2.78,0
1642.1,17,2,1,0,0,205,0,1,18.27,8.57,0
2188.44,15,2,0,0,0,451,1,2,25.71,9.82,0
7833.05,15,1,1,0,0,74,0,1,16.65,3.01,0
1367.12,15,2,1,0,0,306,0,0,18.28,9.9,0
3439.69,17,3,1,1,0,405,0,1,16.9,9.69,0
2446.49,22,3,0,0,0,218,0,0,24.83,4.29,0
8611.77,4,4,2,0,0,163,0,3,18.36,11.69,1
8869.0,12,2,0,0,0,181,0,1,12.02,4.49,0
530.04,4,2,0,0,0,213,0,1,25.71,5.81,0
10909.23,4,0,1,1,0,205,0,2,17.43,3.65,0
1917.36,22,5,0,0,1,303,0,1,16.83,5.08,0
4666.23,11,4,1,1,0,423,0,2,8.43,13.38,1
1358.51,16,4,1,0,0,436,1,2,14.88,1.7,0
5375.95,17,3,0,0,0,473,0,1,18.48,6.41,0
53046.09,0,2,0,1,0,300,0,1,27.32,5.09,0
4161.05,11,2,4,1,1,328,0,3,25.41,4.39,1
2246.57,4,1,2,0,0,699,0,0,23.99,7.71,0
2853.3,7,2,0,0,0,1028,0,1,4.11,2.52,0
778.62,4,3,1,0,0,996,0,2,16.74,3.77,0
16670.76,15,1,0,1,0,239,0,2,15.82,3.98,0
5056.99,3,0,1,0,0,585,0,2,24.64,4.8,0
1210.34,10,1,0,0,0,144,0,1,16.78,2.38,0
1252.46,7,4,2,0,1,210,0,1,15.56,12.68,1
3699.85,23,5,0,0,0,389,0,1,11.33,4.6,0
9687.53,18,4,0,0,0,107,0,5,14.56,4.93,0
1087.31,8,3,1,0,0,44,0,1,2.0,6.73,0
11720.33,7,2,0,0,0,307,0,2,9.1,11.36,0
3306.96,17,4,0,0,0,310,0,2,22.06,1.63,0
1370.93,15,2,0,0,0,639,0,0,21.11,7.55,0
2228.15,13,1,0,0,0,503,1,1,14.73,5.18,0
22833.44,1,4,0,0,1,550,0,2,14.62,8.51,0
847.57,1,5,0,0,0,658,0,0,26.23,5.67,0
1688.36,15,1,0,0,0,170,0,2,26.01,1.41,0
9899.24,11,2,1,0,0,555,0,2,17.07,4.18,0
4570.05,19,2,0,0,0,417,0,1,28.73,3.73,0
1586.36,0,5,0,0,0,406,0,2,15.15,4.99,0
10026.96,4,7,0,0,0,462,0,2,26.85,8.23,0
10539.76,18,2,0,0,0,153,0,0,18.36,7.75,0
5156.23,23,1,2,0,0,225,0,2,26.69,4.32,0
1914.06,17,1,0,0,0,46,0,1,8.73,2.31,0
2250.21,0,3,0,1,0,166,0,3,22.36,11.65,0
4909.41,1,5,5,0,0,420,0,4,15.57,13.42,1
918.25,21,2,1,0,0,717,0,2,23.27,10.16,0
14679.01,11,5,1,0,0,646,0,1,22.87,7.47,0
21703.3,11,1,2,0,0,1169,0,2,20.07,5.7,0
2841.95,23,4,1,1,0,419,0,0,28.27,5.76,0
5291.78,5,5,1,0,0,731,0,1,15.97,3.84,0
12645.95,6,3,1,0,0,498,0,3,22.59,4.52,0
28377.13,16,3,2,1,0,1095,0,3,17.15,14.4,1
18672.93,21,3,0,0,0,415,0,1,18.72,7.28,0
588.56,8,3,2,0,0,190,1,3,18.51,5.64,1
2614.08,3,5,0,0,0,725,0,6,11.77,3.82,0
6159.33,1,2,0,0,0,197,1,2,18.22,3.01,0
2166.94,0,4,2,1,1,34,1,0,17.64,12.11,1
23668.61,8,4,0,0,0,146,0,3,18.22,11.89,0
20147.67,12,5,0,0,1,935,0,0,21.49,2.36,0
1545.76,11,2,0,1,0,250,0,2,12.82,7.62,0
3070.14,5,6,0,0,0,175,0,1,17.93,4.96,0
1657.34,16,2,0,0,0,662,0,4,21.19,6.18,0
2966.43,21,4,0,0,0,219,0,1,19.85,5.18,0
2873.53,5,5,0,0,0,678,1,0,18.69,6.7,0
9916.65,16,6,1,0,0,263,0,1,26.25,7.03,0
1432.41,13,2,0,1,0,79,0,0,14.65,3.09,0
233.32,16,3,1,1,0,460,0,3,21.57,4.07,0
675.35,0,5,1,0,0,1818,0,3,20.73,3.84,0
1236.8,16,3,1,0,0,512,0,2,15.65,1.09,0
1829.0,17,2,1,0,0,183,1,3,4.52,3.65,0
4431.68,16,6,0,0,0,465,0,0,8.64,6.5,0
1171.71,20,3,3,1,0,320,0,2,13.97,1.62,0
1020.8,17,2,0,0,0,221,0,1,20.67,10.67,0
1372.08,23,3,0,0,0,211,0,2,21.1,2.09,0
1128.41,16,4,1,0,0,322,0,1,17.83,2.49,0
2034.04,10,2,2,0,0,247,0,3,20.62,8.35,0
1944.67,20,5,1,0,0,489,0,2,16.49,3.66,0
7506.39,16,0,0,0,0,47,0,3,15.23,2.67,0
1288.19,13,3,0,0,0,239,0,0,15.93,11.5,0
2501.19,13,1,1,0,0,542,0,4,14.09,6.14,0
2054.37,8,1,0,0,0,192,0,0,18.4,8.85,0
8512.83,14,3,0,0,0,168,0,4,16.81,6.51,0
3096.44,11,0,1,1,0,531,0,0,25.95,1.51,0
10973.42,3,2,1,0,0,211,0,2,10.85,6.93,0
1085.73,10,4,3,0,1,449,0,2,22.21,11.44,1
3457.03,22,4,1,0,0,69,1,0,17.13,5.33,0
1988.86,7,2,1,1,0,699,0,2,8.84,2.28,0
1004.91,16,1,0,1,0,808,0,2,14.4,1.17,0
3391.79,9,5,1,0,0,1205,0,1,23.26,7.84,0
22461.86,6,3,2,0,0,633,0,0,15.0,9.42,0
1486.9,9,3,0,0,0,219,0,1,4.0,5.06,0
3184.89,23,1,2,0,0,213,0,2,26.23,11.86,0
917.96,2,3,0,0,0,604,0,2,22.37,2.23,0
786.67,16,3,0,0,1,540,0,4,11.29,3.94,0
1593.02,19,2,0,1,0,230,0,2,9.63,13.03,0
2269.96,4,4,1,0,0,184,0,2,13.76,2.82,0
2378.29,18,3,1,0,0,269,0,1,20.96,9.65,0
2871.74,15,4,0,0,0,242,0,0,23.88,13.62,0
645.0,8,4,1,0,0,396,0,2,8.42,11.51,0
1887.02,4,2,0,1,0,133,0,1,20.24,5.49,0
6166.25,22,5,1,1,0,716,0,1,15.12,1.11,0
874.67,4,2,0,0,0,184,0,3,23.99,6.3,0
2507.64,22,3,0,0,0,186,0,0,29.66,4.19,0
4951.7,15,3,0,0,0,1040,0,1,11.41,6.47,0
1601.38,20,3,1,0,0,522,0,3,25.49,2.89,0
5211.38,7,2,0,0,0,175,0,3,18.25,7.02,0
737.17,0,0,2,0,0,289,0,2,26.55,9.48,1
9254.56,15,4,1,0,0,304,0,0,21.51,5.74,0
5345.93,8,6,0,0,0,748,1,3,19.71,8.71,1
3860.1,13,1,1,1,0,394,0,2,9.98,3.59,0
11861.57,10,4,1,0,0,216,0,1,18.77,4.95,0
2576.49,7,2,0,0,0,535,0,0,24.92,4.64,0
1903.12,17,4,0,0,0,1166,0,1,15.66,4.14,0
15385.36,12,4,0,0,0,620,0,1,11.67,1.92,0
25154.8,15,0,2,0,0,1232,0,1,18.7,6.53,0
1757.93,16,3,0,0,0,1061,0,3,21.9,8.05,0
3231.07,16,2,1,0,0,302,0,2,24.35,6.75,0
10908.47,7,1,0,1,0,143,0,1,26.46,8.65,0
3354.13,18,6,0,0,0,116,0,3,11.08,17.35,1
6797.55,5,3,1,0,0,358,0,0,19.57,8.48,0
8262.01,22,2,1,0,1,646,0,2,18.78,3.57,0
2017.43,19,4,0,0,0,664,0,0,20.56,2.59,0
5654.68,13,1,0,0,1,677,0,2,14.08,4.46,0
3617.35,4,3,0,0,0,564,0,3,17.54,1.85,0
1014.64,21,1,0,0,0,140,0,0,11.78,3.91,0
1288.02,13,3,0,0,0,502,0,2,23.09,4.46,0
1835.3,19,2,2,0,0,744,0,2,6.78,2.91,0
